Order_ID,Order_Date,Customer_ID,Product,Category,Region,Quantity,Unit_Price,Discount,Sales,Cost,Channel,Order_Type,Profit,Profit_Margin
ORD00001,2025-11-24,CUST1302,Keyboard,Accessories,North,2.0,1500,0.05,2850.0,1700,Website,Sale,1150.0,0.40350877192982454
ORD00002,2025-04-22,CUST1112,Laptop,Electronics,East,5.0,55000,0.05,261250.0,180000,Website,Sale,81250.0,0.31100478468899523
ORD00003,2025-03-23,CUST1047,Headphones,Accessories,East,3.0,2500,0.05,7125.0,4050,Marketplace,Sale,3075.0,0.43157894736842106
ORD00004,2025-11-06,CUST1040,Laptop,Electronics,East,6.0,55000,0.15,280500.0,216000,App,Sale,64500.0,0.22994652406417113
ORD00005,2025-05-07,CUST1443,Monitor,Electronics,East,1.0,12000,0.05,11400.0,7600,Website,Sale,3800.0,0.3333333333333333
ORD00006,2025-11-22,CUST1311,Headphones,Accessories,North,3.0,2500,0.05,7125.0,4050,App,Sale,3075.0,0.43157894736842106
ORD00007,2025-03-25,CUST1117,Keyboard,Accessories,East,6.0,1500,0.2,7200.0,5100,Marketplace,Sale,2100.0,0.2916666666666667
ORD00008,2025-07-25,CUST1073,Mouse,Accessories,South,5.0,800,0.1,3600.0,2100,App,Sale,1500.0,0.4166666666666667
ORD00009,2025-03-10,CUST1260,Webcam,Accessories,East,5.0,3200,0.15,13600.0,9500,Website,Sale,4100.0,0.3014705882352941
ORD00010,2025-02-26,CUST1270,Smartphone,Electronics,North,6.0,28000,0.15,142800.0,123000,Website,Sale,19800.0,0.13865546218487396
ORD00011,2025-12-15,CUST1001,Keyboard,Accessories,South,6.0,1500,0.1,8100.0,5100,Marketplace,Sale,3000.0,0.37037037037037035
ORD00012,2025-09-14,CUST1078,Monitor,Electronics,South,6.0,12000,0.1,64800.0,45600,App,Sale,19200.0,0.2962962962962963
ORD00013,2025-09-29,CUST1122,Headphones,Accessories,North,4.0,2500,0.0,10000.0,5400,Website,Sale,4600.0,0.46
ORD00014,2025-02-13,CUST1135,Monitor,Electronics,North,5.0,12000,0.05,57000.0,38000,Website,Sale,19000.0,0.3333333333333333
ORD00015,2025-04-19,CUST1224,Mouse,Accessories,West,6.0,800,0.1,4320.0,2520,Website,Sale,1800.0,0.4166666666666667
ORD00016,2025-05-07,CUST1036,Headphones,Accessories,North,1.0,2500,0.2,2000.0,1350,App,Sale,650.0,0.325
ORD00017,2025-04-02,CUST1276,Headphones,Accessories,North,1.0,2500,0.2,2000.0,1350,App,Sale,650.0,0.325
ORD00018,2025-08-31,CUST1216,Tablet,Electronics,East,4.0,22000,0.05,83600.0,62000,Website,Sale,21600.0,0.2583732057416268
ORD00019,2025-12-11,CUST1127,Monitor,Electronics,North,1.0,12000,0.15,10200.0,7600,Website,Sale,2600.0,0.2549019607843137
ORD00020,2025-03-13,CUST1025,Keyboard,Accessories,North,4.0,1500,0.05,5700.0,3400,Website,Sale,2300.0,0.40350877192982454
ORD00021,2025-02-17,CUST1084,Webcam,Accessories,West,4.0,3200,0.15,10880.0,7600,Marketplace,Sale,3280.0,0.3014705882352941
ORD00022,2025-08-21,CUST1382,Tablet,Electronics,North,2.0,22000,0.05,41800.0,31000,App,Sale,10800.0,0.2583732057416268
ORD00023,2025-09-02,CUST1345,Smartphone,Electronics,West,1.0,28000,0.2,22400.0,20500,Website,Sale,1900.0,0.08482142857142858
ORD00024,2025-10-19,CUST1133,Laptop,Electronics,South,5.0,55000,0.0,275000.0,180000,Marketplace,Sale,95000.0,0.34545454545454546
ORD00025,2025-05-03,CUST1004,Smartphone,Electronics,North,6.0,28000,0.1,151200.0,123000,Website,Sale,28200.0,0.1865079365079365
ORD00026,2025-02-07,CUST1145,Keyboard,Accessories,East,2.0,1500,0.1,2700.0,1700,App,Sale,1000.0,0.37037037037037035
ORD00027,2025-12-27,CUST1135,Laptop,Electronics,North,6.0,55000,0.2,264000.0,216000,App,Sale,48000.0,0.18181818181818182
ORD00028,2025-03-21,CUST1258,Mouse,Accessories,East,6.0,800,0.1,4320.0,2520,Website,Sale,1800.0,0.4166666666666667
ORD00029,2025-02-17,CUST1082,Keyboard,Accessories,North,1.0,1500,0.0,1500.0,850,Website,Sale,650.0,0.43333333333333335
ORD00030,2025-10-15,CUST1220,Monitor,Electronics,East,6.0,12000,0.05,68400.0,45600,Marketplace,Sale,22800.0,0.3333333333333333
ORD00031,2025-01-21,CUST1317,Mouse,Accessories,South,6.0,800,0.0,4800.0,2520,App,Sale,2280.0,0.475
ORD00032,2025-01-04,CUST1136,Smartphone,Electronics,South,6.0,28000,0.1,151200.0,123000,Website,Sale,28200.0,0.1865079365079365
ORD00033,2025-07-15,CUST1420,Tablet,Electronics,South,2.0,22000,0.05,41800.0,31000,App,Sale,10800.0,0.2583732057416268
ORD00034,2025-01-13,CUST1179,Webcam,Accessories,West,3.0,3200,0.1,8640.0,5700,App,Sale,2940.0,0.3402777777777778
ORD00035,2025-06-19,CUST1305,Keyboard,Accessories,South,2.0,1500,0.2,2400.0,1700,Marketplace,Sale,700.0,0.2916666666666667
ORD00036,2025-08-12,CUST1000,Monitor,Electronics,East,4.0,12000,0.2,38400.0,30400,App,Sale,8000.0,0.20833333333333334
ORD00037,2025-12-18,CUST1319,Mouse,Accessories,East,3.0,800,0.15,2040.0,1260,Website,Sale,780.0,0.38235294117647056
ORD00038,2025-03-06,CUST1215,Webcam,Accessories,West,3.0,3200,0.15,8160.0,5700,App,Sale,2460.0,0.3014705882352941
ORD00039,2025-11-12,CUST1238,Webcam,Accessories,South,5.0,3200,0.0,16000.0,9500,App,Sale,6500.0,0.40625
ORD00040,2025-09-19,CUST1047,Smartphone,Electronics,East,6.0,28000,0.0,168000.0,123000,App,Sale,45000.0,0.26785714285714285
ORD00041,2025-12-11,CUST1233,Mouse,Accessories,South,2.0,800,0.0,1600.0,840,App,Sale,760.0,0.475
ORD00042,2025-04-10,CUST1384,Webcam,Accessories,North,4.0,3200,0.15,10880.0,7600,Website,Sale,3280.0,0.3014705882352941
ORD00043,2025-04-23,CUST1068,Tablet,Electronics,South,1.0,22000,0.2,17600.0,15500,App,Sale,2100.0,0.11931818181818182
ORD00044,2025-10-14,CUST1081,Tablet,Electronics,West,5.0,22000,0.2,88000.0,77500,Website,Sale,10500.0,0.11931818181818182
ORD00045,2025-05-13,CUST1365,Keyboard,Accessories,East,5.0,1500,0.15,6375.0,4250,Marketplace,Sale,2125.0,0.3333333333333333
ORD00046,2025-06-13,CUST1032,Smartphone,Electronics,East,2.0,28000,0.05,53200.0,41000,App,Sale,12200.0,0.22932330827067668
ORD00047,2025-08-27,CUST1438,Mouse,Accessories,North,4.0,800,0.15,2720.0,1680,Website,Sale,1040.0,0.38235294117647056
ORD00048,2025-02-09,CUST1249,Keyboard,Accessories,West,4.0,1500,0.15,5100.0,3400,Website,Sale,1700.0,0.3333333333333333
ORD00049,2025-01-15,CUST1201,Webcam,Accessories,South,6.0,3200,0.05,18240.0,11400,Website,Sale,6840.0,0.375
ORD00050,2025-12-02,CUST1232,Smartphone,Electronics,East,4.0,28000,0.05,106400.0,82000,Website,Sale,24400.0,0.22932330827067668
ORD00051,2025-05-23,CUST1114,Monitor,Electronics,East,4.0,12000,0.0,48000.0,30400,Website,Sale,17600.0,0.36666666666666664
ORD00052,2025-01-16,CUST1288,Laptop,Electronics,West,5.0,55000,0.05,261250.0,180000,Marketplace,Sale,81250.0,0.31100478468899523
ORD00053,2025-07-08,CUST1294,Monitor,Electronics,West,2.0,12000,0.1,21600.0,15200,Website,Sale,6400.0,0.2962962962962963
ORD00054,2025-04-12,CUST1407,Mouse,Accessories,East,1.0,800,0.1,720.0,420,Website,Sale,300.0,0.4166666666666667
ORD00055,2025-06-27,CUST1054,Headphones,Accessories,East,-2.0,2500,0.2,-4000.0,-2700,Website,Return,-1300.0,
ORD00056,2025-12-29,CUST1238,Smartphone,Electronics,South,6.0,28000,0.2,134400.0,123000,App,Sale,11400.0,0.08482142857142858
ORD00057,2025-05-18,CUST1291,Mouse,Accessories,West,1.0,800,0.1,720.0,420,Marketplace,Sale,300.0,0.4166666666666667
ORD00058,2025-01-15,CUST1143,Headphones,Accessories,South,2.0,2500,0.15,4250.0,2700,Marketplace,Sale,1550.0,0.36470588235294116
ORD00059,2025-12-10,CUST1353,Mouse,Accessories,South,1.0,800,0.05,760.0,420,Website,Sale,340.0,0.4473684210526316
ORD00060,2025-08-18,CUST1242,Keyboard,Accessories,East,2.0,1500,0.15,2550.0,1700,Website,Sale,850.0,0.3333333333333333
ORD00061,2025-09-10,CUST1161,Tablet,Electronics,North,3.0,22000,0.1,59400.0,46500,App,Sale,12900.0,0.21717171717171718
ORD00062,2025-04-09,CUST1051,Tablet,Electronics,East,3.0,22000,0.2,52800.0,46500,App,Sale,6300.0,0.11931818181818182
ORD00063,2025-07-04,CUST1283,Laptop,Electronics,South,6.0,55000,0.2,264000.0,216000,Website,Sale,48000.0,0.18181818181818182
ORD00064,2025-02-22,CUST1129,Keyboard,Accessories,West,4.0,1500,0.15,5100.0,3400,Website,Sale,1700.0,0.3333333333333333
ORD00065,2025-02-03,CUST1043,Monitor,Electronics,North,5.0,12000,0.0,60000.0,38000,App,Sale,22000.0,0.36666666666666664
ORD00066,2025-08-02,CUST1156,Mouse,Accessories,North,5.0,800,0.15,3400.0,2100,App,Sale,1300.0,0.38235294117647056
ORD00067,2025-02-20,CUST1080,Mouse,Accessories,West,3.0,800,0.0,2400.0,1260,App,Sale,1140.0,0.475
ORD00068,2025-08-29,CUST1135,Mouse,Accessories,South,3.0,800,0.1,2160.0,1260,App,Sale,900.0,0.4166666666666667
ORD00069,2025-05-12,CUST1036,Monitor,Electronics,East,5.0,12000,0.05,57000.0,38000,Marketplace,Sale,19000.0,0.3333333333333333
ORD00070,2025-11-01,CUST1139,Keyboard,Accessories,West,4.0,1500,0.0,6000.0,3400,Website,Sale,2600.0,0.43333333333333335
ORD00071,2025-11-02,CUST1345,Webcam,Accessories,North,6.0,3200,0.1,17280.0,11400,App,Sale,5880.0,0.3402777777777778
ORD00072,2025-01-11,CUST1142,Keyboard,Accessories,North,5.0,1500,0.0,7500.0,4250,Website,Sale,3250.0,0.43333333333333335
ORD00073,2025-11-22,CUST1168,Tablet,Electronics,West,3.0,22000,0.15,56100.0,46500,Marketplace,Sale,9600.0,0.1711229946524064
ORD00074,2025-12-06,CUST1442,Laptop,Electronics,North,4.0,55000,0.0,220000.0,144000,App,Sale,76000.0,0.34545454545454546
ORD00075,2025-08-25,CUST1389,Mouse,Accessories,East,5.0,800,0.1,3600.0,2100,App,Sale,1500.0,0.4166666666666667
ORD00076,2025-09-03,CUST1363,Tablet,Electronics,North,1.0,22000,0.0,22000.0,15500,Website,Sale,6500.0,0.29545454545454547
ORD00077,2025-10-10,CUST1255,Mouse,Accessories,East,1.0,800,0.15,680.0,420,App,Sale,260.0,0.38235294117647056
ORD00078,2025-12-28,CUST1306,Tablet,Electronics,South,4.0,22000,0.05,83600.0,62000,Website,Sale,21600.0,0.2583732057416268
ORD00079,2025-05-22,CUST1443,Keyboard,Accessories,North,1.0,1500,0.1,1350.0,850,Website,Sale,500.0,0.37037037037037035
ORD00080,2025-06-26,CUST1292,Webcam,Accessories,East,4.0,3200,0.1,11520.0,7600,Website,Sale,3920.0,0.3402777777777778
ORD00081,2025-01-23,CUST1253,Tablet,Electronics,South,6.0,22000,0.15,112200.0,93000,App,Sale,19200.0,0.1711229946524064
ORD00082,2025-10-30,CUST1209,Monitor,Electronics,South,4.0,12000,0.0,48000.0,30400,Website,Sale,17600.0,0.36666666666666664
ORD00083,2025-08-29,CUST1162,Webcam,Accessories,East,6.0,3200,0.0,19200.0,11400,Website,Sale,7800.0,0.40625
ORD00084,2025-10-05,CUST1050,Monitor,Electronics,South,2.0,12000,0.1,21600.0,15200,Website,Sale,6400.0,0.2962962962962963
ORD00085,2025-08-16,CUST1191,Keyboard,Accessories,South,1.0,1500,0.0,1500.0,850,App,Sale,650.0,0.43333333333333335
ORD00086,2025-07-30,CUST1254,Smartphone,Electronics,South,2.0,28000,0.05,53200.0,41000,App,Sale,12200.0,0.22932330827067668
ORD00087,2025-08-25,CUST1346,Tablet,Electronics,North,3.0,22000,0.0,66000.0,46500,Website,Sale,19500.0,0.29545454545454547
ORD00088,2025-06-26,CUST1436,Webcam,Accessories,UNKNOWN,6.0,3200,0.1,17280.0,11400,Website,Sale,5880.0,0.3402777777777778
ORD00089,2025-10-20,CUST1140,Keyboard,Accessories,East,6.0,1500,0.1,8100.0,5100,Website,Sale,3000.0,0.37037037037037035
ORD00090,2025-07-11,CUST1317,Keyboard,Accessories,East,2.0,1500,0.2,2400.0,1700,App,Sale,700.0,0.2916666666666667
ORD00091,2025-11-18,CUST1046,Laptop,Electronics,East,3.0,55000,0.15,140250.0,108000,Website,Sale,32250.0,0.22994652406417113
ORD00092,2025-03-31,CUST1422,Headphones,Accessories,East,5.0,2500,0.2,10000.0,6750,Marketplace,Sale,3250.0,0.325
ORD00093,2025-06-23,CUST1433,Monitor,Electronics,East,2.0,12000,0.05,22800.0,15200,Website,Sale,7600.0,0.3333333333333333
ORD00094,2025-07-22,CUST1421,Monitor,Electronics,East,4.0,12000,0.1,43200.0,30400,Website,Sale,12800.0,0.2962962962962963
ORD00095,2025-12-12,CUST1325,Laptop,Electronics,South,5.0,55000,0.2,220000.0,180000,Marketplace,Sale,40000.0,0.18181818181818182
ORD00096,2025-11-29,CUST1120,Smartphone,Electronics,South,1.0,28000,0.0,28000.0,20500,Website,Sale,7500.0,0.26785714285714285
ORD00097,2025-08-21,CUST1315,Webcam,Accessories,East,5.0,3200,0.05,15200.0,9500,Website,Sale,5700.0,0.375
ORD00098,2025-12-20,CUST1278,Tablet,Electronics,South,4.0,22000,0.05,83600.0,62000,Marketplace,Sale,21600.0,0.2583732057416268
ORD00099,2025-02-01,CUST1025,Mouse,Accessories,South,1.0,800,0.15,680.0,420,App,Sale,260.0,0.38235294117647056
ORD00100,2025-10-17,CUST1403,Mouse,Accessories,North,5.0,800,0.05,3800.0,2100,Marketplace,Sale,1700.0,0.4473684210526316
ORD00101,2025-03-16,CUST1183,Keyboard,Accessories,South,2.0,1500,0.0,3000.0,1700,App,Sale,1300.0,0.43333333333333335
ORD00102,2025-06-15,CUST1243,Keyboard,Accessories,East,1.0,1500,0.05,1425.0,850,App,Sale,575.0,0.40350877192982454
ORD00103,2025-10-31,CUST1234,Mouse,Accessories,North,5.0,800,0.0,4000.0,2100,Website,Sale,1900.0,0.475
ORD00104,2025-03-09,CUST1033,Monitor,Electronics,North,4.0,12000,0.15,40800.0,30400,App,Sale,10400.0,0.2549019607843137
ORD00105,2025-10-08,CUST1050,Webcam,Accessories,North,5.0,3200,0.2,12800.0,9500,App,Sale,3300.0,0.2578125
ORD00106,2025-04-21,CUST1160,Mouse,Accessories,South,4.0,800,0.1,2880.0,1680,Marketplace,Sale,1200.0,0.4166666666666667
ORD00107,2025-07-11,CUST1381,Tablet,Electronics,East,1.0,22000,0.0,22000.0,15500,App,Sale,6500.0,0.29545454545454547
ORD00108,2025-10-12,CUST1444,Headphones,Accessories,North,6.0,2500,0.0,15000.0,8100,Marketplace,Sale,6900.0,0.46
ORD00109,2025-04-11,CUST1433,Monitor,Electronics,East,5.0,12000,0.2,48000.0,38000,App,Sale,10000.0,0.20833333333333334
ORD00110,2025-07-08,CUST1311,Keyboard,Accessories,East,5.0,1500,0.05,7125.0,4250,Marketplace,Sale,2875.0,0.40350877192982454
ORD00111,2025-01-15,CUST1035,Keyboard,Accessories,South,3.0,1500,0.1,4050.0,2550,Website,Sale,1500.0,0.37037037037037035
ORD00112,2025-02-16,CUST1369,Mouse,Accessories,North,4.0,800,0.15,2720.0,1680,App,Sale,1040.0,0.38235294117647056
ORD00113,2025-02-13,CUST1248,Smartphone,Electronics,West,5.0,28000,0.0,140000.0,102500,Marketplace,Sale,37500.0,0.26785714285714285
ORD00114,2025-04-21,CUST1269,Headphones,Accessories,North,4.0,2500,0.0,10000.0,5400,App,Sale,4600.0,0.46
ORD00115,2025-07-22,CUST1148,Laptop,Electronics,North,2.0,55000,0.1,99000.0,72000,Website,Sale,27000.0,0.2727272727272727
ORD00116,2025-08-09,CUST1036,Webcam,Accessories,South,5.0,3200,0.05,15200.0,9500,Website,Sale,5700.0,0.375
ORD00117,2025-08-12,CUST1148,Monitor,Electronics,North,3.0,12000,0.2,28800.0,22800,Marketplace,Sale,6000.0,0.20833333333333334
ORD00118,2025-03-29,CUST1268,Headphones,Accessories,East,1.0,2500,0.15,2125.0,1350,Marketplace,Sale,775.0,0.36470588235294116
ORD00119,2025-06-23,CUST1397,Smartphone,Electronics,South,1.0,28000,0.2,22400.0,20500,App,Sale,1900.0,0.08482142857142858
ORD00120,2025-05-01,CUST1090,Keyboard,Accessories,South,2.0,1500,0.05,2850.0,1700,Website,Sale,1150.0,0.40350877192982454
ORD00121,2025-08-26,CUST1442,Tablet,Electronics,East,6.0,22000,0.2,105600.0,93000,App,Sale,12600.0,0.11931818181818182
ORD00122,2025-08-14,CUST1259,Tablet,Electronics,West,6.0,22000,0.1,118800.0,93000,Website,Sale,25800.0,0.21717171717171718
ORD00123,2025-01-20,CUST1297,Keyboard,Accessories,East,1.0,1500,0.0,1500.0,850,Website,Sale,650.0,0.43333333333333335
ORD00124,2025-08-19,CUST1230,Mouse,Accessories,East,3.0,800,0.2,1920.0,1260,Marketplace,Sale,660.0,0.34375
ORD00125,2025-02-13,CUST1186,Smartphone,Electronics,East,1.0,28000,0.05,26600.0,20500,Website,Sale,6100.0,0.22932330827067668
ORD00126,2025-07-29,CUST1145,Laptop,Electronics,East,6.0,55000,0.1,297000.0,216000,App,Sale,81000.0,0.2727272727272727
ORD00127,2025-03-18,CUST1066,Smartphone,Electronics,North,3.0,28000,0.1,75600.0,61500,Marketplace,Sale,14100.0,0.1865079365079365
ORD00128,2025-10-14,CUST1009,Headphones,Accessories,South,2.0,2500,0.2,4000.0,2700,App,Sale,1300.0,0.325
ORD00129,2025-06-24,CUST1259,Mouse,Accessories,East,2.0,800,0.05,1520.0,840,App,Sale,680.0,0.4473684210526316
ORD00130,2025-01-20,CUST1369,Smartphone,Electronics,West,5.0,28000,0.15,119000.0,102500,Marketplace,Sale,16500.0,0.13865546218487396
ORD00131,2025-12-13,CUST1273,Tablet,Electronics,East,5.0,22000,0.1,99000.0,77500,Website,Sale,21500.0,0.21717171717171718
ORD00132,2025-04-10,CUST1082,Tablet,Electronics,East,4.0,22000,0.1,79200.0,62000,App,Sale,17200.0,0.21717171717171718
ORD00133,2025-03-12,CUST1145,Tablet,Electronics,South,3.0,22000,0.2,52800.0,46500,Marketplace,Sale,6300.0,0.11931818181818182
ORD00134,2025-08-19,CUST1212,Webcam,Accessories,North,1.0,3200,0.05,3040.0,1900,Marketplace,Sale,1140.0,0.375
ORD00135,2025-05-01,CUST1405,Headphones,Accessories,North,2.0,2500,0.0,5000.0,2700,Marketplace,Sale,2300.0,0.46
ORD00136,2025-08-30,CUST1131,Smartphone,Electronics,South,-1.0,28000,0.15,-23800.0,-20500,App,Return,-3300.0,
ORD00137,2025-11-08,CUST1327,Monitor,Electronics,West,3.0,12000,0.05,34200.0,22800,Website,Sale,11400.0,0.3333333333333333
ORD00138,2025-02-26,CUST1219,Laptop,Electronics,East,6.0,55000,0.2,264000.0,216000,App,Sale,48000.0,0.18181818181818182
ORD00139,2025-10-20,CUST1199,Monitor,Electronics,North,5.0,12000,0.1,54000.0,38000,Website,Sale,16000.0,0.2962962962962963
ORD00140,2025-07-11,CUST1395,Laptop,Electronics,East,3.0,55000,0.0,165000.0,108000,Marketplace,Sale,57000.0,0.34545454545454546
ORD00141,2025-03-10,CUST1323,Headphones,Accessories,South,6.0,2500,0.05,14250.0,8100,Website,Sale,6150.0,0.43157894736842106
ORD00142,2025-08-23,CUST1263,Mouse,Accessories,East,1.0,800,0.05,760.0,420,App,Sale,340.0,0.4473684210526316
ORD00143,2025-08-31,CUST1139,Mouse,Accessories,East,3.0,800,0.1,2160.0,1260,Website,Sale,900.0,0.4166666666666667
ORD00144,2025-07-24,CUST1410,Webcam,Accessories,West,3.0,3200,0.05,9120.0,5700,Website,Sale,3420.0,0.375
ORD00145,2025-08-09,CUST1156,Smartphone,Electronics,South,5.0,28000,0.1,126000.0,102500,Website,Sale,23500.0,0.1865079365079365
ORD00146,2025-03-27,CUST1140,Headphones,Accessories,East,4.0,2500,0.0,10000.0,5400,Website,Sale,4600.0,0.46
ORD00147,2025-02-08,CUST1073,Webcam,Accessories,South,3.0,3200,0.2,7680.0,5700,Website,Sale,1980.0,0.2578125
ORD00148,2025-01-18,CUST1309,Mouse,Accessories,West,6.0,800,0.1,4320.0,2520,Marketplace,Sale,1800.0,0.4166666666666667
ORD00149,2025-07-10,CUST1127,Monitor,Electronics,North,5.0,12000,0.05,57000.0,38000,App,Sale,19000.0,0.3333333333333333
ORD00150,2025-09-13,CUST1355,Monitor,Electronics,West,3.0,12000,0.1,32400.0,22800,App,Sale,9600.0,0.2962962962962963
ORD00151,2025-03-04,CUST1414,Monitor,Electronics,East,4.0,12000,0.05,45600.0,30400,Marketplace,Sale,15200.0,0.3333333333333333
ORD00152,2025-08-12,CUST1364,Monitor,Electronics,South,5.0,12000,0.2,48000.0,38000,App,Sale,10000.0,0.20833333333333334
ORD00153,2025-07-05,CUST1283,Monitor,Electronics,West,2.0,12000,0.05,22800.0,15200,App,Sale,7600.0,0.3333333333333333
ORD00154,2025-03-08,CUST1269,Monitor,Electronics,West,1.0,12000,0.1,10800.0,7600,App,Sale,3200.0,0.2962962962962963
ORD00155,2025-07-02,CUST1393,Monitor,Electronics,West,4.0,12000,0.15,40800.0,30400,App,Sale,10400.0,0.2549019607843137
ORD00156,2025-01-29,CUST1177,Smartphone,Electronics,North,3.0,28000,0.05,79800.0,61500,Marketplace,Sale,18300.0,0.22932330827067668
ORD00157,2025-10-02,CUST1303,Keyboard,Accessories,South,2.0,1500,0.1,2700.0,1700,App,Sale,1000.0,0.37037037037037035
ORD00158,2025-12-04,CUST1328,Headphones,Accessories,East,5.0,2500,0.0,12500.0,6750,App,Sale,5750.0,0.46
ORD00159,2025-10-20,CUST1125,Laptop,Electronics,South,4.0,55000,0.2,176000.0,144000,Website,Sale,32000.0,0.18181818181818182
ORD00160,2025-06-02,CUST1310,Laptop,Electronics,East,2.0,55000,0.15,93500.0,72000,Marketplace,Sale,21500.0,0.22994652406417113
ORD00161,2025-06-26,CUST1136,Headphones,Accessories,South,5.0,2500,0.2,10000.0,6750,Website,Sale,3250.0,0.325
ORD00162,2025-01-26,CUST1097,Webcam,Accessories,West,2.0,3200,0.05,6080.0,3800,App,Sale,2280.0,0.375
ORD00163,2025-08-28,CUST1123,Keyboard,Accessories,East,4.0,1500,0.0,6000.0,3400,Website,Sale,2600.0,0.43333333333333335
ORD00164,2025-01-26,CUST1135,Tablet,Electronics,East,3.0,22000,0.2,52800.0,46500,Website,Sale,6300.0,0.11931818181818182
ORD00165,2025-07-07,CUST1197,Laptop,Electronics,East,5.0,55000,0.2,220000.0,180000,App,Sale,40000.0,0.18181818181818182
ORD00166,2025-05-24,CUST1285,Monitor,Electronics,East,2.0,12000,0.0,24000.0,15200,App,Sale,8800.0,0.36666666666666664
ORD00167,2025-04-12,CUST1411,Webcam,Accessories,West,5.0,3200,0.0,16000.0,9500,App,Sale,6500.0,0.40625
ORD00168,2025-11-07,CUST1303,Headphones,Accessories,East,5.0,2500,0.1,11250.0,6750,App,Sale,4500.0,0.4
ORD00169,2025-09-30,CUST1298,Keyboard,Accessories,South,4.0,1500,0.0,6000.0,3400,Website,Sale,2600.0,0.43333333333333335
ORD00170,2025-11-02,CUST1075,Mouse,Accessories,South,6.0,800,0.0,4800.0,2520,Website,Sale,2280.0,0.475
ORD00171,2025-10-21,CUST1210,Mouse,Accessories,North,1.0,800,0.15,680.0,420,Website,Sale,260.0,0.38235294117647056
ORD00172,2025-02-01,CUST1160,Mouse,Accessories,West,5.0,800,0.1,3600.0,2100,App,Sale,1500.0,0.4166666666666667
ORD00173,2025-06-25,CUST1115,Keyboard,Accessories,East,5.0,1500,0.15,6375.0,4250,Marketplace,Sale,2125.0,0.3333333333333333
ORD00174,2025-12-27,CUST1147,Tablet,Electronics,South,3.0,22000,0.15,56100.0,46500,App,Sale,9600.0,0.1711229946524064
ORD00175,2025-07-14,CUST1177,Headphones,Accessories,South,2.0,2500,0.1,4500.0,2700,Marketplace,Sale,1800.0,0.4
ORD00176,2025-03-09,CUST1124,Keyboard,Accessories,North,5.0,1500,0.1,6750.0,4250,App,Sale,2500.0,0.37037037037037035
ORD00177,2025-11-23,CUST1002,Monitor,Electronics,South,4.0,12000,0.1,43200.0,30400,Website,Sale,12800.0,0.2962962962962963
ORD00178,2025-12-01,CUST1333,Mouse,Accessories,North,3.0,800,0.1,2160.0,1260,Website,Sale,900.0,0.4166666666666667
ORD00179,2025-03-31,CUST1448,Smartphone,Electronics,East,1.0,28000,0.15,23800.0,20500,App,Sale,3300.0,0.13865546218487396
ORD00180,2025-11-05,CUST1068,Headphones,Accessories,West,3.0,2500,0.15,6375.0,4050,Marketplace,Sale,2325.0,0.36470588235294116
ORD00181,2025-04-09,CUST1377,Smartphone,Electronics,East,6.0,28000,0.15,142800.0,123000,App,Sale,19800.0,0.13865546218487396
ORD00182,2025-12-12,CUST1094,Webcam,Accessories,West,4.0,3200,0.2,10240.0,7600,Marketplace,Sale,2640.0,0.2578125
ORD00183,2025-05-08,CUST1298,Webcam,Accessories,North,2.0,3200,0.15,5440.0,3800,Marketplace,Sale,1640.0,0.3014705882352941
ORD00184,2025-12-01,CUST1353,Mouse,Accessories,East,1.0,800,0.0,800.0,420,Marketplace,Sale,380.0,0.475
ORD00185,2025-11-11,CUST1212,Smartphone,Electronics,West,4.0,28000,0.05,106400.0,82000,App,Sale,24400.0,0.22932330827067668
ORD00186,2025-12-07,CUST1270,Mouse,Accessories,North,6.0,800,0.2,3840.0,2520,App,Sale,1320.0,0.34375
ORD00187,2025-02-27,CUST1059,Mouse,Accessories,South,5.0,800,0.2,3200.0,2100,App,Sale,1100.0,0.34375
ORD00188,2025-09-08,CUST1286,Tablet,Electronics,East,1.0,22000,0.15,18700.0,15500,Marketplace,Sale,3200.0,0.1711229946524064
ORD00189,2025-01-12,CUST1358,Laptop,Electronics,North,6.0,55000,0.05,313500.0,216000,Website,Sale,97500.0,0.31100478468899523
ORD00190,2025-08-30,CUST1191,Webcam,Accessories,West,2.0,3200,0.05,6080.0,3800,Website,Sale,2280.0,0.375
ORD00191,2025-07-13,CUST1270,Smartphone,Electronics,South,6.0,28000,0.1,151200.0,123000,Website,Sale,28200.0,0.1865079365079365
ORD00192,2025-01-12,CUST1079,Webcam,Accessories,South,5.0,3200,0.15,13600.0,9500,Website,Sale,4100.0,0.3014705882352941
ORD00193,2025-01-17,CUST1306,Laptop,Electronics,East,2.0,55000,0.05,104500.0,72000,Website,Sale,32500.0,0.31100478468899523
ORD00194,2025-05-06,CUST1071,Webcam,Accessories,East,4.0,3200,0.05,12160.0,7600,App,Sale,4560.0,0.375
ORD00195,2025-10-22,CUST1211,Headphones,Accessories,North,2.0,2500,0.1,4500.0,2700,App,Sale,1800.0,0.4
ORD00196,2025-10-30,CUST1329,Smartphone,Electronics,East,6.0,28000,0.15,142800.0,123000,App,Sale,19800.0,0.13865546218487396
ORD00197,2025-06-13,CUST1123,Webcam,Accessories,East,2.0,3200,0.1,5760.0,3800,App,Sale,1960.0,0.3402777777777778
ORD00198,2025-08-26,CUST1104,Webcam,Accessories,North,4.0,3200,0.2,10240.0,7600,Website,Sale,2640.0,0.2578125
ORD00199,2025-07-09,CUST1447,Mouse,Accessories,East,1.0,800,0.1,720.0,420,App,Sale,300.0,0.4166666666666667
ORD00200,2025-10-12,CUST1097,Tablet,Electronics,North,2.0,22000,0.1,39600.0,31000,Website,Sale,8600.0,0.21717171717171718
ORD00201,2025-05-05,CUST1238,Mouse,Accessories,East,4.0,800,0.05,3040.0,1680,Marketplace,Sale,1360.0,0.4473684210526316
ORD00202,2025-05-14,CUST1104,Tablet,Electronics,West,4.0,22000,0.0,88000.0,62000,Website,Sale,26000.0,0.29545454545454547
ORD00203,2025-10-16,CUST1151,Smartphone,Electronics,East,1.0,28000,0.1,25200.0,20500,App,Sale,4700.0,0.1865079365079365
ORD00204,2025-07-14,CUST1390,Mouse,Accessories,South,4.0,800,0.2,2560.0,1680,Website,Sale,880.0,0.34375
ORD00205,2025-08-24,CUST1268,Headphones,Accessories,East,2.0,2500,0.05,4750.0,2700,Website,Sale,2050.0,0.43157894736842106
ORD00206,2025-09-12,CUST1004,Laptop,Electronics,West,4.0,55000,0.05,209000.0,144000,Marketplace,Sale,65000.0,0.31100478468899523
ORD00207,2025-01-31,CUST1006,Tablet,Electronics,South,6.0,22000,0.15,112200.0,93000,Marketplace,Sale,19200.0,0.1711229946524064
ORD00208,2025-02-10,CUST1098,Webcam,Accessories,East,2.0,3200,0.0,6400.0,3800,Marketplace,Sale,2600.0,0.40625
ORD00209,2025-05-17,CUST1153,Headphones,Accessories,East,4.0,2500,0.15,8500.0,5400,Website,Sale,3100.0,0.36470588235294116
ORD00210,2025-12-01,CUST1326,Laptop,Electronics,South,1.0,55000,0.15,46750.0,36000,Website,Sale,10750.0,0.22994652406417113
ORD00211,2025-09-13,CUST1108,Headphones,Accessories,South,5.0,2500,0.0,12500.0,6750,App,Sale,5750.0,0.46
ORD00212,2025-09-01,CUST1091,Monitor,Electronics,East,6.0,12000,0.1,64800.0,45600,Website,Sale,19200.0,0.2962962962962963
ORD00213,2025-04-17,CUST1346,Webcam,Accessories,East,1.0,3200,0.1,2880.0,1900,Website,Sale,980.0,0.3402777777777778
ORD00214,2025-03-13,CUST1174,Monitor,Electronics,North,5.0,12000,0.1,54000.0,38000,App,Sale,16000.0,0.2962962962962963
ORD00215,2025-07-23,CUST1221,Keyboard,Accessories,North,4.0,1500,0.15,5100.0,3400,Website,Sale,1700.0,0.3333333333333333
ORD00216,2025-02-13,CUST1378,Mouse,Accessories,East,6.0,800,0.0,4800.0,2520,Website,Sale,2280.0,0.475
ORD00217,2025-02-16,CUST1229,Tablet,Electronics,North,3.0,22000,0.1,59400.0,46500,Website,Sale,12900.0,0.21717171717171718
ORD00218,2025-02-22,CUST1006,Headphones,Accessories,West,5.0,2500,0.0,12500.0,6750,Website,Sale,5750.0,0.46
ORD00219,2025-10-14,CUST1252,Smartphone,Electronics,South,6.0,28000,0.15,142800.0,123000,Website,Sale,19800.0,0.13865546218487396
ORD00220,2025-05-22,CUST1304,Tablet,Electronics,West,1.0,22000,0.1,19800.0,15500,Website,Sale,4300.0,0.21717171717171718
ORD00221,2025-03-11,CUST1171,Webcam,Accessories,East,3.0,3200,0.2,7680.0,5700,App,Sale,1980.0,0.2578125
ORD00222,2025-03-11,CUST1149,Mouse,Accessories,South,4.0,800,0.1,2880.0,1680,Website,Sale,1200.0,0.4166666666666667
ORD00223,2025-10-22,CUST1303,Webcam,Accessories,South,3.0,3200,0.15,8160.0,5700,App,Sale,2460.0,0.3014705882352941
ORD00224,2025-01-14,CUST1344,Mouse,Accessories,South,4.0,800,0.1,2880.0,1680,Marketplace,Sale,1200.0,0.4166666666666667
ORD00225,2025-05-04,CUST1298,Smartphone,Electronics,North,6.0,28000,0.15,142800.0,123000,Website,Sale,19800.0,0.13865546218487396
ORD00226,2025-10-06,CUST1393,Headphones,Accessories,South,6.0,2500,0.2,12000.0,8100,Marketplace,Sale,3900.0,0.325
ORD00227,2025-03-27,CUST1054,Laptop,Electronics,East,5.0,55000,0.15,233750.0,180000,App,Sale,53750.0,0.22994652406417113
ORD00228,2025-09-19,CUST1176,Mouse,Accessories,West,4.0,800,0.1,2880.0,1680,Website,Sale,1200.0,0.4166666666666667
ORD00229,2025-01-06,CUST1266,Monitor,Electronics,West,1.0,12000,0.05,11400.0,7600,Website,Sale,3800.0,0.3333333333333333
ORD00230,2025-08-13,CUST1011,Tablet,Electronics,South,3.0,22000,0.0,66000.0,46500,Website,Sale,19500.0,0.29545454545454547
ORD00231,2025-12-13,CUST1236,Mouse,Accessories,West,5.0,800,0.05,3800.0,2100,App,Sale,1700.0,0.4473684210526316
ORD00232,2025-04-06,CUST1303,Webcam,Accessories,North,4.0,3200,0.0,12800.0,7600,App,Sale,5200.0,0.40625
ORD00233,2025-04-16,CUST1166,Monitor,Electronics,North,5.0,12000,0.0,60000.0,38000,Marketplace,Sale,22000.0,0.36666666666666664
ORD00234,2025-12-10,CUST1180,Headphones,Accessories,North,5.0,2500,0.15,10625.0,6750,App,Sale,3875.0,0.36470588235294116
ORD00235,2025-12-11,CUST1122,Keyboard,Accessories,South,5.0,1500,0.2,6000.0,4250,Marketplace,Sale,1750.0,0.2916666666666667
ORD00236,2025-12-22,CUST1249,Webcam,Accessories,South,4.0,3200,0.2,10240.0,7600,App,Sale,2640.0,0.2578125
ORD00237,2025-10-12,CUST1443,Keyboard,Accessories,North,2.0,1500,0.05,2850.0,1700,Website,Sale,1150.0,0.40350877192982454
ORD00238,2025-03-11,CUST1212,Webcam,Accessories,West,5.0,3200,0.2,12800.0,9500,Website,Sale,3300.0,0.2578125
ORD00239,2025-03-27,CUST1086,Laptop,Electronics,North,2.0,55000,0.1,99000.0,72000,Website,Sale,27000.0,0.2727272727272727
ORD00240,2025-10-09,CUST1389,Monitor,Electronics,North,3.0,12000,0.2,28800.0,22800,App,Sale,6000.0,0.20833333333333334
ORD00241,2025-08-06,CUST1224,Mouse,Accessories,North,3.0,800,0.0,2400.0,1260,App,Sale,1140.0,0.475
ORD00242,2025-04-18,CUST1401,Headphones,Accessories,South,6.0,2500,0.2,12000.0,8100,Website,Sale,3900.0,0.325
ORD00243,2025-10-19,CUST1148,Keyboard,Accessories,East,5.0,1500,0.2,6000.0,4250,App,Sale,1750.0,0.2916666666666667
ORD00244,2025-12-14,CUST1127,Webcam,Accessories,East,1.0,3200,0.1,2880.0,1900,App,Sale,980.0,0.3402777777777778
ORD00245,2025-12-13,CUST1324,Smartphone,Electronics,East,5.0,28000,0.1,126000.0,102500,Website,Sale,23500.0,0.1865079365079365
ORD00246,2025-07-26,CUST1444,Keyboard,Accessories,South,6.0,1500,0.1,8100.0,5100,Website,Sale,3000.0,0.37037037037037035
ORD00247,2025-08-23,CUST1253,Headphones,Accessories,East,1.0,2500,0.2,2000.0,1350,Marketplace,Sale,650.0,0.325
ORD00248,2025-06-22,CUST1023,Smartphone,Electronics,East,5.0,28000,0.15,119000.0,102500,Website,Sale,16500.0,0.13865546218487396
ORD00249,2025-09-01,CUST1352,Smartphone,Electronics,South,4.0,28000,0.15,95200.0,82000,Marketplace,Sale,13200.0,0.13865546218487396
ORD00250,2025-03-23,CUST1026,Headphones,Accessories,East,3.0,2500,0.0,7500.0,4050,App,Sale,3450.0,0.46
ORD00251,2025-08-08,CUST1265,Monitor,Electronics,North,1.0,12000,0.05,11400.0,7600,Website,Sale,3800.0,0.3333333333333333
ORD00252,2025-12-23,CUST1374,Monitor,Electronics,North,4.0,12000,0.05,45600.0,30400,Marketplace,Sale,15200.0,0.3333333333333333
ORD00253,2025-08-07,CUST1225,Webcam,Accessories,South,2.0,3200,0.05,6080.0,3800,App,Sale,2280.0,0.375
ORD00254,2025-07-30,CUST1301,Tablet,Electronics,East,2.0,22000,0.0,44000.0,31000,Website,Sale,13000.0,0.29545454545454547
ORD00255,2025-06-11,CUST1398,Keyboard,Accessories,North,6.0,1500,0.0,9000.0,5100,Marketplace,Sale,3900.0,0.43333333333333335
ORD00256,2025-04-16,CUST1253,Mouse,Accessories,South,6.0,800,0.15,4080.0,2520,Website,Sale,1560.0,0.38235294117647056
ORD00257,2025-11-23,CUST1187,Laptop,Electronics,South,3.0,55000,0.1,148500.0,108000,Website,Sale,40500.0,0.2727272727272727
ORD00258,2025-02-07,CUST1259,Monitor,Electronics,South,1.0,12000,0.1,10800.0,7600,App,Sale,3200.0,0.2962962962962963
ORD00259,2025-08-01,CUST1158,Webcam,Accessories,South,1.0,3200,0.2,2560.0,1900,App,Sale,660.0,0.2578125
ORD00260,2025-10-02,CUST1125,Monitor,Electronics,West,3.0,12000,0.15,30600.0,22800,Website,Sale,7800.0,0.2549019607843137
ORD00261,2025-08-21,CUST1083,Laptop,Electronics,East,3.0,55000,0.05,156750.0,108000,App,Sale,48750.0,0.31100478468899523
ORD00262,2025-09-22,CUST1394,Smartphone,Electronics,East,3.0,28000,0.05,79800.0,61500,Website,Sale,18300.0,0.22932330827067668
ORD00263,2025-05-20,CUST1028,Keyboard,Accessories,North,6.0,1500,0.2,7200.0,5100,App,Sale,2100.0,0.2916666666666667
ORD00264,2025-07-08,CUST1439,Monitor,Electronics,South,5.0,12000,0.0,60000.0,38000,Website,Sale,22000.0,0.36666666666666664
ORD00265,2025-08-30,CUST1114,Smartphone,Electronics,West,2.0,28000,0.0,56000.0,41000,Marketplace,Sale,15000.0,0.26785714285714285
ORD00266,2025-05-19,CUST1411,Headphones,Accessories,North,1.0,2500,0.2,2000.0,1350,Website,Sale,650.0,0.325
ORD00267,2025-02-05,CUST1102,Keyboard,Accessories,East,3.0,1500,0.1,4050.0,2550,Marketplace,Sale,1500.0,0.37037037037037035
ORD00268,2025-11-15,CUST1077,Headphones,Accessories,West,5.0,2500,0.15,10625.0,6750,Website,Sale,3875.0,0.36470588235294116
ORD00269,2025-04-30,CUST1053,Laptop,Electronics,South,3.0,55000,0.0,165000.0,108000,Website,Sale,57000.0,0.34545454545454546
ORD00270,2025-09-09,CUST1358,Keyboard,Accessories,West,1.0,1500,0.0,1500.0,850,Website,Sale,650.0,0.43333333333333335
ORD00271,2025-10-25,CUST1339,Smartphone,Electronics,South,6.0,28000,0.15,142800.0,123000,Marketplace,Sale,19800.0,0.13865546218487396
ORD00272,2025-05-14,CUST1103,Webcam,Accessories,East,6.0,3200,0.1,17280.0,11400,App,Sale,5880.0,0.3402777777777778
ORD00273,2025-02-25,CUST1394,Smartphone,Electronics,East,4.0,28000,0.15,95200.0,82000,Website,Sale,13200.0,0.13865546218487396
ORD00274,2025-05-16,CUST1110,Smartphone,Electronics,East,6.0,28000,0.1,151200.0,123000,App,Sale,28200.0,0.1865079365079365
ORD00275,2025-02-16,CUST1015,Headphones,Accessories,East,4.0,2500,0.2,8000.0,5400,Website,Sale,2600.0,0.325
ORD00276,2025-10-12,CUST1006,Mouse,Accessories,East,1.0,800,0.15,680.0,420,App,Sale,260.0,0.38235294117647056
ORD00277,2025-03-08,CUST1011,Webcam,Accessories,South,3.0,3200,0.0,9600.0,5700,Website,Sale,3900.0,0.40625
ORD00278,2025-03-07,CUST1420,Headphones,Accessories,West,1.0,2500,0.0,2500.0,1350,Website,Sale,1150.0,0.46
ORD00279,2025-07-15,CUST1076,Smartphone,Electronics,North,3.0,28000,0.05,79800.0,61500,App,Sale,18300.0,0.22932330827067668
ORD00280,2025-05-06,CUST1070,Tablet,Electronics,South,4.0,22000,0.2,70400.0,62000,App,Sale,8400.0,0.11931818181818182
ORD00281,2025-05-08,CUST1289,Laptop,Electronics,West,4.0,55000,0.1,198000.0,144000,Marketplace,Sale,54000.0,0.2727272727272727
ORD00282,2025-04-03,CUST1392,Mouse,Accessories,South,1.0,800,0.1,720.0,420,App,Sale,300.0,0.4166666666666667
ORD00283,2025-02-21,CUST1391,Mouse,Accessories,South,3.0,800,0.2,1920.0,1260,App,Sale,660.0,0.34375
ORD00284,2025-07-18,CUST1302,Smartphone,Electronics,South,2.0,28000,0.05,53200.0,41000,Marketplace,Sale,12200.0,0.22932330827067668
ORD00285,2025-10-18,CUST1028,Mouse,Accessories,South,4.0,800,0.2,2560.0,1680,Website,Sale,880.0,0.34375
ORD00286,2025-09-27,CUST1410,Headphones,Accessories,East,5.0,2500,0.05,11875.0,6750,Website,Sale,5125.0,0.43157894736842106
ORD00287,2025-01-12,CUST1360,Smartphone,Electronics,West,1.0,28000,0.2,22400.0,20500,App,Sale,1900.0,0.08482142857142858
ORD00288,2025-02-21,CUST1332,Headphones,Accessories,South,2.0,2500,0.05,4750.0,2700,App,Sale,2050.0,0.43157894736842106
ORD00289,2025-12-22,CUST1065,Headphones,Accessories,North,2.0,2500,0.2,4000.0,2700,App,Sale,1300.0,0.325
ORD00290,2025-07-20,CUST1327,Smartphone,Electronics,West,5.0,28000,0.1,126000.0,102500,App,Sale,23500.0,0.1865079365079365
ORD00291,2025-06-19,CUST1420,Mouse,Accessories,South,3.0,800,0.1,2160.0,1260,Marketplace,Sale,900.0,0.4166666666666667
ORD00292,2025-08-17,CUST1024,Mouse,Accessories,South,2.0,800,0.0,1600.0,840,Website,Sale,760.0,0.475
ORD00293,2025-03-27,CUST1083,Webcam,Accessories,East,3.0,3200,0.2,7680.0,5700,Website,Sale,1980.0,0.2578125
ORD00294,2025-05-31,CUST1374,Keyboard,Accessories,North,1.0,1500,0.0,1500.0,850,Marketplace,Sale,650.0,0.43333333333333335
ORD00295,2025-11-01,CUST1080,Tablet,Electronics,East,6.0,22000,0.0,132000.0,93000,App,Sale,39000.0,0.29545454545454547
ORD00296,2025-04-08,CUST1292,Keyboard,Accessories,West,6.0,1500,0.1,8100.0,5100,App,Sale,3000.0,0.37037037037037035
ORD00297,2025-01-28,CUST1102,Webcam,Accessories,South,1.0,3200,0.1,2880.0,1900,App,Sale,980.0,0.3402777777777778
ORD00298,2025-11-23,CUST1046,Tablet,Electronics,West,1.0,22000,0.1,19800.0,15500,App,Sale,4300.0,0.21717171717171718
ORD00299,2025-09-07,CUST1428,Smartphone,Electronics,North,4.0,28000,0.0,112000.0,82000,App,Sale,30000.0,0.26785714285714285
ORD00300,2025-12-23,CUST1283,Monitor,Electronics,West,6.0,12000,0.1,64800.0,45600,App,Sale,19200.0,0.2962962962962963
ORD00301,2025-08-03,CUST1257,Tablet,Electronics,North,5.0,22000,0.05,104500.0,77500,App,Sale,27000.0,0.2583732057416268
ORD00302,2025-12-13,CUST1413,Monitor,Electronics,North,4.0,12000,0.05,45600.0,30400,Website,Sale,15200.0,0.3333333333333333
ORD00303,2025-02-10,CUST1044,Mouse,Accessories,West,6.0,800,0.05,4560.0,2520,App,Sale,2040.0,0.4473684210526316
ORD00304,2025-06-16,CUST1212,Tablet,Electronics,North,1.0,22000,0.2,17600.0,15500,App,Sale,2100.0,0.11931818181818182
ORD00305,2025-10-26,CUST1449,Monitor,Electronics,West,5.0,12000,0.0,60000.0,38000,Website,Sale,22000.0,0.36666666666666664
ORD00306,2025-10-20,CUST1019,Laptop,Electronics,East,2.0,55000,0.1,99000.0,72000,App,Sale,27000.0,0.2727272727272727
ORD00307,2025-01-26,CUST1143,Keyboard,Accessories,East,3.0,1500,0.0,4500.0,2550,Website,Sale,1950.0,0.43333333333333335
ORD00308,2025-04-27,CUST1096,Tablet,Electronics,East,3.0,22000,0.1,59400.0,46500,Website,Sale,12900.0,0.21717171717171718
ORD00309,2025-09-06,CUST1069,Headphones,Accessories,North,1.0,2500,0.2,2000.0,1350,App,Sale,650.0,0.325
ORD00310,2025-01-15,CUST1360,Mouse,Accessories,East,1.0,800,0.05,760.0,420,Website,Sale,340.0,0.4473684210526316
ORD00311,2025-09-16,CUST1090,Monitor,Electronics,West,6.0,12000,0.0,72000.0,45600,App,Sale,26400.0,0.36666666666666664
ORD00312,2025-10-10,CUST1437,Smartphone,Electronics,South,3.0,28000,0.0,84000.0,61500,App,Sale,22500.0,0.26785714285714285
ORD00313,2025-11-28,CUST1242,Mouse,Accessories,South,3.0,800,0.15,2040.0,1260,App,Sale,780.0,0.38235294117647056
ORD00314,2025-11-04,CUST1216,Keyboard,Accessories,East,5.0,1500,0.1,6750.0,4250,Marketplace,Sale,2500.0,0.37037037037037035
ORD00315,2025-08-24,CUST1003,Tablet,Electronics,South,3.0,22000,0.2,52800.0,46500,Marketplace,Sale,6300.0,0.11931818181818182
ORD00316,2025-10-15,CUST1327,Keyboard,Accessories,East,3.0,1500,0.0,4500.0,2550,Marketplace,Sale,1950.0,0.43333333333333335
ORD00317,2025-12-02,CUST1412,Keyboard,Accessories,East,2.0,1500,0.05,2850.0,1700,App,Sale,1150.0,0.40350877192982454
ORD00318,2025-07-26,CUST1214,Smartphone,Electronics,South,6.0,28000,0.0,168000.0,123000,Website,Sale,45000.0,0.26785714285714285
ORD00319,2025-10-26,CUST1343,Mouse,Accessories,East,3.0,800,0.05,2280.0,1260,App,Sale,1020.0,0.4473684210526316
ORD00320,2025-03-12,CUST1348,Keyboard,Accessories,South,1.0,1500,0.15,1275.0,850,Website,Sale,425.0,0.3333333333333333
ORD00321,2025-04-24,CUST1435,Keyboard,Accessories,North,4.0,1500,0.1,5400.0,3400,App,Sale,2000.0,0.37037037037037035
ORD00322,2025-10-25,CUST1211,Tablet,Electronics,East,2.0,22000,0.2,35200.0,31000,App,Sale,4200.0,0.11931818181818182
ORD00323,2025-12-03,CUST1398,Webcam,Accessories,East,5.0,3200,0.15,13600.0,9500,App,Sale,4100.0,0.3014705882352941
ORD00324,2025-10-06,CUST1250,Laptop,Electronics,East,4.0,55000,0.1,198000.0,144000,Website,Sale,54000.0,0.2727272727272727
ORD00325,2025-03-08,CUST1273,Webcam,Accessories,East,4.0,3200,0.15,10880.0,7600,Website,Sale,3280.0,0.3014705882352941
ORD00326,2025-06-14,CUST1159,Laptop,Electronics,West,6.0,55000,0.0,330000.0,216000,App,Sale,114000.0,0.34545454545454546
ORD00327,2025-10-29,CUST1222,Monitor,Electronics,South,1.0,12000,0.1,10800.0,7600,Marketplace,Sale,3200.0,0.2962962962962963
ORD00328,2025-08-09,CUST1108,Mouse,Accessories,North,2.0,800,0.15,1360.0,840,App,Sale,520.0,0.38235294117647056
ORD00329,2025-03-28,CUST1338,Laptop,Electronics,East,4.0,55000,0.1,198000.0,144000,Website,Sale,54000.0,0.2727272727272727
ORD00330,2025-01-25,CUST1105,Webcam,Accessories,South,4.0,3200,0.15,10880.0,7600,Website,Sale,3280.0,0.3014705882352941
ORD00331,2025-04-06,CUST1214,Monitor,Electronics,North,6.0,12000,0.2,57600.0,45600,App,Sale,12000.0,0.20833333333333334
ORD00332,2025-11-13,CUST1425,Monitor,Electronics,South,1.0,12000,0.15,10200.0,7600,Marketplace,Sale,2600.0,0.2549019607843137
ORD00333,2025-12-27,CUST1169,Smartphone,Electronics,North,1.0,28000,0.2,22400.0,20500,Website,Sale,1900.0,0.08482142857142858
ORD00334,2025-02-26,CUST1131,Tablet,Electronics,West,2.0,22000,0.0,44000.0,31000,Marketplace,Sale,13000.0,0.29545454545454547
ORD00335,2025-05-16,CUST1218,Monitor,Electronics,North,2.0,12000,0.0,24000.0,15200,Website,Sale,8800.0,0.36666666666666664
ORD00336,2025-01-05,CUST1449,Smartphone,Electronics,East,3.0,28000,0.1,75600.0,61500,Marketplace,Sale,14100.0,0.1865079365079365
ORD00337,2025-04-04,CUST1409,Webcam,Accessories,East,4.0,3200,0.1,11520.0,7600,App,Sale,3920.0,0.3402777777777778
ORD00338,2025-02-27,CUST1092,Laptop,Electronics,East,2.0,55000,0.0,110000.0,72000,Marketplace,Sale,38000.0,0.34545454545454546
ORD00339,2025-11-10,CUST1032,Smartphone,Electronics,East,4.0,28000,0.15,95200.0,82000,Website,Sale,13200.0,0.13865546218487396
ORD00340,2025-12-27,CUST1221,Mouse,Accessories,South,6.0,800,0.1,4320.0,2520,Website,Sale,1800.0,0.4166666666666667
ORD00341,2025-06-27,CUST1329,Webcam,Accessories,North,2.0,3200,0.2,5120.0,3800,Website,Sale,1320.0,0.2578125
ORD00342,2025-11-09,CUST1281,Tablet,Electronics,West,3.0,22000,0.05,62700.0,46500,App,Sale,16200.0,0.2583732057416268
ORD00343,2025-02-10,CUST1381,Tablet,Electronics,North,1.0,22000,0.15,18700.0,15500,Website,Sale,3200.0,0.1711229946524064
ORD00344,2025-07-31,CUST1335,Laptop,Electronics,East,1.0,55000,0.2,44000.0,36000,Marketplace,Sale,8000.0,0.18181818181818182
ORD00345,2025-01-28,CUST1366,Tablet,Electronics,North,3.0,22000,0.2,52800.0,46500,App,Sale,6300.0,0.11931818181818182
ORD00346,2025-02-01,CUST1252,Keyboard,Accessories,South,5.0,1500,0.2,6000.0,4250,Website,Sale,1750.0,0.2916666666666667
ORD00347,2025-02-24,CUST1422,Mouse,Accessories,South,2.0,800,0.0,1600.0,840,Marketplace,Sale,760.0,0.475
ORD00348,2025-02-25,CUST1255,Monitor,Electronics,South,4.0,12000,0.15,40800.0,30400,Website,Sale,10400.0,0.2549019607843137
ORD00349,2025-11-10,CUST1053,Tablet,Electronics,North,5.0,22000,0.05,104500.0,77500,App,Sale,27000.0,0.2583732057416268
ORD00350,2025-06-14,CUST1203,Webcam,Accessories,East,4.0,3200,0.2,10240.0,7600,Website,Sale,2640.0,0.2578125
ORD00351,2025-10-03,CUST1102,Keyboard,Accessories,South,6.0,1500,0.2,7200.0,5100,Marketplace,Sale,2100.0,0.2916666666666667
ORD00352,2025-12-18,CUST1363,Smartphone,Electronics,East,6.0,28000,0.05,159600.0,123000,App,Sale,36600.0,0.22932330827067668
ORD00353,2025-09-03,CUST1267,Webcam,Accessories,West,6.0,3200,0.2,15360.0,11400,App,Sale,3960.0,0.2578125
ORD00354,2025-01-28,CUST1429,Mouse,Accessories,East,3.0,800,0.05,2280.0,1260,Marketplace,Sale,1020.0,0.4473684210526316
ORD00355,2025-04-15,CUST1380,Headphones,Accessories,West,4.0,2500,0.0,10000.0,5400,App,Sale,4600.0,0.46
ORD00356,2025-09-19,CUST1282,Laptop,Electronics,South,4.0,55000,0.15,187000.0,144000,Marketplace,Sale,43000.0,0.22994652406417113
ORD00357,2025-04-14,CUST1397,Tablet,Electronics,South,2.0,22000,0.1,39600.0,31000,Marketplace,Sale,8600.0,0.21717171717171718
ORD00358,2025-08-18,CUST1219,Monitor,Electronics,East,2.0,12000,0.05,22800.0,15200,App,Sale,7600.0,0.3333333333333333
ORD00359,2025-03-24,CUST1078,Keyboard,Accessories,North,1.0,1500,0.1,1350.0,850,Website,Sale,500.0,0.37037037037037035
ORD00360,2025-11-17,CUST1269,Keyboard,Accessories,South,4.0,1500,0.2,4800.0,3400,App,Sale,1400.0,0.2916666666666667
ORD00361,2025-04-02,CUST1339,Webcam,Accessories,East,5.0,3200,0.2,12800.0,9500,Marketplace,Sale,3300.0,0.2578125
ORD00362,2025-04-22,CUST1328,Tablet,Electronics,North,5.0,22000,0.0,110000.0,77500,App,Sale,32500.0,0.29545454545454547
ORD00363,2025-01-21,CUST1012,Headphones,Accessories,East,4.0,2500,0.0,10000.0,5400,Marketplace,Sale,4600.0,0.46
ORD00364,2025-09-21,CUST1049,Tablet,Electronics,East,1.0,22000,0.1,19800.0,15500,App,Sale,4300.0,0.21717171717171718
ORD00365,2025-10-01,CUST1105,Monitor,Electronics,South,2.0,12000,0.05,22800.0,15200,Website,Sale,7600.0,0.3333333333333333
ORD00366,2025-11-28,CUST1027,Smartphone,Electronics,East,1.0,28000,0.15,23800.0,20500,App,Sale,3300.0,0.13865546218487396
ORD00367,2025-02-06,CUST1161,Mouse,Accessories,South,3.0,800,0.15,2040.0,1260,Website,Sale,780.0,0.38235294117647056
ORD00368,2025-10-01,CUST1257,Monitor,Electronics,East,6.0,12000,0.2,57600.0,45600,Marketplace,Sale,12000.0,0.20833333333333334
ORD00369,2025-07-11,CUST1273,Tablet,Electronics,South,4.0,22000,0.15,74800.0,62000,Website,Sale,12800.0,0.1711229946524064
ORD00370,2025-10-07,CUST1021,Smartphone,Electronics,North,-1.0,28000,0.1,-25200.0,-20500,Website,Return,-4700.0,
ORD00371,2025-03-10,CUST1082,Keyboard,Accessories,North,2.0,1500,0.1,2700.0,1700,Marketplace,Sale,1000.0,0.37037037037037035
ORD00372,2025-04-10,CUST1128,Laptop,Electronics,South,5.0,55000,0.15,233750.0,180000,App,Sale,53750.0,0.22994652406417113
ORD00373,2025-07-09,CUST1162,Smartphone,Electronics,East,6.0,28000,0.05,159600.0,123000,App,Sale,36600.0,0.22932330827067668
ORD00374,2025-12-04,CUST1086,Smartphone,Electronics,South,5.0,28000,0.2,112000.0,102500,App,Sale,9500.0,0.08482142857142858
ORD00375,2025-12-31,CUST1236,Webcam,Accessories,East,3.0,3200,0.1,8640.0,5700,Marketplace,Sale,2940.0,0.3402777777777778
ORD00376,2025-07-09,CUST1275,Smartphone,Electronics,South,6.0,28000,0.2,134400.0,123000,Website,Sale,11400.0,0.08482142857142858
ORD00377,2025-02-08,CUST1282,Laptop,Electronics,North,5.0,55000,0.2,220000.0,180000,Website,Sale,40000.0,0.18181818181818182
ORD00378,2025-12-01,CUST1256,Webcam,Accessories,West,2.0,3200,0.2,5120.0,3800,Marketplace,Sale,1320.0,0.2578125
ORD00379,2025-09-15,CUST1091,Mouse,Accessories,North,5.0,800,0.05,3800.0,2100,App,Sale,1700.0,0.4473684210526316
ORD00380,2025-09-05,CUST1342,Mouse,Accessories,East,4.0,800,0.05,3040.0,1680,Marketplace,Sale,1360.0,0.4473684210526316
ORD00381,2025-07-18,CUST1427,Tablet,Electronics,North,1.0,22000,0.0,22000.0,15500,App,Sale,6500.0,0.29545454545454547
ORD00382,2025-10-19,CUST1192,Webcam,Accessories,South,3.0,3200,0.2,7680.0,5700,App,Sale,1980.0,0.2578125
ORD00383,2025-07-27,CUST1084,Headphones,Accessories,North,-1.0,2500,0.15,-2125.0,-1350,Marketplace,Return,-775.0,
ORD00384,2025-04-19,CUST1212,Smartphone,Electronics,South,3.0,28000,0.2,67200.0,61500,Website,Sale,5700.0,0.08482142857142858
ORD00385,2025-09-04,CUST1124,Tablet,Electronics,North,2.0,22000,0.2,35200.0,31000,App,Sale,4200.0,0.11931818181818182
ORD00386,2025-03-24,CUST1264,Laptop,Electronics,North,5.0,55000,0.05,261250.0,180000,App,Sale,81250.0,0.31100478468899523
ORD00387,2025-11-23,CUST1087,Keyboard,Accessories,West,1.0,1500,0.05,1425.0,850,App,Sale,575.0,0.40350877192982454
ORD00388,2025-03-15,CUST1232,Smartphone,Electronics,North,5.0,28000,0.2,112000.0,102500,App,Sale,9500.0,0.08482142857142858
ORD00389,2025-07-13,CUST1423,Monitor,Electronics,North,1.0,12000,0.05,11400.0,7600,App,Sale,3800.0,0.3333333333333333
ORD00390,2025-01-09,CUST1308,Laptop,Electronics,North,5.0,55000,0.2,220000.0,180000,Website,Sale,40000.0,0.18181818181818182
ORD00391,2025-09-25,CUST1404,Laptop,Electronics,East,6.0,55000,0.2,264000.0,216000,App,Sale,48000.0,0.18181818181818182
ORD00392,2025-12-23,CUST1145,Webcam,Accessories,North,2.0,3200,0.1,5760.0,3800,Website,Sale,1960.0,0.3402777777777778
ORD00393,2025-05-12,CUST1209,Laptop,Electronics,South,-1.0,55000,0.2,-44000.0,-36000,Website,Return,-8000.0,
ORD00394,2025-11-30,CUST1386,Keyboard,Accessories,North,5.0,1500,0.15,6375.0,4250,App,Sale,2125.0,0.3333333333333333
ORD00395,2025-09-05,CUST1376,Tablet,Electronics,East,3.0,22000,0.1,59400.0,46500,Website,Sale,12900.0,0.21717171717171718
ORD00396,2025-04-28,CUST1082,Smartphone,Electronics,South,1.0,28000,0.05,26600.0,20500,Website,Sale,6100.0,0.22932330827067668
ORD00397,2025-02-16,CUST1370,Webcam,Accessories,West,1.0,3200,0.0,3200.0,1900,App,Sale,1300.0,0.40625
ORD00398,2025-12-02,CUST1099,Laptop,Electronics,North,2.0,55000,0.15,93500.0,72000,App,Sale,21500.0,0.22994652406417113
ORD00399,2025-09-22,CUST1044,Smartphone,Electronics,East,6.0,28000,0.0,168000.0,123000,Website,Sale,45000.0,0.26785714285714285
ORD00400,2025-06-30,CUST1046,Webcam,Accessories,South,5.0,3200,0.05,15200.0,9500,App,Sale,5700.0,0.375
ORD00401,2025-10-26,CUST1294,Keyboard,Accessories,South,2.0,1500,0.2,2400.0,1700,Website,Sale,700.0,0.2916666666666667
ORD00402,2025-09-17,CUST1448,Monitor,Electronics,East,5.0,12000,0.1,54000.0,38000,App,Sale,16000.0,0.2962962962962963
ORD00403,2025-05-09,CUST1348,Webcam,Accessories,North,5.0,3200,0.15,13600.0,9500,Website,Sale,4100.0,0.3014705882352941
ORD00404,2025-09-04,CUST1211,Monitor,Electronics,North,4.0,12000,0.05,45600.0,30400,App,Sale,15200.0,0.3333333333333333
ORD00405,2025-01-05,CUST1038,Keyboard,Accessories,South,2.0,1500,0.1,2700.0,1700,Website,Sale,1000.0,0.37037037037037035
ORD00406,2025-10-06,CUST1446,Keyboard,Accessories,South,2.0,1500,0.05,2850.0,1700,App,Sale,1150.0,0.40350877192982454
ORD00407,2025-05-08,CUST1314,Smartphone,Electronics,East,1.0,28000,0.0,28000.0,20500,App,Sale,7500.0,0.26785714285714285
ORD00408,2025-01-22,CUST1203,Headphones,Accessories,North,4.0,2500,0.2,8000.0,5400,App,Sale,2600.0,0.325
ORD00409,2025-01-28,CUST1234,Webcam,Accessories,South,4.0,3200,0.2,10240.0,7600,App,Sale,2640.0,0.2578125
ORD00410,2025-08-24,CUST1313,Laptop,Electronics,South,1.0,55000,0.05,52250.0,36000,App,Sale,16250.0,0.31100478468899523
ORD00411,2025-05-15,CUST1214,Tablet,Electronics,East,5.0,22000,0.1,99000.0,77500,Marketplace,Sale,21500.0,0.21717171717171718
ORD00412,2025-07-25,CUST1369,Smartphone,Electronics,South,5.0,28000,0.05,133000.0,102500,App,Sale,30500.0,0.22932330827067668
ORD00413,2025-08-10,CUST1068,Smartphone,Electronics,East,-2.0,28000,0.05,-53200.0,-41000,App,Return,-12200.0,
ORD00414,2025-10-01,CUST1050,Tablet,Electronics,North,3.0,22000,0.1,59400.0,46500,App,Sale,12900.0,0.21717171717171718
ORD00415,2025-05-11,CUST1176,Monitor,Electronics,North,4.0,12000,0.1,43200.0,30400,Marketplace,Sale,12800.0,0.2962962962962963
ORD00416,2025-12-14,CUST1040,Smartphone,Electronics,East,3.0,28000,0.1,75600.0,61500,Website,Sale,14100.0,0.1865079365079365
ORD00417,2025-11-20,CUST1434,Smartphone,Electronics,North,6.0,28000,0.1,151200.0,123000,App,Sale,28200.0,0.1865079365079365
ORD00418,2025-06-25,CUST1138,Headphones,Accessories,East,6.0,2500,0.1,13500.0,8100,Marketplace,Sale,5400.0,0.4
ORD00419,2025-10-28,CUST1338,Webcam,Accessories,South,2.0,3200,0.05,6080.0,3800,Website,Sale,2280.0,0.375
ORD00420,2025-04-18,CUST1013,Monitor,Electronics,North,1.0,12000,0.0,12000.0,7600,Website,Sale,4400.0,0.36666666666666664
ORD00421,2025-02-23,CUST1226,Smartphone,Electronics,South,1.0,28000,0.15,23800.0,20500,App,Sale,3300.0,0.13865546218487396
ORD00422,2025-03-29,CUST1280,Headphones,Accessories,South,3.0,2500,0.15,6375.0,4050,App,Sale,2325.0,0.36470588235294116
ORD00423,2025-04-01,CUST1177,Tablet,Electronics,South,6.0,22000,0.2,105600.0,93000,Website,Sale,12600.0,0.11931818181818182
ORD00424,2025-08-15,CUST1146,Webcam,Accessories,North,-1.0,3200,0.05,-3040.0,-1900,Website,Return,-1140.0,
ORD00425,2025-02-09,CUST1210,Webcam,Accessories,West,-2.0,3200,0.2,-5120.0,-3800,Website,Return,-1320.0,
ORD00426,2025-08-05,CUST1264,Webcam,Accessories,North,4.0,3200,0.05,12160.0,7600,Marketplace,Sale,4560.0,0.375
ORD00427,2025-05-26,CUST1056,Keyboard,Accessories,North,4.0,1500,0.05,5700.0,3400,Website,Sale,2300.0,0.40350877192982454
ORD00428,2025-05-20,CUST1095,Tablet,Electronics,East,2.0,22000,0.1,39600.0,31000,Marketplace,Sale,8600.0,0.21717171717171718
ORD00429,2025-03-06,CUST1215,Laptop,Electronics,East,2.0,55000,0.0,110000.0,72000,Website,Sale,38000.0,0.34545454545454546
ORD00430,2025-07-10,CUST1136,Laptop,Electronics,North,3.0,55000,0.0,165000.0,108000,App,Sale,57000.0,0.34545454545454546
ORD00431,2025-08-29,CUST1197,Keyboard,Accessories,West,4.0,1500,0.0,6000.0,3400,App,Sale,2600.0,0.43333333333333335
ORD00432,2025-01-18,UNKNOWN,Monitor,Electronics,South,5.0,12000,0.05,57000.0,38000,Website,Sale,19000.0,0.3333333333333333
ORD00433,2025-09-10,CUST1057,Keyboard,Accessories,West,4.0,1500,0.1,5400.0,3400,Marketplace,Sale,2000.0,0.37037037037037035
ORD00434,2025-01-08,CUST1297,Keyboard,Accessories,West,5.0,1500,0.0,7500.0,4250,App,Sale,3250.0,0.43333333333333335
ORD00435,2025-03-21,CUST1388,Monitor,Electronics,North,2.0,12000,0.05,22800.0,15200,Marketplace,Sale,7600.0,0.3333333333333333
ORD00436,2025-11-27,CUST1412,Monitor,Electronics,South,2.0,12000,0.15,20400.0,15200,App,Sale,5200.0,0.2549019607843137
ORD00437,2025-01-11,CUST1286,Headphones,Accessories,South,6.0,2500,0.05,14250.0,8100,Website,Sale,6150.0,0.43157894736842106
ORD00438,2025-08-04,CUST1035,Headphones,Accessories,West,3.0,2500,0.15,6375.0,4050,Marketplace,Sale,2325.0,0.36470588235294116
ORD00439,2025-05-15,CUST1317,Tablet,Electronics,East,1.0,22000,0.2,17600.0,15500,App,Sale,2100.0,0.11931818181818182
ORD00440,2025-05-03,CUST1392,Monitor,Electronics,North,6.0,12000,0.2,57600.0,45600,Marketplace,Sale,12000.0,0.20833333333333334
ORD00441,2025-06-15,CUST1091,Headphones,Accessories,South,1.0,2500,0.0,2500.0,1350,Website,Sale,1150.0,0.46
ORD00442,2025-09-06,CUST1025,Laptop,Electronics,North,5.0,55000,0.15,233750.0,180000,Website,Sale,53750.0,0.22994652406417113
ORD00443,2025-01-07,CUST1420,Tablet,Electronics,South,1.0,22000,0.15,18700.0,15500,Website,Sale,3200.0,0.1711229946524064
ORD00444,2025-12-11,CUST1265,Laptop,Electronics,South,6.0,55000,0.0,330000.0,216000,App,Sale,114000.0,0.34545454545454546
ORD00445,2025-09-30,CUST1382,Mouse,Accessories,South,5.0,800,0.05,3800.0,2100,App,Sale,1700.0,0.4473684210526316
ORD00446,2025-07-03,CUST1336,Webcam,Accessories,North,1.0,3200,0.05,3040.0,1900,Website,Sale,1140.0,0.375
ORD00447,2025-06-30,CUST1311,Headphones,Accessories,North,3.0,2500,0.15,6375.0,4050,App,Sale,2325.0,0.36470588235294116
ORD00448,2025-07-12,CUST1145,Keyboard,Accessories,North,3.0,1500,0.15,3825.0,2550,App,Sale,1275.0,0.3333333333333333
ORD00449,2025-06-04,CUST1283,Mouse,Accessories,North,2.0,800,0.1,1440.0,840,App,Sale,600.0,0.4166666666666667
ORD00450,2025-03-21,CUST1119,Tablet,Electronics,East,3.0,22000,0.05,62700.0,46500,Website,Sale,16200.0,0.2583732057416268
ORD00451,2025-10-20,CUST1249,Mouse,Accessories,South,6.0,800,0.0,4800.0,2520,App,Sale,2280.0,0.475
ORD00452,2025-02-18,CUST1178,Keyboard,Accessories,West,1.0,1500,0.2,1200.0,850,Website,Sale,350.0,0.2916666666666667
ORD00453,2025-03-03,CUST1276,Laptop,Electronics,East,6.0,55000,0.15,280500.0,216000,App,Sale,64500.0,0.22994652406417113
ORD00454,2025-12-24,CUST1113,Laptop,Electronics,East,6.0,55000,0.15,280500.0,216000,Website,Sale,64500.0,0.22994652406417113
ORD00455,2025-03-17,CUST1043,Monitor,Electronics,West,4.0,12000,0.2,38400.0,30400,App,Sale,8000.0,0.20833333333333334
ORD00456,2025-11-03,CUST1124,Mouse,Accessories,East,4.0,800,0.15,2720.0,1680,Website,Sale,1040.0,0.38235294117647056
ORD00457,2025-06-15,CUST1176,Monitor,Electronics,North,1.0,12000,0.15,10200.0,7600,Marketplace,Sale,2600.0,0.2549019607843137
ORD00458,2025-03-28,CUST1102,Tablet,Electronics,South,5.0,22000,0.05,104500.0,77500,Website,Sale,27000.0,0.2583732057416268
ORD00459,2025-02-27,CUST1175,Mouse,Accessories,North,5.0,800,0.05,3800.0,2100,Marketplace,Sale,1700.0,0.4473684210526316
ORD00460,2025-08-19,CUST1280,Headphones,Accessories,South,2.0,2500,0.2,4000.0,2700,App,Sale,1300.0,0.325
ORD00461,2025-12-22,CUST1087,Laptop,Electronics,South,4.0,55000,0.2,176000.0,144000,App,Sale,32000.0,0.18181818181818182
ORD00462,2025-05-19,CUST1442,Laptop,Electronics,East,1.0,55000,0.15,46750.0,36000,Website,Sale,10750.0,0.22994652406417113
ORD00463,2025-04-29,CUST1101,Monitor,Electronics,West,3.0,12000,0.15,30600.0,22800,App,Sale,7800.0,0.2549019607843137
ORD00464,2025-12-31,CUST1009,Mouse,Accessories,East,5.0,800,0.1,3600.0,2100,Marketplace,Sale,1500.0,0.4166666666666667
ORD00465,2025-11-17,CUST1284,Keyboard,Accessories,South,1.0,1500,0.1,1350.0,850,App,Sale,500.0,0.37037037037037035
ORD00466,2025-06-24,CUST1213,Smartphone,Electronics,South,1.0,28000,0.15,23800.0,20500,Website,Sale,3300.0,0.13865546218487396
ORD00467,2025-09-06,CUST1441,Tablet,Electronics,South,5.0,22000,0.05,104500.0,77500,App,Sale,27000.0,0.2583732057416268
ORD00468,2025-03-11,CUST1094,Smartphone,Electronics,South,6.0,28000,0.2,134400.0,123000,Website,Sale,11400.0,0.08482142857142858
ORD00469,2025-06-13,CUST1094,Keyboard,Accessories,North,4.0,1500,0.1,5400.0,3400,App,Sale,2000.0,0.37037037037037035
ORD00470,2025-05-17,CUST1352,Mouse,Accessories,South,5.0,800,0.05,3800.0,2100,App,Sale,1700.0,0.4473684210526316
ORD00471,2025-06-11,CUST1115,Headphones,Accessories,East,2.0,2500,0.15,4250.0,2700,Website,Sale,1550.0,0.36470588235294116
ORD00472,2025-05-19,CUST1443,Mouse,Accessories,South,2.0,800,0.0,1600.0,840,Marketplace,Sale,760.0,0.475
ORD00473,2025-08-23,CUST1201,Webcam,Accessories,South,1.0,3200,0.2,2560.0,1900,App,Sale,660.0,0.2578125
ORD00474,2025-11-01,CUST1449,Laptop,Electronics,North,5.0,55000,0.0,275000.0,180000,App,Sale,95000.0,0.34545454545454546
ORD00475,2025-07-22,CUST1396,Webcam,Accessories,West,5.0,3200,0.0,16000.0,9500,App,Sale,6500.0,0.40625
ORD00476,2025-08-05,CUST1046,Laptop,Electronics,North,6.0,55000,0.2,264000.0,216000,App,Sale,48000.0,0.18181818181818182
ORD00477,2025-10-27,CUST1302,Smartphone,Electronics,South,4.0,28000,0.15,95200.0,82000,Website,Sale,13200.0,0.13865546218487396
ORD00478,2025-02-16,CUST1043,Smartphone,Electronics,West,6.0,28000,0.0,168000.0,123000,App,Sale,45000.0,0.26785714285714285
ORD00479,2025-10-11,CUST1083,Webcam,Accessories,South,1.0,3200,0.05,3040.0,1900,Website,Sale,1140.0,0.375
ORD00480,2025-03-08,CUST1001,Tablet,Electronics,East,3.0,22000,0.05,62700.0,46500,Website,Sale,16200.0,0.2583732057416268
ORD00481,2025-08-23,CUST1301,Tablet,Electronics,West,5.0,22000,0.0,110000.0,77500,Website,Sale,32500.0,0.29545454545454547
ORD00482,2025-08-15,CUST1025,Laptop,Electronics,North,2.0,55000,0.2,88000.0,72000,Marketplace,Sale,16000.0,0.18181818181818182
ORD00483,2025-01-19,CUST1025,Laptop,Electronics,South,6.0,55000,0.2,264000.0,216000,App,Sale,48000.0,0.18181818181818182
ORD00484,2025-12-11,CUST1165,Smartphone,Electronics,West,4.0,28000,0.2,89600.0,82000,Website,Sale,7600.0,0.08482142857142858
ORD00485,2025-08-07,CUST1269,Keyboard,Accessories,South,4.0,1500,0.05,5700.0,3400,App,Sale,2300.0,0.40350877192982454
ORD00486,2025-11-10,CUST1218,Monitor,Electronics,East,4.0,12000,0.2,38400.0,30400,Marketplace,Sale,8000.0,0.20833333333333334
ORD00487,2025-09-27,CUST1252,Headphones,Accessories,North,2.0,2500,0.2,4000.0,2700,App,Sale,1300.0,0.325
ORD00488,2025-12-29,CUST1409,Laptop,Electronics,West,1.0,55000,0.0,55000.0,36000,Website,Sale,19000.0,0.34545454545454546
ORD00489,2025-01-24,CUST1157,Mouse,Accessories,North,1.0,800,0.05,760.0,420,Marketplace,Sale,340.0,0.4473684210526316
ORD00490,2025-01-04,CUST1426,Headphones,Accessories,East,3.0,2500,0.15,6375.0,4050,Marketplace,Sale,2325.0,0.36470588235294116
ORD00491,2025-12-11,CUST1236,Tablet,Electronics,West,1.0,22000,0.05,20900.0,15500,Website,Sale,5400.0,0.2583732057416268
ORD00492,2025-09-24,CUST1409,Headphones,Accessories,East,5.0,2500,0.2,10000.0,6750,Marketplace,Sale,3250.0,0.325
ORD00493,2025-02-03,CUST1095,Laptop,Electronics,East,3.0,55000,0.15,140250.0,108000,Marketplace,Sale,32250.0,0.22994652406417113
ORD00494,2025-12-28,CUST1231,Laptop,Electronics,East,3.0,55000,0.15,140250.0,108000,App,Sale,32250.0,0.22994652406417113
ORD00495,2025-09-26,CUST1259,Monitor,Electronics,West,3.0,12000,0.0,36000.0,22800,App,Sale,13200.0,0.36666666666666664
ORD00496,2025-03-20,CUST1420,Tablet,Electronics,North,6.0,22000,0.2,105600.0,93000,App,Sale,12600.0,0.11931818181818182
ORD00497,2025-04-16,CUST1351,Tablet,Electronics,East,4.0,22000,0.2,70400.0,62000,Website,Sale,8400.0,0.11931818181818182
ORD00498,2025-06-20,CUST1295,Laptop,Electronics,South,1.0,55000,0.2,44000.0,36000,App,Sale,8000.0,0.18181818181818182
ORD00499,2025-06-14,CUST1139,Keyboard,Accessories,East,3.0,1500,0.2,3600.0,2550,Website,Sale,1050.0,0.2916666666666667
ORD00500,2025-08-01,CUST1360,Monitor,Electronics,North,2.0,12000,0.2,19200.0,15200,App,Sale,4000.0,0.20833333333333334
ORD00501,2025-03-29,CUST1054,Headphones,Accessories,North,5.0,2500,0.15,10625.0,6750,Website,Sale,3875.0,0.36470588235294116
ORD00502,2025-07-20,CUST1386,Tablet,Electronics,North,5.0,22000,0.1,99000.0,77500,App,Sale,21500.0,0.21717171717171718
ORD00503,2025-02-17,CUST1240,Monitor,Electronics,South,4.0,12000,0.1,43200.0,30400,App,Sale,12800.0,0.2962962962962963
ORD00504,2025-11-12,CUST1232,Headphones,Accessories,North,4.0,2500,0.05,9500.0,5400,Website,Sale,4100.0,0.43157894736842106
ORD00505,2025-02-27,CUST1260,Tablet,Electronics,East,2.0,22000,0.1,39600.0,31000,Website,Sale,8600.0,0.21717171717171718
ORD00506,2025-06-16,CUST1317,Monitor,Electronics,South,3.0,12000,0.2,28800.0,22800,Website,Sale,6000.0,0.20833333333333334
ORD00507,2025-07-16,CUST1278,Mouse,Accessories,South,6.0,800,0.2,3840.0,2520,Website,Sale,1320.0,0.34375
ORD00508,2025-12-31,CUST1420,Tablet,Electronics,East,1.0,22000,0.2,17600.0,15500,Website,Sale,2100.0,0.11931818181818182
ORD00509,2025-05-02,CUST1418,Webcam,Accessories,North,3.0,3200,0.15,8160.0,5700,Website,Sale,2460.0,0.3014705882352941
ORD00510,2025-03-17,CUST1105,Tablet,Electronics,East,5.0,22000,0.1,99000.0,77500,Marketplace,Sale,21500.0,0.21717171717171718
ORD00511,2025-10-19,CUST1433,Webcam,Accessories,East,6.0,3200,0.1,17280.0,11400,Website,Sale,5880.0,0.3402777777777778
ORD00512,2025-07-09,CUST1443,Laptop,Electronics,West,6.0,55000,0.2,264000.0,216000,App,Sale,48000.0,0.18181818181818182
ORD00513,2025-07-21,CUST1243,Webcam,Accessories,North,4.0,3200,0.15,10880.0,7600,Website,Sale,3280.0,0.3014705882352941
ORD00514,2025-07-04,CUST1073,Keyboard,Accessories,West,6.0,1500,0.05,8550.0,5100,Website,Sale,3450.0,0.40350877192982454
ORD00515,2025-03-11,CUST1260,Webcam,Accessories,East,4.0,3200,0.2,10240.0,7600,Website,Sale,2640.0,0.2578125
ORD00516,2025-07-16,CUST1364,Smartphone,Electronics,West,4.0,28000,0.2,89600.0,82000,App,Sale,7600.0,0.08482142857142858
ORD00517,2025-10-23,CUST1353,Laptop,Electronics,South,5.0,55000,0.15,233750.0,180000,App,Sale,53750.0,0.22994652406417113
ORD00518,2025-05-24,CUST1350,Monitor,Electronics,East,5.0,12000,0.2,48000.0,38000,App,Sale,10000.0,0.20833333333333334
ORD00519,2025-06-09,CUST1293,Headphones,Accessories,West,5.0,2500,0.0,12500.0,6750,Marketplace,Sale,5750.0,0.46
ORD00520,2025-05-31,CUST1031,Laptop,Electronics,North,6.0,55000,0.2,264000.0,216000,App,Sale,48000.0,0.18181818181818182
ORD00521,2025-10-21,CUST1258,Keyboard,Accessories,East,6.0,1500,0.2,7200.0,5100,Marketplace,Sale,2100.0,0.2916666666666667
ORD00522,2025-10-05,CUST1302,Keyboard,Accessories,South,3.0,1500,0.1,4050.0,2550,Website,Sale,1500.0,0.37037037037037035
ORD00523,2025-07-09,CUST1043,Mouse,Accessories,North,4.0,800,0.05,3040.0,1680,App,Sale,1360.0,0.4473684210526316
ORD00524,2025-09-11,CUST1027,Webcam,Accessories,East,2.0,3200,0.15,5440.0,3800,Website,Sale,1640.0,0.3014705882352941
ORD00525,2025-01-27,CUST1194,Webcam,Accessories,West,4.0,3200,0.1,11520.0,7600,Website,Sale,3920.0,0.3402777777777778
ORD00526,2025-05-15,CUST1271,Webcam,Accessories,North,1.0,3200,0.1,2880.0,1900,Website,Sale,980.0,0.3402777777777778
ORD00527,2025-09-30,CUST1130,Webcam,Accessories,West,5.0,3200,0.1,14400.0,9500,Website,Sale,4900.0,0.3402777777777778
ORD00528,2025-12-12,CUST1280,Mouse,Accessories,North,5.0,800,0.1,3600.0,2100,Website,Sale,1500.0,0.4166666666666667
ORD00529,2025-01-07,CUST1098,Monitor,Electronics,North,6.0,12000,0.15,61200.0,45600,Website,Sale,15600.0,0.2549019607843137
ORD00530,2025-01-30,CUST1192,Mouse,Accessories,South,5.0,800,0.0,4000.0,2100,App,Sale,1900.0,0.475
ORD00531,2025-04-05,CUST1141,Smartphone,Electronics,South,3.0,28000,0.1,75600.0,61500,Marketplace,Sale,14100.0,0.1865079365079365
ORD00532,2025-05-12,CUST1132,Monitor,Electronics,East,3.0,12000,0.0,36000.0,22800,App,Sale,13200.0,0.36666666666666664
ORD00533,2025-08-14,CUST1276,Mouse,Accessories,South,5.0,800,0.15,3400.0,2100,App,Sale,1300.0,0.38235294117647056
ORD00534,2025-11-26,CUST1397,Tablet,Electronics,West,6.0,22000,0.1,118800.0,93000,App,Sale,25800.0,0.21717171717171718
ORD00535,2025-12-01,CUST1294,Laptop,Electronics,South,6.0,55000,0.15,280500.0,216000,Website,Sale,64500.0,0.22994652406417113
ORD00536,2025-09-02,CUST1062,Monitor,Electronics,East,5.0,12000,0.05,57000.0,38000,Marketplace,Sale,19000.0,0.3333333333333333
ORD00537,2025-12-16,CUST1041,Laptop,Electronics,East,6.0,55000,0.0,330000.0,216000,Marketplace,Sale,114000.0,0.34545454545454546
ORD00538,2025-11-28,CUST1322,Laptop,Electronics,West,4.0,55000,0.05,209000.0,144000,Website,Sale,65000.0,0.31100478468899523
ORD00539,2025-11-20,CUST1250,Mouse,Accessories,East,2.0,800,0.0,1600.0,840,App,Sale,760.0,0.475
ORD00540,2025-11-26,CUST1207,Tablet,Electronics,East,1.0,22000,0.0,22000.0,15500,App,Sale,6500.0,0.29545454545454547
ORD00541,2025-08-23,CUST1250,Smartphone,Electronics,West,6.0,28000,0.2,134400.0,123000,App,Sale,11400.0,0.08482142857142858
ORD00542,2025-01-24,CUST1233,Smartphone,Electronics,East,1.0,28000,0.05,26600.0,20500,App,Sale,6100.0,0.22932330827067668
ORD00543,2025-02-02,CUST1172,Tablet,Electronics,South,5.0,22000,0.2,88000.0,77500,Website,Sale,10500.0,0.11931818181818182
ORD00544,2025-06-16,CUST1032,Smartphone,Electronics,South,3.0,28000,0.05,79800.0,61500,Website,Sale,18300.0,0.22932330827067668
ORD00545,2025-03-28,CUST1405,Smartphone,Electronics,North,4.0,28000,0.05,106400.0,82000,Website,Sale,24400.0,0.22932330827067668
ORD00546,2025-03-22,CUST1213,Tablet,Electronics,East,1.0,22000,0.0,22000.0,15500,Website,Sale,6500.0,0.29545454545454547
ORD00547,2025-12-21,CUST1312,Smartphone,Electronics,North,6.0,28000,0.1,151200.0,123000,App,Sale,28200.0,0.1865079365079365
ORD00548,2025-09-13,CUST1271,Keyboard,Accessories,North,3.0,1500,0.15,3825.0,2550,Marketplace,Sale,1275.0,0.3333333333333333
ORD00549,2025-04-10,CUST1350,Tablet,Electronics,West,6.0,22000,0.05,125400.0,93000,Website,Sale,32400.0,0.2583732057416268
ORD00550,2025-04-01,CUST1315,Laptop,Electronics,East,1.0,55000,0.1,49500.0,36000,Website,Sale,13500.0,0.2727272727272727
ORD00551,2025-01-23,CUST1036,Laptop,Electronics,South,5.0,55000,0.05,261250.0,180000,Website,Sale,81250.0,0.31100478468899523
ORD00552,2025-10-31,CUST1050,Webcam,Accessories,West,2.0,3200,0.1,5760.0,3800,App,Sale,1960.0,0.3402777777777778
ORD00553,2025-12-07,CUST1312,Tablet,Electronics,West,5.0,22000,0.15,93500.0,77500,Marketplace,Sale,16000.0,0.1711229946524064
ORD00554,2025-11-03,CUST1016,Mouse,Accessories,North,6.0,800,0.1,4320.0,2520,Marketplace,Sale,1800.0,0.4166666666666667
ORD00555,2025-03-11,CUST1309,Tablet,Electronics,East,4.0,22000,0.15,74800.0,62000,App,Sale,12800.0,0.1711229946524064
ORD00556,2025-03-29,CUST1302,Mouse,Accessories,West,1.0,800,0.15,680.0,420,Marketplace,Sale,260.0,0.38235294117647056
ORD00557,2025-08-01,CUST1293,Mouse,Accessories,West,2.0,800,0.1,1440.0,840,Website,Sale,600.0,0.4166666666666667
ORD00558,2025-01-21,CUST1231,Laptop,Electronics,North,4.0,55000,0.2,176000.0,144000,App,Sale,32000.0,0.18181818181818182
ORD00559,2025-01-07,CUST1008,Webcam,Accessories,East,2.0,3200,0.05,6080.0,3800,App,Sale,2280.0,0.375
ORD00560,2025-12-27,CUST1094,Laptop,Electronics,East,4.0,55000,0.15,187000.0,144000,Website,Sale,43000.0,0.22994652406417113
ORD00561,2025-12-27,CUST1357,Monitor,Electronics,North,4.0,12000,0.1,43200.0,30400,App,Sale,12800.0,0.2962962962962963
ORD00562,2025-04-17,CUST1026,Headphones,Accessories,East,6.0,2500,0.0,15000.0,8100,Website,Sale,6900.0,0.46
ORD00563,2025-11-13,CUST1070,Headphones,Accessories,South,2.0,2500,0.2,4000.0,2700,App,Sale,1300.0,0.325
ORD00564,2025-02-28,CUST1141,Mouse,Accessories,East,6.0,800,0.05,4560.0,2520,Marketplace,Sale,2040.0,0.4473684210526316
ORD00565,2025-08-20,CUST1231,Monitor,Electronics,East,4.0,12000,0.2,38400.0,30400,Website,Sale,8000.0,0.20833333333333334
ORD00566,2025-04-07,CUST1084,Monitor,Electronics,South,4.0,12000,0.05,45600.0,30400,App,Sale,15200.0,0.3333333333333333
ORD00567,2025-12-09,CUST1242,Mouse,Accessories,West,5.0,800,0.0,4000.0,2100,Website,Sale,1900.0,0.475
ORD00568,2025-05-30,CUST1335,Laptop,Electronics,East,2.0,55000,0.2,88000.0,72000,Website,Sale,16000.0,0.18181818181818182
ORD00569,2025-10-31,CUST1087,Tablet,Electronics,South,4.0,22000,0.1,79200.0,62000,Website,Sale,17200.0,0.21717171717171718
ORD00570,2025-10-07,CUST1364,Laptop,Electronics,South,2.0,55000,0.1,99000.0,72000,App,Sale,27000.0,0.2727272727272727
ORD00571,2025-12-29,CUST1225,Smartphone,Electronics,South,2.0,28000,0.05,53200.0,41000,App,Sale,12200.0,0.22932330827067668
ORD00572,2025-10-15,CUST1273,Headphones,Accessories,North,3.0,2500,0.05,7125.0,4050,Website,Sale,3075.0,0.43157894736842106
ORD00573,2025-09-13,CUST1331,Headphones,Accessories,West,2.0,2500,0.0,5000.0,2700,Marketplace,Sale,2300.0,0.46
ORD00574,2025-10-21,CUST1347,Tablet,Electronics,East,3.0,22000,0.0,66000.0,46500,Website,Sale,19500.0,0.29545454545454547
ORD00575,2025-07-25,CUST1298,Mouse,Accessories,East,4.0,800,0.1,2880.0,1680,Marketplace,Sale,1200.0,0.4166666666666667
ORD00576,2025-04-11,CUST1162,Tablet,Electronics,North,6.0,22000,0.0,132000.0,93000,Website,Sale,39000.0,0.29545454545454547
ORD00577,2025-12-08,CUST1176,Smartphone,Electronics,West,6.0,28000,0.15,142800.0,123000,App,Sale,19800.0,0.13865546218487396
ORD00578,2025-02-14,CUST1373,Tablet,Electronics,South,6.0,22000,0.15,112200.0,93000,App,Sale,19200.0,0.1711229946524064
ORD00579,2025-11-03,CUST1033,Mouse,Accessories,North,3.0,800,0.15,2040.0,1260,Website,Sale,780.0,0.38235294117647056
ORD00580,2025-02-15,CUST1102,Keyboard,Accessories,West,4.0,1500,0.05,5700.0,3400,Marketplace,Sale,2300.0,0.40350877192982454
ORD00581,2025-11-10,CUST1013,Keyboard,Accessories,South,5.0,1500,0.1,6750.0,4250,Marketplace,Sale,2500.0,0.37037037037037035
ORD00582,2025-03-06,CUST1014,Tablet,Electronics,East,1.0,22000,0.1,19800.0,15500,Website,Sale,4300.0,0.21717171717171718
ORD00583,2025-02-04,CUST1355,Headphones,Accessories,East,5.0,2500,0.15,10625.0,6750,App,Sale,3875.0,0.36470588235294116
ORD00584,2025-10-22,CUST1182,Keyboard,Accessories,East,2.0,1500,0.2,2400.0,1700,Marketplace,Sale,700.0,0.2916666666666667
ORD00585,2025-08-03,CUST1263,Headphones,Accessories,South,1.0,2500,0.1,2250.0,1350,App,Sale,900.0,0.4
ORD00586,2025-02-18,CUST1138,Smartphone,Electronics,South,5.0,28000,0.1,126000.0,102500,Marketplace,Sale,23500.0,0.1865079365079365
ORD00587,2025-02-19,CUST1210,Headphones,Accessories,South,2.0,2500,0.0,5000.0,2700,Website,Sale,2300.0,0.46
ORD00588,2025-04-22,CUST1213,Mouse,Accessories,North,2.0,800,0.2,1280.0,840,Website,Sale,440.0,0.34375
ORD00589,2025-03-09,CUST1088,Headphones,Accessories,North,3.0,2500,0.1,6750.0,4050,Website,Sale,2700.0,0.4
ORD00590,2025-04-24,CUST1217,Smartphone,Electronics,East,6.0,28000,0.05,159600.0,123000,Website,Sale,36600.0,0.22932330827067668
ORD00591,2025-02-09,CUST1240,Tablet,Electronics,East,4.0,22000,0.0,88000.0,62000,Website,Sale,26000.0,0.29545454545454547
ORD00592,2025-03-02,CUST1094,Laptop,Electronics,North,1.0,55000,0.0,55000.0,36000,Website,Sale,19000.0,0.34545454545454546
ORD00593,2025-03-16,CUST1258,Headphones,Accessories,North,3.0,2500,0.05,7125.0,4050,App,Sale,3075.0,0.43157894736842106
ORD00594,2025-01-08,CUST1109,Mouse,Accessories,East,3.0,800,0.05,2280.0,1260,Website,Sale,1020.0,0.4473684210526316
ORD00595,2025-07-07,CUST1217,Smartphone,Electronics,South,4.0,28000,0.0,112000.0,82000,Website,Sale,30000.0,0.26785714285714285
ORD00596,2025-02-27,CUST1285,Tablet,Electronics,North,1.0,22000,0.2,17600.0,15500,Marketplace,Sale,2100.0,0.11931818181818182
ORD00597,2025-09-10,CUST1115,Keyboard,Accessories,East,4.0,1500,0.2,4800.0,3400,Website,Sale,1400.0,0.2916666666666667
ORD00598,2025-04-07,CUST1344,Tablet,Electronics,West,6.0,22000,0.1,118800.0,93000,App,Sale,25800.0,0.21717171717171718
ORD00599,2025-12-04,CUST1379,Monitor,Electronics,South,2.0,12000,0.15,20400.0,15200,Website,Sale,5200.0,0.2549019607843137
ORD00600,2025-07-06,CUST1142,Mouse,Accessories,East,5.0,800,0.15,3400.0,2100,App,Sale,1300.0,0.38235294117647056
ORD00601,2025-10-31,CUST1261,Webcam,Accessories,East,3.0,3200,0.15,8160.0,5700,Website,Sale,2460.0,0.3014705882352941
ORD00602,2025-02-25,CUST1377,Tablet,Electronics,North,4.0,22000,0.05,83600.0,62000,Website,Sale,21600.0,0.2583732057416268
ORD00603,2025-12-14,CUST1389,Webcam,Accessories,East,5.0,3200,0.1,14400.0,9500,App,Sale,4900.0,0.3402777777777778
ORD00604,2025-09-10,CUST1414,Keyboard,Accessories,North,6.0,1500,0.15,7650.0,5100,Website,Sale,2550.0,0.3333333333333333
ORD00605,2025-01-17,CUST1018,Monitor,Electronics,North,4.0,12000,0.15,40800.0,30400,Marketplace,Sale,10400.0,0.2549019607843137
ORD00606,2025-12-28,CUST1291,Webcam,Accessories,South,2.0,3200,0.1,5760.0,3800,App,Sale,1960.0,0.3402777777777778
ORD00607,2025-12-17,CUST1134,Tablet,Electronics,West,4.0,22000,0.2,70400.0,62000,App,Sale,8400.0,0.11931818181818182
ORD00608,2025-12-13,CUST1178,Keyboard,Accessories,North,3.0,1500,0.0,4500.0,2550,Website,Sale,1950.0,0.43333333333333335
ORD00609,2025-11-17,CUST1338,Monitor,Electronics,South,4.0,12000,0.1,43200.0,30400,Marketplace,Sale,12800.0,0.2962962962962963
ORD00610,2025-10-31,CUST1019,Monitor,Electronics,East,3.0,12000,0.0,36000.0,22800,Website,Sale,13200.0,0.36666666666666664
ORD00611,2025-10-18,CUST1193,Webcam,Accessories,East,3.0,3200,0.0,9600.0,5700,App,Sale,3900.0,0.40625
ORD00612,2025-02-20,CUST1085,Mouse,Accessories,East,3.0,800,0.15,2040.0,1260,Website,Sale,780.0,0.38235294117647056
ORD00613,2025-04-14,CUST1411,Monitor,Electronics,South,5.0,12000,0.05,57000.0,38000,Website,Sale,19000.0,0.3333333333333333
ORD00614,2025-10-24,CUST1107,Headphones,Accessories,North,3.0,2500,0.0,7500.0,4050,Marketplace,Sale,3450.0,0.46
ORD00615,2025-09-16,CUST1343,Headphones,Accessories,South,2.0,2500,0.15,4250.0,2700,Website,Sale,1550.0,0.36470588235294116
ORD00616,2025-11-18,CUST1137,Smartphone,Electronics,North,5.0,28000,0.15,119000.0,102500,App,Sale,16500.0,0.13865546218487396
ORD00617,2025-11-08,CUST1382,Laptop,Electronics,East,5.0,55000,0.05,261250.0,180000,Website,Sale,81250.0,0.31100478468899523
ORD00618,2025-07-30,CUST1330,Monitor,Electronics,South,6.0,12000,0.05,68400.0,45600,App,Sale,22800.0,0.3333333333333333
ORD00619,2025-05-01,CUST1237,Monitor,Electronics,West,2.0,12000,0.05,22800.0,15200,Website,Sale,7600.0,0.3333333333333333
ORD00620,2025-11-28,CUST1337,Smartphone,Electronics,South,3.0,28000,0.05,79800.0,61500,Website,Sale,18300.0,0.22932330827067668
ORD00621,2025-09-06,CUST1186,Monitor,Electronics,North,3.0,12000,0.2,28800.0,22800,Website,Sale,6000.0,0.20833333333333334
ORD00622,2025-03-13,CUST1254,Monitor,Electronics,South,5.0,12000,0.2,48000.0,38000,App,Sale,10000.0,0.20833333333333334
ORD00623,2025-03-04,CUST1089,Webcam,Accessories,East,6.0,3200,0.05,18240.0,11400,Website,Sale,6840.0,0.375
ORD00624,2025-07-29,CUST1279,Laptop,Electronics,South,4.0,55000,0.2,176000.0,144000,App,Sale,32000.0,0.18181818181818182
ORD00625,2025-05-23,CUST1430,Tablet,Electronics,East,6.0,22000,0.1,118800.0,93000,Website,Sale,25800.0,0.21717171717171718
ORD00626,2025-12-20,CUST1415,Keyboard,Accessories,North,5.0,1500,0.15,6375.0,4250,App,Sale,2125.0,0.3333333333333333
ORD00627,2025-08-15,CUST1152,Webcam,Accessories,South,3.0,3200,0.1,8640.0,5700,Website,Sale,2940.0,0.3402777777777778
ORD00628,2025-11-20,CUST1241,Webcam,Accessories,East,1.0,3200,0.1,2880.0,1900,Marketplace,Sale,980.0,0.3402777777777778
ORD00629,2025-08-05,CUST1232,Smartphone,Electronics,East,6.0,28000,0.1,151200.0,123000,Website,Sale,28200.0,0.1865079365079365
ORD00630,2025-11-25,CUST1160,Tablet,Electronics,North,6.0,22000,0.05,125400.0,93000,App,Sale,32400.0,0.2583732057416268
ORD00631,2025-05-08,CUST1447,Smartphone,Electronics,East,5.0,28000,0.15,119000.0,102500,App,Sale,16500.0,0.13865546218487396
ORD00632,2025-12-18,CUST1448,Headphones,Accessories,East,3.0,2500,0.05,7125.0,4050,App,Sale,3075.0,0.43157894736842106
ORD00633,2025-04-25,CUST1025,Mouse,Accessories,West,1.0,800,0.15,680.0,420,App,Sale,260.0,0.38235294117647056
ORD00634,2025-05-14,CUST1395,Headphones,Accessories,West,2.0,2500,0.2,4000.0,2700,Website,Sale,1300.0,0.325
ORD00635,2025-02-03,CUST1220,Mouse,Accessories,North,2.0,800,0.1,1440.0,840,App,Sale,600.0,0.4166666666666667
ORD00636,2025-05-25,CUST1134,Mouse,Accessories,West,4.0,800,0.05,3040.0,1680,App,Sale,1360.0,0.4473684210526316
ORD00637,2025-07-09,CUST1351,Tablet,Electronics,West,1.0,22000,0.0,22000.0,15500,Website,Sale,6500.0,0.29545454545454547
ORD00638,2025-11-02,CUST1181,Monitor,Electronics,South,5.0,12000,0.0,60000.0,38000,App,Sale,22000.0,0.36666666666666664
ORD00639,2025-12-30,CUST1343,Laptop,Electronics,North,1.0,55000,0.1,49500.0,36000,Website,Sale,13500.0,0.2727272727272727
ORD00640,2025-10-25,CUST1045,Smartphone,Electronics,North,5.0,28000,0.15,119000.0,102500,Website,Sale,16500.0,0.13865546218487396
ORD00641,2025-03-14,CUST1382,Headphones,Accessories,West,1.0,2500,0.05,2375.0,1350,Marketplace,Sale,1025.0,0.43157894736842106
ORD00642,2025-05-15,CUST1391,Keyboard,Accessories,North,5.0,1500,0.1,6750.0,4250,Website,Sale,2500.0,0.37037037037037035
ORD00643,2025-01-28,CUST1223,Laptop,Electronics,West,2.0,55000,0.05,104500.0,72000,Website,Sale,32500.0,0.31100478468899523
ORD00644,2025-08-15,CUST1063,Tablet,Electronics,South,4.0,22000,0.15,74800.0,62000,Marketplace,Sale,12800.0,0.1711229946524064
ORD00645,2025-04-03,CUST1269,Keyboard,Accessories,South,5.0,1500,0.2,6000.0,4250,Website,Sale,1750.0,0.2916666666666667
ORD00646,2025-02-09,CUST1201,Tablet,Electronics,North,6.0,22000,0.0,132000.0,93000,Marketplace,Sale,39000.0,0.29545454545454547
ORD00647,2025-03-20,CUST1168,Tablet,Electronics,South,6.0,22000,0.15,112200.0,93000,App,Sale,19200.0,0.1711229946524064
ORD00648,2025-08-20,CUST1380,Smartphone,Electronics,North,2.0,28000,0.0,56000.0,41000,Website,Sale,15000.0,0.26785714285714285
ORD00649,2025-02-17,CUST1198,Smartphone,Electronics,East,2.0,28000,0.15,47600.0,41000,App,Sale,6600.0,0.13865546218487396
ORD00650,2025-03-03,CUST1340,Webcam,Accessories,East,6.0,3200,0.1,17280.0,11400,App,Sale,5880.0,0.3402777777777778
ORD00651,2025-04-13,CUST1415,Webcam,Accessories,South,4.0,3200,0.1,11520.0,7600,Website,Sale,3920.0,0.3402777777777778
ORD00652,2025-11-19,CUST1253,Laptop,Electronics,South,5.0,55000,0.1,247500.0,180000,App,Sale,67500.0,0.2727272727272727
ORD00653,2025-02-12,CUST1430,Webcam,Accessories,West,1.0,3200,0.15,2720.0,1900,Marketplace,Sale,820.0,0.3014705882352941
ORD00654,2025-10-19,CUST1237,Monitor,Electronics,North,1.0,12000,0.2,9600.0,7600,Marketplace,Sale,2000.0,0.20833333333333334
ORD00655,2025-01-07,CUST1402,Monitor,Electronics,West,5.0,12000,0.0,60000.0,38000,Website,Sale,22000.0,0.36666666666666664
ORD00656,2025-02-12,CUST1319,Keyboard,Accessories,East,3.0,1500,0.2,3600.0,2550,App,Sale,1050.0,0.2916666666666667
ORD00657,2025-04-19,CUST1059,Keyboard,Accessories,South,6.0,1500,0.0,9000.0,5100,Website,Sale,3900.0,0.43333333333333335
ORD00658,2025-08-24,CUST1411,Tablet,Electronics,South,3.0,22000,0.2,52800.0,46500,App,Sale,6300.0,0.11931818181818182
ORD00659,2025-08-01,CUST1332,Laptop,Electronics,East,6.0,55000,0.05,313500.0,216000,App,Sale,97500.0,0.31100478468899523
ORD00660,2025-08-04,CUST1378,Tablet,Electronics,West,2.0,22000,0.15,37400.0,31000,Website,Sale,6400.0,0.1711229946524064
ORD00661,2025-01-11,CUST1170,Mouse,Accessories,South,2.0,800,0.1,1440.0,840,Website,Sale,600.0,0.4166666666666667
ORD00662,2025-08-01,CUST1118,Keyboard,Accessories,North,1.0,1500,0.15,1275.0,850,Website,Sale,425.0,0.3333333333333333
ORD00663,2025-08-05,CUST1229,Monitor,Electronics,North,3.0,12000,0.15,30600.0,22800,App,Sale,7800.0,0.2549019607843137
ORD00664,2025-05-28,CUST1308,Tablet,Electronics,South,3.0,22000,0.15,56100.0,46500,Website,Sale,9600.0,0.1711229946524064
ORD00665,2025-09-03,CUST1318,Webcam,Accessories,South,4.0,3200,0.1,11520.0,7600,Website,Sale,3920.0,0.3402777777777778
ORD00666,2025-12-08,CUST1252,Smartphone,Electronics,South,2.0,28000,0.05,53200.0,41000,App,Sale,12200.0,0.22932330827067668
ORD00667,2025-01-25,CUST1413,Keyboard,Accessories,West,3.0,1500,0.05,4275.0,2550,Website,Sale,1725.0,0.40350877192982454
ORD00668,2025-11-13,CUST1394,Mouse,Accessories,East,4.0,800,0.1,2880.0,1680,App,Sale,1200.0,0.4166666666666667
ORD00669,2025-12-20,CUST1430,Monitor,Electronics,North,6.0,12000,0.0,72000.0,45600,App,Sale,26400.0,0.36666666666666664
ORD00670,2025-09-11,CUST1185,Laptop,Electronics,East,5.0,55000,0.0,275000.0,180000,Website,Sale,95000.0,0.34545454545454546
ORD00671,2025-09-17,CUST1224,Monitor,Electronics,East,2.0,12000,0.1,21600.0,15200,Website,Sale,6400.0,0.2962962962962963
ORD00672,2025-05-06,CUST1184,Keyboard,Accessories,South,5.0,1500,0.05,7125.0,4250,App,Sale,2875.0,0.40350877192982454
ORD00673,2025-09-29,CUST1436,Mouse,Accessories,South,2.0,800,0.15,1360.0,840,Marketplace,Sale,520.0,0.38235294117647056
ORD00674,2025-01-16,CUST1205,Laptop,Electronics,South,6.0,55000,0.2,264000.0,216000,Website,Sale,48000.0,0.18181818181818182
ORD00675,2025-02-01,CUST1214,Laptop,Electronics,South,6.0,55000,0.05,313500.0,216000,App,Sale,97500.0,0.31100478468899523
ORD00676,2025-05-06,CUST1358,Headphones,Accessories,South,3.0,2500,0.0,7500.0,4050,App,Sale,3450.0,0.46
ORD00677,2025-10-06,CUST1397,Tablet,Electronics,East,6.0,22000,0.1,118800.0,93000,Website,Sale,25800.0,0.21717171717171718
ORD00678,2025-01-19,CUST1047,Webcam,Accessories,East,6.0,3200,0.05,18240.0,11400,App,Sale,6840.0,0.375
ORD00679,2025-06-24,CUST1371,Laptop,Electronics,North,1.0,55000,0.2,44000.0,36000,Website,Sale,8000.0,0.18181818181818182
ORD00680,2025-01-31,CUST1152,Headphones,Accessories,North,1.0,2500,0.0,2500.0,1350,Website,Sale,1150.0,0.46
ORD00681,2025-06-23,CUST1365,Mouse,Accessories,South,3.0,800,0.1,2160.0,1260,App,Sale,900.0,0.4166666666666667
ORD00682,2025-02-23,CUST1041,Mouse,Accessories,West,3.0,800,0.15,2040.0,1260,App,Sale,780.0,0.38235294117647056
ORD00683,2025-09-01,CUST1446,Monitor,Electronics,West,3.0,12000,0.2,28800.0,22800,Website,Sale,6000.0,0.20833333333333334
ORD00684,2025-08-14,CUST1248,Tablet,Electronics,South,6.0,22000,0.15,112200.0,93000,App,Sale,19200.0,0.1711229946524064
ORD00685,2025-09-28,CUST1060,Mouse,Accessories,West,4.0,800,0.15,2720.0,1680,Website,Sale,1040.0,0.38235294117647056
ORD00686,2025-03-03,CUST1155,Keyboard,Accessories,North,1.0,1500,0.2,1200.0,850,App,Sale,350.0,0.2916666666666667
ORD00687,2025-03-14,CUST1001,Laptop,Electronics,East,3.0,55000,0.1,148500.0,108000,Website,Sale,40500.0,0.2727272727272727
ORD00688,2025-01-23,CUST1427,Keyboard,Accessories,North,5.0,1500,0.15,6375.0,4250,App,Sale,2125.0,0.3333333333333333
ORD00689,2025-03-12,CUST1409,Tablet,Electronics,North,4.0,22000,0.15,74800.0,62000,Website,Sale,12800.0,0.1711229946524064
ORD00690,2025-07-18,CUST1376,Webcam,Accessories,North,3.0,3200,0.2,7680.0,5700,App,Sale,1980.0,0.2578125
ORD00691,2025-12-29,CUST1291,Keyboard,Accessories,East,5.0,1500,0.0,7500.0,4250,Website,Sale,3250.0,0.43333333333333335
ORD00692,2025-09-15,CUST1043,Smartphone,Electronics,North,1.0,28000,0.1,25200.0,20500,Marketplace,Sale,4700.0,0.1865079365079365
ORD00693,2025-07-25,CUST1195,Tablet,Electronics,North,1.0,22000,0.1,19800.0,15500,Website,Sale,4300.0,0.21717171717171718
ORD00694,2025-10-05,CUST1347,Smartphone,Electronics,North,2.0,28000,0.1,50400.0,41000,Marketplace,Sale,9400.0,0.1865079365079365
ORD00695,2025-04-03,CUST1132,Laptop,Electronics,East,3.0,55000,0.15,140250.0,108000,Website,Sale,32250.0,0.22994652406417113
ORD00696,2025-01-27,CUST1137,Mouse,Accessories,West,4.0,800,0.2,2560.0,1680,App,Sale,880.0,0.34375
ORD00697,2025-07-28,CUST1126,Laptop,Electronics,South,4.0,55000,0.05,209000.0,144000,App,Sale,65000.0,0.31100478468899523
ORD00698,2025-06-05,CUST1276,Tablet,Electronics,East,1.0,22000,0.2,17600.0,15500,App,Sale,2100.0,0.11931818181818182
ORD00699,2025-10-03,CUST1334,Tablet,Electronics,North,1.0,22000,0.0,22000.0,15500,Website,Sale,6500.0,0.29545454545454547
ORD00700,2025-04-09,CUST1299,Keyboard,Accessories,East,6.0,1500,0.15,7650.0,5100,Website,Sale,2550.0,0.3333333333333333
ORD00701,2025-03-24,CUST1371,Monitor,Electronics,East,3.0,12000,0.0,36000.0,22800,Website,Sale,13200.0,0.36666666666666664
ORD00702,2025-04-18,CUST1139,Headphones,Accessories,East,6.0,2500,0.1,13500.0,8100,Marketplace,Sale,5400.0,0.4
ORD00703,2025-04-18,CUST1004,Headphones,Accessories,West,-2.0,2500,0.05,-4750.0,-2700,App,Return,-2050.0,
ORD00704,2025-12-23,CUST1275,Webcam,Accessories,East,5.0,3200,0.0,16000.0,9500,Website,Sale,6500.0,0.40625
ORD00705,2025-12-11,CUST1063,Webcam,Accessories,South,5.0,3200,0.1,14400.0,9500,Website,Sale,4900.0,0.3402777777777778
ORD00706,2025-01-05,CUST1413,Laptop,Electronics,South,3.0,55000,0.1,148500.0,108000,Website,Sale,40500.0,0.2727272727272727
ORD00707,2025-07-05,CUST1056,Tablet,Electronics,North,6.0,22000,0.2,105600.0,93000,App,Sale,12600.0,0.11931818181818182
ORD00708,2025-10-09,CUST1033,Mouse,Accessories,South,6.0,800,0.2,3840.0,2520,Website,Sale,1320.0,0.34375
ORD00709,2025-03-07,CUST1348,Mouse,Accessories,West,5.0,800,0.1,3600.0,2100,Website,Sale,1500.0,0.4166666666666667
ORD00710,2025-08-07,CUST1348,Laptop,Electronics,West,3.0,55000,0.15,140250.0,108000,Marketplace,Sale,32250.0,0.22994652406417113
ORD00711,2025-09-22,CUST1002,Mouse,Accessories,East,1.0,800,0.1,720.0,420,Website,Sale,300.0,0.4166666666666667
ORD00712,2025-10-20,CUST1084,Mouse,Accessories,North,6.0,800,0.15,4080.0,2520,Website,Sale,1560.0,0.38235294117647056
ORD00713,2025-01-15,CUST1122,Laptop,Electronics,East,5.0,55000,0.1,247500.0,180000,Website,Sale,67500.0,0.2727272727272727
ORD00714,2025-06-20,CUST1296,Mouse,Accessories,North,1.0,800,0.2,640.0,420,Website,Sale,220.0,0.34375
ORD00715,2025-07-13,CUST1312,Monitor,Electronics,North,2.0,12000,0.0,24000.0,15200,Website,Sale,8800.0,0.36666666666666664
ORD00716,2025-12-13,CUST1119,Laptop,Electronics,East,3.0,55000,0.15,140250.0,108000,App,Sale,32250.0,0.22994652406417113
ORD00717,2025-01-06,CUST1232,Tablet,Electronics,North,4.0,22000,0.2,70400.0,62000,App,Sale,8400.0,0.11931818181818182
ORD00718,2025-02-25,CUST1181,Monitor,Electronics,South,5.0,12000,0.05,57000.0,38000,App,Sale,19000.0,0.3333333333333333
ORD00719,2025-08-16,CUST1159,Smartphone,Electronics,North,1.0,28000,0.0,28000.0,20500,App,Sale,7500.0,0.26785714285714285
ORD00720,2025-03-17,CUST1029,Headphones,Accessories,East,3.0,2500,0.1,6750.0,4050,App,Sale,2700.0,0.4
ORD00721,2025-01-28,CUST1355,Mouse,Accessories,West,2.0,800,0.05,1520.0,840,App,Sale,680.0,0.4473684210526316
ORD00722,2025-12-21,CUST1448,Headphones,Accessories,North,5.0,2500,0.1,11250.0,6750,Website,Sale,4500.0,0.4
ORD00723,2025-04-23,CUST1376,Mouse,Accessories,East,6.0,800,0.05,4560.0,2520,Marketplace,Sale,2040.0,0.4473684210526316
ORD00724,2025-07-12,CUST1072,Smartphone,Electronics,South,1.0,28000,0.1,25200.0,20500,App,Sale,4700.0,0.1865079365079365
ORD00725,2025-04-07,CUST1173,Mouse,Accessories,South,2.0,800,0.1,1440.0,840,App,Sale,600.0,0.4166666666666667
ORD00726,2025-04-11,CUST1173,Keyboard,Accessories,East,1.0,1500,0.0,1500.0,850,Website,Sale,650.0,0.43333333333333335
ORD00727,2025-05-03,CUST1449,Headphones,Accessories,North,6.0,2500,0.05,14250.0,8100,App,Sale,6150.0,0.43157894736842106
ORD00728,2025-08-03,CUST1023,Webcam,Accessories,North,6.0,3200,0.1,17280.0,11400,App,Sale,5880.0,0.3402777777777778
ORD00729,2025-02-10,CUST1435,Smartphone,Electronics,North,3.0,28000,0.05,79800.0,61500,Website,Sale,18300.0,0.22932330827067668
ORD00730,2025-04-18,CUST1255,Tablet,Electronics,South,6.0,22000,0.2,105600.0,93000,Marketplace,Sale,12600.0,0.11931818181818182
ORD00731,2025-12-31,CUST1106,Tablet,Electronics,South,6.0,22000,0.15,112200.0,93000,Website,Sale,19200.0,0.1711229946524064
ORD00732,2025-05-01,CUST1130,Keyboard,Accessories,South,4.0,1500,0.15,5100.0,3400,Website,Sale,1700.0,0.3333333333333333
ORD00733,2025-06-01,CUST1218,Headphones,Accessories,West,2.0,2500,0.2,4000.0,2700,Website,Sale,1300.0,0.325
ORD00734,2025-07-08,CUST1183,Keyboard,Accessories,East,4.0,1500,0.0,6000.0,3400,App,Sale,2600.0,0.43333333333333335
ORD00735,2025-09-20,CUST1279,Monitor,Electronics,South,3.0,12000,0.05,34200.0,22800,Marketplace,Sale,11400.0,0.3333333333333333
ORD00736,2025-05-09,CUST1004,Keyboard,Accessories,East,2.0,1500,0.2,2400.0,1700,Marketplace,Sale,700.0,0.2916666666666667
ORD00737,2025-07-26,CUST1116,Laptop,Electronics,South,4.0,55000,0.2,176000.0,144000,App,Sale,32000.0,0.18181818181818182
ORD00738,2025-08-31,CUST1219,Tablet,Electronics,South,6.0,22000,0.15,112200.0,93000,Website,Sale,19200.0,0.1711229946524064
ORD00739,2025-04-18,CUST1255,Laptop,Electronics,East,3.0,55000,0.05,156750.0,108000,Marketplace,Sale,48750.0,0.31100478468899523
ORD00740,2025-06-23,CUST1166,Webcam,Accessories,North,6.0,3200,0.15,16320.0,11400,Website,Sale,4920.0,0.3014705882352941
ORD00741,2025-03-13,CUST1096,Webcam,Accessories,East,4.0,3200,0.05,12160.0,7600,App,Sale,4560.0,0.375
ORD00742,2025-08-20,CUST1423,Keyboard,Accessories,West,1.0,1500,0.05,1425.0,850,Website,Sale,575.0,0.40350877192982454
ORD00743,2025-04-06,CUST1232,Webcam,Accessories,North,3.0,3200,0.05,9120.0,5700,Website,Sale,3420.0,0.375
ORD00744,2025-03-29,CUST1244,Webcam,Accessories,West,4.0,3200,0.05,12160.0,7600,App,Sale,4560.0,0.375
ORD00745,2025-03-08,CUST1300,Webcam,Accessories,South,6.0,3200,0.15,16320.0,11400,Website,Sale,4920.0,0.3014705882352941
ORD00746,2025-05-22,CUST1269,Smartphone,Electronics,North,4.0,28000,0.0,112000.0,82000,Website,Sale,30000.0,0.26785714285714285
ORD00747,2025-08-24,CUST1177,Laptop,Electronics,South,6.0,55000,0.0,330000.0,216000,Marketplace,Sale,114000.0,0.34545454545454546
ORD00748,2025-07-20,CUST1234,Smartphone,Electronics,South,4.0,28000,0.05,106400.0,82000,App,Sale,24400.0,0.22932330827067668
ORD00749,2025-12-24,CUST1321,Webcam,Accessories,South,6.0,3200,0.0,19200.0,11400,Website,Sale,7800.0,0.40625
ORD00750,2025-12-24,CUST1039,Mouse,Accessories,North,4.0,800,0.15,2720.0,1680,Marketplace,Sale,1040.0,0.38235294117647056
ORD00751,2025-07-29,CUST1195,Keyboard,Accessories,West,2.0,1500,0.2,2400.0,1700,App,Sale,700.0,0.2916666666666667
ORD00752,2025-07-23,CUST1236,Keyboard,Accessories,North,1.0,1500,0.05,1425.0,850,App,Sale,575.0,0.40350877192982454
ORD00753,2025-08-13,CUST1150,Keyboard,Accessories,South,2.0,1500,0.05,2850.0,1700,Website,Sale,1150.0,0.40350877192982454
ORD00754,2025-03-28,CUST1365,Laptop,Electronics,South,6.0,55000,0.1,297000.0,216000,App,Sale,81000.0,0.2727272727272727
ORD00755,2025-04-21,CUST1199,Laptop,Electronics,West,6.0,55000,0.2,264000.0,216000,Website,Sale,48000.0,0.18181818181818182
ORD00756,2025-11-03,CUST1008,Webcam,Accessories,North,2.0,3200,0.05,6080.0,3800,Marketplace,Sale,2280.0,0.375
ORD00757,2025-09-04,CUST1370,Monitor,Electronics,West,2.0,12000,0.0,24000.0,15200,App,Sale,8800.0,0.36666666666666664
ORD00758,2025-02-25,CUST1061,Mouse,Accessories,North,5.0,800,0.05,3800.0,2100,Marketplace,Sale,1700.0,0.4473684210526316
ORD00759,2025-06-15,CUST1033,Webcam,Accessories,East,6.0,3200,0.1,17280.0,11400,App,Sale,5880.0,0.3402777777777778
ORD00760,2025-07-08,CUST1364,Mouse,Accessories,East,4.0,800,0.1,2880.0,1680,App,Sale,1200.0,0.4166666666666667
ORD00761,2025-03-29,CUST1170,Headphones,Accessories,East,6.0,2500,0.15,12750.0,8100,Marketplace,Sale,4650.0,0.36470588235294116
ORD00762,2025-08-12,CUST1257,Headphones,Accessories,North,1.0,2500,0.2,2000.0,1350,App,Sale,650.0,0.325
ORD00763,2025-01-11,CUST1030,Monitor,Electronics,West,3.0,12000,0.05,34200.0,22800,Marketplace,Sale,11400.0,0.3333333333333333
ORD00764,2025-04-14,CUST1378,Mouse,Accessories,South,6.0,800,0.0,4800.0,2520,Marketplace,Sale,2280.0,0.475
ORD00765,2025-06-12,CUST1117,Laptop,Electronics,East,5.0,55000,0.15,233750.0,180000,Marketplace,Sale,53750.0,0.22994652406417113
ORD00766,2025-05-05,CUST1311,Laptop,Electronics,North,6.0,55000,0.05,313500.0,216000,Marketplace,Sale,97500.0,0.31100478468899523
ORD00767,2025-04-04,CUST1104,Laptop,Electronics,South,1.0,55000,0.15,46750.0,36000,App,Sale,10750.0,0.22994652406417113
ORD00768,2025-09-10,CUST1217,Monitor,Electronics,South,4.0,12000,0.15,40800.0,30400,Marketplace,Sale,10400.0,0.2549019607843137
ORD00769,2025-05-27,CUST1193,Mouse,Accessories,West,3.0,800,0.15,2040.0,1260,Website,Sale,780.0,0.38235294117647056
ORD00770,2025-09-16,CUST1388,Webcam,Accessories,East,2.0,3200,0.15,5440.0,3800,App,Sale,1640.0,0.3014705882352941
ORD00771,2025-10-03,CUST1287,Smartphone,Electronics,North,3.0,28000,0.15,71400.0,61500,Marketplace,Sale,9900.0,0.13865546218487396
ORD00772,2025-03-11,CUST1251,Mouse,Accessories,West,2.0,800,0.05,1520.0,840,Website,Sale,680.0,0.4473684210526316
ORD00773,2025-07-11,CUST1197,Keyboard,Accessories,South,6.0,1500,0.2,7200.0,5100,App,Sale,2100.0,0.2916666666666667
ORD00774,2025-08-12,CUST1333,Headphones,Accessories,West,5.0,2500,0.15,10625.0,6750,App,Sale,3875.0,0.36470588235294116
ORD00775,2025-05-05,CUST1309,Headphones,Accessories,South,6.0,2500,0.0,15000.0,8100,App,Sale,6900.0,0.46
ORD00776,2025-05-11,CUST1203,Smartphone,Electronics,North,1.0,28000,0.0,28000.0,20500,App,Sale,7500.0,0.26785714285714285
ORD00777,2025-04-07,CUST1300,Webcam,Accessories,West,3.0,3200,0.1,8640.0,5700,Website,Sale,2940.0,0.3402777777777778
ORD00778,2025-02-25,CUST1357,Headphones,Accessories,South,2.0,2500,0.1,4500.0,2700,Website,Sale,1800.0,0.4
ORD00779,2025-01-01,CUST1090,Webcam,Accessories,South,5.0,3200,0.15,13600.0,9500,App,Sale,4100.0,0.3014705882352941
ORD00780,2025-04-12,CUST1383,Monitor,Electronics,East,4.0,12000,0.2,38400.0,30400,App,Sale,8000.0,0.20833333333333334
ORD00781,2025-05-13,CUST1141,Monitor,Electronics,North,6.0,12000,0.05,68400.0,45600,App,Sale,22800.0,0.3333333333333333
ORD00782,2025-05-01,CUST1049,Monitor,Electronics,East,1.0,12000,0.0,12000.0,7600,Website,Sale,4400.0,0.36666666666666664
ORD00783,2025-07-12,CUST1189,Keyboard,Accessories,East,4.0,1500,0.15,5100.0,3400,Marketplace,Sale,1700.0,0.3333333333333333
ORD00784,2025-05-03,CUST1412,Webcam,Accessories,West,4.0,3200,0.2,10240.0,7600,Website,Sale,2640.0,0.2578125
ORD00785,2025-03-13,CUST1188,Monitor,Electronics,South,5.0,12000,0.1,54000.0,38000,Website,Sale,16000.0,0.2962962962962963
ORD00786,2025-09-21,CUST1413,Mouse,Accessories,South,1.0,800,0.1,720.0,420,Website,Sale,300.0,0.4166666666666667
ORD00787,2025-04-30,CUST1337,Webcam,Accessories,North,6.0,3200,0.2,15360.0,11400,Website,Sale,3960.0,0.2578125
ORD00788,2025-05-31,CUST1065,Smartphone,Electronics,North,5.0,28000,0.2,112000.0,102500,Marketplace,Sale,9500.0,0.08482142857142858
ORD00789,2025-11-12,CUST1124,Tablet,Electronics,East,2.0,22000,0.15,37400.0,31000,Website,Sale,6400.0,0.1711229946524064
ORD00790,2025-02-24,CUST1368,Laptop,Electronics,West,2.0,55000,0.1,99000.0,72000,Website,Sale,27000.0,0.2727272727272727
ORD00791,2025-12-07,CUST1329,Tablet,Electronics,South,1.0,22000,0.1,19800.0,15500,Website,Sale,4300.0,0.21717171717171718
ORD00792,2025-12-01,CUST1045,Webcam,Accessories,North,2.0,3200,0.05,6080.0,3800,App,Sale,2280.0,0.375
ORD00793,2025-01-03,CUST1433,Smartphone,Electronics,West,-1.0,28000,0.15,-23800.0,-20500,Marketplace,Return,-3300.0,
ORD00794,2025-07-06,CUST1275,Smartphone,Electronics,East,5.0,28000,0.2,112000.0,102500,App,Sale,9500.0,0.08482142857142858
ORD00795,2025-06-01,CUST1306,Tablet,Electronics,North,2.0,22000,0.2,35200.0,31000,Website,Sale,4200.0,0.11931818181818182
ORD00796,2025-05-21,CUST1030,Tablet,Electronics,East,6.0,22000,0.05,125400.0,93000,App,Sale,32400.0,0.2583732057416268
ORD00797,2025-04-18,CUST1372,Mouse,Accessories,East,6.0,800,0.0,4800.0,2520,App,Sale,2280.0,0.475
ORD00798,2025-01-12,CUST1036,Headphones,Accessories,East,4.0,2500,0.15,8500.0,5400,Marketplace,Sale,3100.0,0.36470588235294116
ORD00799,2025-12-23,CUST1435,Webcam,Accessories,East,1.0,3200,0.05,3040.0,1900,Website,Sale,1140.0,0.375
ORD00800,2025-02-12,CUST1411,Smartphone,Electronics,South,4.0,28000,0.15,95200.0,82000,Website,Sale,13200.0,0.13865546218487396
ORD00801,2025-05-07,CUST1028,Monitor,Electronics,West,6.0,12000,0.05,68400.0,45600,App,Sale,22800.0,0.3333333333333333
ORD00802,2025-01-27,CUST1125,Headphones,Accessories,South,5.0,2500,0.15,10625.0,6750,Website,Sale,3875.0,0.36470588235294116
ORD00803,2025-09-08,CUST1398,Smartphone,Electronics,East,6.0,28000,0.15,142800.0,123000,Website,Sale,19800.0,0.13865546218487396
ORD00804,2025-05-21,CUST1328,Tablet,Electronics,North,3.0,22000,0.0,66000.0,46500,App,Sale,19500.0,0.29545454545454547
ORD00805,2025-01-12,CUST1330,Tablet,Electronics,East,3.0,22000,0.0,66000.0,46500,App,Sale,19500.0,0.29545454545454547
ORD00806,2025-03-06,CUST1201,Monitor,Electronics,North,6.0,12000,0.2,57600.0,45600,App,Sale,12000.0,0.20833333333333334
ORD00807,2025-08-09,CUST1002,Monitor,Electronics,East,2.0,12000,0.0,24000.0,15200,Marketplace,Sale,8800.0,0.36666666666666664
ORD00808,2025-03-04,CUST1043,Mouse,Accessories,North,6.0,800,0.05,4560.0,2520,Marketplace,Sale,2040.0,0.4473684210526316
ORD00809,2025-07-06,CUST1337,Webcam,Accessories,South,6.0,3200,0.0,19200.0,11400,App,Sale,7800.0,0.40625
ORD00810,2025-09-09,CUST1121,Headphones,Accessories,South,5.0,2500,0.2,10000.0,6750,Marketplace,Sale,3250.0,0.325
ORD00811,2025-04-21,CUST1038,Mouse,Accessories,East,5.0,800,0.1,3600.0,2100,Website,Sale,1500.0,0.4166666666666667
ORD00812,2025-11-29,CUST1274,Tablet,Electronics,South,1.0,22000,0.1,19800.0,15500,Marketplace,Sale,4300.0,0.21717171717171718
ORD00813,2025-11-21,CUST1214,Mouse,Accessories,East,6.0,800,0.1,4320.0,2520,Website,Sale,1800.0,0.4166666666666667
ORD00814,2025-07-14,CUST1033,Mouse,Accessories,North,1.0,800,0.1,720.0,420,Marketplace,Sale,300.0,0.4166666666666667
ORD00815,2025-06-20,CUST1193,Mouse,Accessories,East,3.0,800,0.0,2400.0,1260,Website,Sale,1140.0,0.475
ORD00816,2025-03-31,CUST1282,Keyboard,Accessories,North,5.0,1500,0.15,6375.0,4250,Website,Sale,2125.0,0.3333333333333333
ORD00817,2025-03-29,CUST1244,Webcam,Accessories,East,2.0,3200,0.1,5760.0,3800,Website,Sale,1960.0,0.3402777777777778
ORD00818,2025-12-18,CUST1027,Smartphone,Electronics,South,6.0,28000,0.05,159600.0,123000,Marketplace,Sale,36600.0,0.22932330827067668
ORD00819,2025-12-29,CUST1257,Webcam,Accessories,West,6.0,3200,0.15,16320.0,11400,App,Sale,4920.0,0.3014705882352941
ORD00820,2025-04-28,CUST1039,Monitor,Electronics,North,3.0,12000,0.15,30600.0,22800,App,Sale,7800.0,0.2549019607843137
ORD00821,2025-10-22,CUST1245,Keyboard,Accessories,South,-2.0,1500,0.15,-2550.0,-1700,App,Return,-850.0,
ORD00822,2025-12-24,CUST1359,Laptop,Electronics,East,5.0,55000,0.05,261250.0,180000,App,Sale,81250.0,0.31100478468899523
ORD00823,2025-05-12,CUST1089,Laptop,Electronics,East,5.0,55000,0.15,233750.0,180000,App,Sale,53750.0,0.22994652406417113
ORD00824,2025-09-21,CUST1347,Webcam,Accessories,North,4.0,3200,0.15,10880.0,7600,Website,Sale,3280.0,0.3014705882352941
ORD00825,2025-05-29,CUST1111,Keyboard,Accessories,South,3.0,1500,0.05,4275.0,2550,App,Sale,1725.0,0.40350877192982454
ORD00826,2025-01-19,CUST1181,Tablet,Electronics,East,1.0,22000,0.1,19800.0,15500,App,Sale,4300.0,0.21717171717171718
ORD00827,2025-07-25,CUST1210,Monitor,Electronics,West,4.0,12000,0.15,40800.0,30400,Website,Sale,10400.0,0.2549019607843137
ORD00828,2025-03-21,CUST1274,Mouse,Accessories,North,4.0,800,0.15,2720.0,1680,Website,Sale,1040.0,0.38235294117647056
ORD00829,2025-03-12,CUST1056,Smartphone,Electronics,North,3.0,28000,0.15,71400.0,61500,App,Sale,9900.0,0.13865546218487396
ORD00830,2025-07-22,CUST1060,Headphones,Accessories,North,1.0,2500,0.05,2375.0,1350,Website,Sale,1025.0,0.43157894736842106
ORD00831,2025-12-16,CUST1067,Headphones,Accessories,North,4.0,2500,0.2,8000.0,5400,Website,Sale,2600.0,0.325
ORD00832,2025-03-06,CUST1305,Laptop,Electronics,West,6.0,55000,0.05,313500.0,216000,Website,Sale,97500.0,0.31100478468899523
ORD00833,2025-05-29,CUST1127,Monitor,Electronics,North,4.0,12000,0.05,45600.0,30400,Marketplace,Sale,15200.0,0.3333333333333333
ORD00834,2025-12-25,CUST1096,Webcam,Accessories,North,2.0,3200,0.15,5440.0,3800,App,Sale,1640.0,0.3014705882352941
ORD00835,2025-04-28,CUST1009,Webcam,Accessories,North,1.0,3200,0.1,2880.0,1900,Website,Sale,980.0,0.3402777777777778
ORD00836,2025-07-14,CUST1261,Keyboard,Accessories,North,6.0,1500,0.05,8550.0,5100,Marketplace,Sale,3450.0,0.40350877192982454
ORD00837,2025-02-26,CUST1020,Keyboard,Accessories,South,3.0,1500,0.15,3825.0,2550,Marketplace,Sale,1275.0,0.3333333333333333
ORD00838,2025-04-19,CUST1186,Keyboard,Accessories,North,5.0,1500,0.0,7500.0,4250,Website,Sale,3250.0,0.43333333333333335
ORD00839,2025-12-09,CUST1121,Smartphone,Electronics,South,3.0,28000,0.1,75600.0,61500,App,Sale,14100.0,0.1865079365079365
ORD00840,2025-07-16,CUST1098,Monitor,Electronics,North,2.0,12000,0.2,19200.0,15200,Website,Sale,4000.0,0.20833333333333334
ORD00841,2025-07-10,CUST1022,Keyboard,Accessories,West,6.0,1500,0.15,7650.0,5100,App,Sale,2550.0,0.3333333333333333
ORD00842,2025-12-31,CUST1034,Headphones,Accessories,North,3.0,2500,0.15,6375.0,4050,App,Sale,2325.0,0.36470588235294116
ORD00843,2025-01-12,CUST1406,Keyboard,Accessories,South,6.0,1500,0.05,8550.0,5100,Website,Sale,3450.0,0.40350877192982454
ORD00844,2025-09-11,CUST1205,Monitor,Electronics,South,2.0,12000,0.15,20400.0,15200,App,Sale,5200.0,0.2549019607843137
ORD00845,2025-01-02,CUST1257,Mouse,Accessories,North,5.0,800,0.0,4000.0,2100,Marketplace,Sale,1900.0,0.475
ORD00846,2025-05-06,CUST1149,Keyboard,Accessories,South,5.0,1500,0.0,7500.0,4250,Marketplace,Sale,3250.0,0.43333333333333335
ORD00847,2025-03-10,CUST1000,Laptop,Electronics,South,6.0,55000,0.05,313500.0,216000,App,Sale,97500.0,0.31100478468899523
ORD00848,2025-07-08,CUST1029,Keyboard,Accessories,North,6.0,1500,0.05,8550.0,5100,Marketplace,Sale,3450.0,0.40350877192982454
ORD00849,2025-04-23,CUST1369,Smartphone,Electronics,West,3.0,28000,0.0,84000.0,61500,Marketplace,Sale,22500.0,0.26785714285714285
ORD00850,2025-11-17,CUST1079,Mouse,Accessories,South,4.0,800,0.05,3040.0,1680,Website,Sale,1360.0,0.4473684210526316
ORD00851,2025-08-07,CUST1096,Tablet,Electronics,South,1.0,22000,0.15,18700.0,15500,App,Sale,3200.0,0.1711229946524064
ORD00852,2025-11-28,CUST1035,Keyboard,Accessories,West,2.0,1500,0.05,2850.0,1700,App,Sale,1150.0,0.40350877192982454
ORD00853,2025-08-21,CUST1308,Monitor,Electronics,West,6.0,12000,0.2,57600.0,45600,Website,Sale,12000.0,0.20833333333333334
ORD00854,2025-02-26,CUST1405,Laptop,Electronics,East,2.0,55000,0.05,104500.0,72000,Website,Sale,32500.0,0.31100478468899523
ORD00855,2025-10-05,CUST1417,Headphones,Accessories,East,6.0,2500,0.0,15000.0,8100,Website,Sale,6900.0,0.46
ORD00856,2025-03-21,CUST1278,Keyboard,Accessories,North,6.0,1500,0.2,7200.0,5100,Website,Sale,2100.0,0.2916666666666667
ORD00857,2025-03-14,CUST1115,Mouse,Accessories,South,1.0,800,0.05,760.0,420,Website,Sale,340.0,0.4473684210526316
ORD00858,2025-12-18,CUST1182,Monitor,Electronics,East,4.0,12000,0.05,45600.0,30400,Website,Sale,15200.0,0.3333333333333333
ORD00859,2025-04-07,CUST1347,Laptop,Electronics,South,5.0,55000,0.05,261250.0,180000,Marketplace,Sale,81250.0,0.31100478468899523
ORD00860,2025-11-16,CUST1403,Monitor,Electronics,South,3.0,12000,0.15,30600.0,22800,App,Sale,7800.0,0.2549019607843137
ORD00861,2025-06-13,CUST1372,Tablet,Electronics,North,6.0,22000,0.15,112200.0,93000,Marketplace,Sale,19200.0,0.1711229946524064
ORD00862,2025-03-07,CUST1308,Webcam,Accessories,East,3.0,3200,0.1,8640.0,5700,App,Sale,2940.0,0.3402777777777778
ORD00863,2025-01-12,CUST1196,Webcam,Accessories,South,5.0,3200,0.15,13600.0,9500,Website,Sale,4100.0,0.3014705882352941
ORD00864,2025-09-27,CUST1285,Mouse,Accessories,South,-1.0,800,0.0,-800.0,-420,Website,Return,-380.0,
ORD00865,2025-01-31,CUST1124,Smartphone,Electronics,South,3.0,28000,0.15,71400.0,61500,Website,Sale,9900.0,0.13865546218487396
ORD00866,2025-03-12,CUST1359,Smartphone,Electronics,North,4.0,28000,0.0,112000.0,82000,Website,Sale,30000.0,0.26785714285714285
ORD00867,2025-09-02,CUST1006,Smartphone,Electronics,East,1.0,28000,0.05,26600.0,20500,Website,Sale,6100.0,0.22932330827067668
ORD00868,2025-03-18,CUST1369,Smartphone,Electronics,East,6.0,28000,0.2,134400.0,123000,Website,Sale,11400.0,0.08482142857142858
ORD00869,2025-05-27,CUST1005,Laptop,Electronics,West,6.0,55000,0.0,330000.0,216000,Website,Sale,114000.0,0.34545454545454546
ORD00870,2025-11-10,CUST1139,Keyboard,Accessories,North,5.0,1500,0.2,6000.0,4250,Website,Sale,1750.0,0.2916666666666667
ORD00871,2025-03-06,CUST1418,Webcam,Accessories,West,5.0,3200,0.0,16000.0,9500,Marketplace,Sale,6500.0,0.40625
ORD00872,2025-01-12,CUST1138,Webcam,Accessories,North,2.0,3200,0.0,6400.0,3800,Marketplace,Sale,2600.0,0.40625
ORD00873,2025-11-05,CUST1387,Mouse,Accessories,South,3.0,800,0.05,2280.0,1260,App,Sale,1020.0,0.4473684210526316
ORD00874,2025-04-14,CUST1288,Laptop,Electronics,West,2.0,55000,0.1,99000.0,72000,Website,Sale,27000.0,0.2727272727272727
ORD00875,2025-01-25,CUST1161,Keyboard,Accessories,South,1.0,1500,0.1,1350.0,850,Marketplace,Sale,500.0,0.37037037037037035
ORD00876,2025-08-03,CUST1012,Monitor,Electronics,West,3.0,12000,0.15,30600.0,22800,Website,Sale,7800.0,0.2549019607843137
ORD00877,2025-10-28,CUST1110,Smartphone,Electronics,South,2.0,28000,0.15,47600.0,41000,App,Sale,6600.0,0.13865546218487396
ORD00878,2025-03-24,CUST1020,Headphones,Accessories,East,4.0,2500,0.05,9500.0,5400,Website,Sale,4100.0,0.43157894736842106
ORD00879,2025-05-03,CUST1073,Monitor,Electronics,East,2.0,12000,0.2,19200.0,15200,App,Sale,4000.0,0.20833333333333334
ORD00880,2025-02-14,CUST1295,Tablet,Electronics,North,3.0,22000,0.05,62700.0,46500,Website,Sale,16200.0,0.2583732057416268
ORD00881,2025-04-02,CUST1332,Tablet,Electronics,North,3.0,22000,0.15,56100.0,46500,App,Sale,9600.0,0.1711229946524064
ORD00882,2025-07-09,CUST1225,Keyboard,Accessories,East,4.0,1500,0.15,5100.0,3400,App,Sale,1700.0,0.3333333333333333
ORD00883,2025-06-10,CUST1317,Webcam,Accessories,North,5.0,3200,0.15,13600.0,9500,App,Sale,4100.0,0.3014705882352941
ORD00884,2025-12-25,CUST1114,Smartphone,Electronics,West,1.0,28000,0.1,25200.0,20500,Website,Sale,4700.0,0.1865079365079365
ORD00885,2025-06-28,CUST1393,Tablet,Electronics,West,1.0,22000,0.0,22000.0,15500,Marketplace,Sale,6500.0,0.29545454545454547
ORD00886,2025-03-02,CUST1240,Tablet,Electronics,South,2.0,22000,0.15,37400.0,31000,Marketplace,Sale,6400.0,0.1711229946524064
ORD00887,2025-10-18,CUST1027,Webcam,Accessories,North,1.0,3200,0.1,2880.0,1900,Website,Sale,980.0,0.3402777777777778
ORD00888,2025-05-19,CUST1447,Smartphone,Electronics,East,1.0,28000,0.05,26600.0,20500,Website,Sale,6100.0,0.22932330827067668
ORD00889,2025-09-26,CUST1385,Keyboard,Accessories,South,2.0,1500,0.0,3000.0,1700,Marketplace,Sale,1300.0,0.43333333333333335
ORD00890,2025-08-03,CUST1421,Smartphone,Electronics,East,6.0,28000,0.15,142800.0,123000,App,Sale,19800.0,0.13865546218487396
ORD00891,2025-12-04,CUST1255,Smartphone,Electronics,North,3.0,28000,0.1,75600.0,61500,Website,Sale,14100.0,0.1865079365079365
ORD00892,2025-05-15,CUST1018,Laptop,Electronics,South,4.0,55000,0.05,209000.0,144000,Website,Sale,65000.0,0.31100478468899523
ORD00893,2025-12-23,CUST1347,Smartphone,Electronics,North,5.0,28000,0.15,119000.0,102500,Marketplace,Sale,16500.0,0.13865546218487396
ORD00894,2025-07-06,CUST1211,Keyboard,Accessories,East,5.0,1500,0.0,7500.0,4250,App,Sale,3250.0,0.43333333333333335
ORD00895,2025-07-08,CUST1277,Headphones,Accessories,East,1.0,2500,0.05,2375.0,1350,Website,Sale,1025.0,0.43157894736842106
ORD00896,2025-11-21,CUST1053,Monitor,Electronics,East,1.0,12000,0.0,12000.0,7600,App,Sale,4400.0,0.36666666666666664
ORD00897,2025-10-06,CUST1108,Tablet,Electronics,West,5.0,22000,0.2,88000.0,77500,App,Sale,10500.0,0.11931818181818182
ORD00898,2025-07-15,CUST1420,Tablet,Electronics,East,1.0,22000,0.1,19800.0,15500,Website,Sale,4300.0,0.21717171717171718
ORD00899,2025-01-04,CUST1429,Mouse,Accessories,West,5.0,800,0.1,3600.0,2100,App,Sale,1500.0,0.4166666666666667
ORD00900,2025-01-03,CUST1171,Laptop,Electronics,North,1.0,55000,0.05,52250.0,36000,Website,Sale,16250.0,0.31100478468899523
ORD00901,2025-05-04,CUST1065,Mouse,Accessories,West,5.0,800,0.15,3400.0,2100,App,Sale,1300.0,0.38235294117647056
ORD00902,2025-07-26,CUST1323,Smartphone,Electronics,West,4.0,28000,0.05,106400.0,82000,Marketplace,Sale,24400.0,0.22932330827067668
ORD00903,2025-10-11,CUST1316,Mouse,Accessories,North,-1.0,800,0.0,-800.0,-420,App,Return,-380.0,
ORD00904,2025-07-15,CUST1152,Smartphone,Electronics,East,4.0,28000,0.1,100800.0,82000,App,Sale,18800.0,0.1865079365079365
ORD00905,2025-07-13,CUST1056,Laptop,Electronics,North,3.0,55000,0.0,165000.0,108000,Website,Sale,57000.0,0.34545454545454546
ORD00906,2025-02-24,CUST1200,Keyboard,Accessories,East,2.0,1500,0.0,3000.0,1700,Website,Sale,1300.0,0.43333333333333335
ORD00907,2025-07-31,CUST1413,Monitor,Electronics,East,2.0,12000,0.15,20400.0,15200,Website,Sale,5200.0,0.2549019607843137
ORD00908,2025-04-02,CUST1081,Laptop,Electronics,East,1.0,55000,0.1,49500.0,36000,Website,Sale,13500.0,0.2727272727272727
ORD00909,2025-04-09,CUST1058,Laptop,Electronics,North,5.0,55000,0.2,220000.0,180000,Marketplace,Sale,40000.0,0.18181818181818182
ORD00910,2025-03-12,CUST1362,Smartphone,Electronics,East,3.0,28000,0.1,75600.0,61500,Website,Sale,14100.0,0.1865079365079365
ORD00911,2025-09-11,CUST1201,Webcam,Accessories,East,2.0,3200,0.1,5760.0,3800,App,Sale,1960.0,0.3402777777777778
ORD00912,2025-06-09,CUST1417,Mouse,Accessories,North,6.0,800,0.15,4080.0,2520,App,Sale,1560.0,0.38235294117647056
ORD00913,2025-07-16,CUST1300,Headphones,Accessories,North,3.0,2500,0.0,7500.0,4050,App,Sale,3450.0,0.46
ORD00914,2025-06-30,CUST1037,Monitor,Electronics,East,2.0,12000,0.1,21600.0,15200,Marketplace,Sale,6400.0,0.2962962962962963
ORD00915,2025-03-16,CUST1119,Laptop,Electronics,West,3.0,55000,0.0,165000.0,108000,Marketplace,Sale,57000.0,0.34545454545454546
ORD00916,2025-11-05,CUST1293,Mouse,Accessories,West,1.0,800,0.2,640.0,420,Website,Sale,220.0,0.34375
ORD00917,2025-06-12,CUST1061,Mouse,Accessories,South,1.0,800,0.15,680.0,420,App,Sale,260.0,0.38235294117647056
ORD00918,2025-06-17,CUST1236,Mouse,Accessories,East,5.0,800,0.0,4000.0,2100,Website,Sale,1900.0,0.475
ORD00919,2025-01-19,CUST1370,Laptop,Electronics,East,3.0,55000,0.0,165000.0,108000,Marketplace,Sale,57000.0,0.34545454545454546
ORD00920,2025-07-24,CUST1252,Headphones,Accessories,North,4.0,2500,0.2,8000.0,5400,Marketplace,Sale,2600.0,0.325
ORD00921,2025-11-13,CUST1115,Mouse,Accessories,South,1.0,800,0.0,800.0,420,Marketplace,Sale,380.0,0.475
ORD00922,2025-10-03,CUST1135,Laptop,Electronics,North,3.0,55000,0.0,165000.0,108000,Website,Sale,57000.0,0.34545454545454546
ORD00923,2025-05-19,CUST1385,Smartphone,Electronics,East,5.0,28000,0.15,119000.0,102500,Website,Sale,16500.0,0.13865546218487396
ORD00924,2025-11-23,CUST1143,Monitor,Electronics,South,5.0,12000,0.2,48000.0,38000,Website,Sale,10000.0,0.20833333333333334
ORD00925,2025-04-26,CUST1337,Keyboard,Accessories,East,6.0,1500,0.0,9000.0,5100,App,Sale,3900.0,0.43333333333333335
ORD00926,2025-12-22,CUST1096,Tablet,Electronics,East,1.0,22000,0.05,20900.0,15500,App,Sale,5400.0,0.2583732057416268
ORD00927,2025-10-30,CUST1066,Headphones,Accessories,East,3.0,2500,0.15,6375.0,4050,Website,Sale,2325.0,0.36470588235294116
ORD00928,2025-08-20,CUST1445,Mouse,Accessories,North,4.0,800,0.05,3040.0,1680,App,Sale,1360.0,0.4473684210526316
ORD00929,2025-08-25,CUST1243,Monitor,Electronics,West,2.0,12000,0.0,24000.0,15200,Marketplace,Sale,8800.0,0.36666666666666664
ORD00930,2025-05-16,CUST1260,Monitor,Electronics,West,3.0,12000,0.15,30600.0,22800,Marketplace,Sale,7800.0,0.2549019607843137
ORD00931,2025-09-07,CUST1304,Webcam,Accessories,North,6.0,3200,0.15,16320.0,11400,Website,Sale,4920.0,0.3014705882352941
ORD00932,2025-09-23,CUST1018,Laptop,Electronics,South,6.0,55000,0.05,313500.0,216000,Website,Sale,97500.0,0.31100478468899523
ORD00933,2025-09-30,CUST1253,Mouse,Accessories,East,5.0,800,0.15,3400.0,2100,App,Sale,1300.0,0.38235294117647056
ORD00934,2025-06-27,CUST1378,Keyboard,Accessories,South,6.0,1500,0.0,9000.0,5100,App,Sale,3900.0,0.43333333333333335
ORD00935,2025-03-29,CUST1341,Monitor,Electronics,East,2.0,12000,0.05,22800.0,15200,Website,Sale,7600.0,0.3333333333333333
ORD00936,2025-04-01,CUST1250,Monitor,Electronics,West,2.0,12000,0.0,24000.0,15200,Website,Sale,8800.0,0.36666666666666664
ORD00937,2025-01-24,CUST1051,Keyboard,Accessories,South,2.0,1500,0.2,2400.0,1700,Marketplace,Sale,700.0,0.2916666666666667
ORD00938,2025-08-20,CUST1006,Headphones,Accessories,East,5.0,2500,0.1,11250.0,6750,Marketplace,Sale,4500.0,0.4
ORD00939,2025-09-23,CUST1075,Tablet,Electronics,East,1.0,22000,0.1,19800.0,15500,App,Sale,4300.0,0.21717171717171718
ORD00940,2025-12-04,CUST1184,Tablet,Electronics,North,1.0,22000,0.05,20900.0,15500,App,Sale,5400.0,0.2583732057416268
ORD00941,2025-07-13,CUST1135,Keyboard,Accessories,East,6.0,1500,0.2,7200.0,5100,Marketplace,Sale,2100.0,0.2916666666666667
ORD00942,2025-07-20,CUST1427,Keyboard,Accessories,West,3.0,1500,0.05,4275.0,2550,Website,Sale,1725.0,0.40350877192982454
ORD00943,2025-10-18,CUST1267,Monitor,Electronics,North,1.0,12000,0.15,10200.0,7600,App,Sale,2600.0,0.2549019607843137
ORD00944,2025-12-07,CUST1111,Tablet,Electronics,North,3.0,22000,0.0,66000.0,46500,Website,Sale,19500.0,0.29545454545454547
ORD00945,2025-01-28,CUST1179,Laptop,Electronics,East,-2.0,55000,0.1,-99000.0,-72000,App,Return,-27000.0,
ORD00946,2025-12-07,CUST1299,Monitor,Electronics,East,6.0,12000,0.1,64800.0,45600,App,Sale,19200.0,0.2962962962962963
ORD00947,2025-01-17,CUST1133,Headphones,Accessories,North,2.0,2500,0.15,4250.0,2700,Marketplace,Sale,1550.0,0.36470588235294116
ORD00948,2025-03-30,CUST1213,Headphones,Accessories,East,5.0,2500,0.05,11875.0,6750,Marketplace,Sale,5125.0,0.43157894736842106
ORD00949,2025-02-13,CUST1049,Tablet,Electronics,West,5.0,22000,0.05,104500.0,77500,Marketplace,Sale,27000.0,0.2583732057416268
ORD00950,2025-09-15,CUST1236,Headphones,Accessories,North,4.0,2500,0.1,9000.0,5400,Website,Sale,3600.0,0.4
ORD00951,2025-08-04,CUST1065,Smartphone,Electronics,North,5.0,28000,0.1,126000.0,102500,Marketplace,Sale,23500.0,0.1865079365079365
ORD00952,2025-01-28,CUST1429,Webcam,Accessories,North,6.0,3200,0.0,19200.0,11400,Marketplace,Sale,7800.0,0.40625
ORD00953,2025-11-29,CUST1062,Monitor,Electronics,South,3.0,12000,0.2,28800.0,22800,App,Sale,6000.0,0.20833333333333334
ORD00954,2025-01-28,CUST1154,Smartphone,Electronics,South,5.0,28000,0.15,119000.0,102500,Website,Sale,16500.0,0.13865546218487396
ORD00955,2025-09-06,CUST1266,Mouse,Accessories,South,1.0,800,0.0,800.0,420,Website,Sale,380.0,0.475
ORD00956,2025-08-31,CUST1094,Tablet,Electronics,East,4.0,22000,0.0,88000.0,62000,App,Sale,26000.0,0.29545454545454547
ORD00957,2025-05-14,CUST1094,Tablet,Electronics,South,6.0,22000,0.2,105600.0,93000,App,Sale,12600.0,0.11931818181818182
ORD00958,2025-03-29,CUST1188,Mouse,Accessories,West,4.0,800,0.15,2720.0,1680,Website,Sale,1040.0,0.38235294117647056
ORD00959,2025-12-24,CUST1005,Webcam,Accessories,North,4.0,3200,0.05,12160.0,7600,App,Sale,4560.0,0.375
ORD00960,2025-08-16,CUST1081,Headphones,Accessories,East,2.0,2500,0.15,4250.0,2700,App,Sale,1550.0,0.36470588235294116
ORD00961,2025-04-18,CUST1235,Webcam,Accessories,East,5.0,3200,0.0,16000.0,9500,App,Sale,6500.0,0.40625
ORD00962,2025-05-23,CUST1294,Webcam,Accessories,North,1.0,3200,0.15,2720.0,1900,App,Sale,820.0,0.3014705882352941
ORD00963,2025-05-13,CUST1034,Headphones,Accessories,East,5.0,2500,0.2,10000.0,6750,App,Sale,3250.0,0.325
ORD00964,2025-04-29,CUST1053,Monitor,Electronics,South,4.0,12000,0.15,40800.0,30400,Website,Sale,10400.0,0.2549019607843137
ORD00965,2025-08-04,CUST1310,Keyboard,Accessories,North,1.0,1500,0.0,1500.0,850,App,Sale,650.0,0.43333333333333335
ORD00966,2025-06-14,CUST1100,Tablet,Electronics,West,4.0,22000,0.05,83600.0,62000,Marketplace,Sale,21600.0,0.2583732057416268
ORD00967,2025-04-26,CUST1322,Smartphone,Electronics,North,4.0,28000,0.2,89600.0,82000,App,Sale,7600.0,0.08482142857142858
ORD00968,2025-01-18,CUST1094,Laptop,Electronics,South,3.0,55000,0.15,140250.0,108000,App,Sale,32250.0,0.22994652406417113
ORD00969,2025-12-09,CUST1410,Mouse,Accessories,West,5.0,800,0.15,3400.0,2100,Website,Sale,1300.0,0.38235294117647056
ORD00970,2025-02-06,CUST1307,Smartphone,Electronics,North,5.0,28000,0.1,126000.0,102500,App,Sale,23500.0,0.1865079365079365
ORD00971,2025-05-29,CUST1436,Headphones,Accessories,North,1.0,2500,0.05,2375.0,1350,App,Sale,1025.0,0.43157894736842106
ORD00972,2025-06-09,CUST1334,Laptop,Electronics,East,5.0,55000,0.0,275000.0,180000,Website,Sale,95000.0,0.34545454545454546
ORD00973,2025-05-14,CUST1120,Laptop,Electronics,East,2.0,55000,0.05,104500.0,72000,App,Sale,32500.0,0.31100478468899523
ORD00974,2025-11-09,CUST1282,Laptop,Electronics,South,3.0,55000,0.0,165000.0,108000,Marketplace,Sale,57000.0,0.34545454545454546
ORD00975,2025-01-22,CUST1400,Tablet,Electronics,South,5.0,22000,0.05,104500.0,77500,Website,Sale,27000.0,0.2583732057416268
ORD00976,2025-01-29,CUST1282,Mouse,Accessories,West,5.0,800,0.2,3200.0,2100,Website,Sale,1100.0,0.34375
ORD00977,2025-12-23,CUST1180,Webcam,Accessories,West,5.0,3200,0.05,15200.0,9500,Website,Sale,5700.0,0.375
ORD00978,2025-05-02,CUST1410,Laptop,Electronics,South,2.0,55000,0.15,93500.0,72000,App,Sale,21500.0,0.22994652406417113
ORD00979,2025-01-30,CUST1149,Smartphone,Electronics,West,4.0,28000,0.05,106400.0,82000,Website,Sale,24400.0,0.22932330827067668
ORD00980,2025-12-03,CUST1439,Monitor,Electronics,South,1.0,12000,0.1,10800.0,7600,Marketplace,Sale,3200.0,0.2962962962962963
ORD00981,2025-07-07,CUST1027,Mouse,Accessories,West,5.0,800,0.1,3600.0,2100,App,Sale,1500.0,0.4166666666666667
ORD00982,2025-06-09,CUST1062,Mouse,Accessories,East,2.0,800,0.2,1280.0,840,App,Sale,440.0,0.34375
ORD00983,2025-01-19,CUST1138,Tablet,Electronics,West,6.0,22000,0.15,112200.0,93000,Marketplace,Sale,19200.0,0.1711229946524064
ORD00984,2025-02-13,CUST1114,Webcam,Accessories,South,4.0,3200,0.0,12800.0,7600,Website,Sale,5200.0,0.40625
ORD00985,2025-09-30,CUST1424,Keyboard,Accessories,East,1.0,1500,0.2,1200.0,850,App,Sale,350.0,0.2916666666666667
ORD00986,2025-04-21,CUST1439,Webcam,Accessories,North,4.0,3200,0.0,12800.0,7600,Website,Sale,5200.0,0.40625
ORD00987,2025-06-08,CUST1067,Keyboard,Accessories,East,2.0,1500,0.15,2550.0,1700,Marketplace,Sale,850.0,0.3333333333333333
ORD00988,2025-02-13,CUST1137,Keyboard,Accessories,East,3.0,1500,0.2,3600.0,2550,App,Sale,1050.0,0.2916666666666667
ORD00989,2025-01-07,CUST1238,Headphones,Accessories,East,3.0,2500,0.05,7125.0,4050,Website,Sale,3075.0,0.43157894736842106
ORD00990,2025-11-23,CUST1032,Webcam,Accessories,East,1.0,3200,0.2,2560.0,1900,Marketplace,Sale,660.0,0.2578125
ORD00991,2025-05-13,CUST1119,Mouse,Accessories,North,6.0,800,0.05,4560.0,2520,App,Sale,2040.0,0.4473684210526316
ORD00992,2025-12-17,CUST1365,Tablet,Electronics,East,5.0,22000,0.1,99000.0,77500,Website,Sale,21500.0,0.21717171717171718
ORD00993,2025-12-14,CUST1057,Laptop,Electronics,South,5.0,55000,0.05,261250.0,180000,App,Sale,81250.0,0.31100478468899523
ORD00994,2025-06-16,CUST1310,Webcam,Accessories,East,1.0,3200,0.15,2720.0,1900,Website,Sale,820.0,0.3014705882352941
ORD00995,2025-11-30,CUST1302,Keyboard,Accessories,North,5.0,1500,0.0,7500.0,4250,App,Sale,3250.0,0.43333333333333335
ORD00996,2025-10-06,CUST1195,Headphones,Accessories,South,2.0,2500,0.15,4250.0,2700,Website,Sale,1550.0,0.36470588235294116
ORD00997,2025-02-09,CUST1310,Webcam,Accessories,North,5.0,3200,0.0,16000.0,9500,App,Sale,6500.0,0.40625
ORD00998,2025-08-14,CUST1118,Mouse,Accessories,South,5.0,800,0.1,3600.0,2100,Website,Sale,1500.0,0.4166666666666667
ORD00999,2025-12-21,CUST1334,Webcam,Accessories,South,3.0,3200,0.0,9600.0,5700,Website,Sale,3900.0,0.40625
ORD01000,2025-03-08,CUST1310,Smartphone,Electronics,East,5.0,28000,0.05,133000.0,102500,Marketplace,Sale,30500.0,0.22932330827067668
ORD01001,2025-10-06,CUST1092,Webcam,Accessories,North,4.0,3200,0.2,10240.0,7600,App,Sale,2640.0,0.2578125
ORD01002,2025-03-03,CUST1012,Tablet,Electronics,North,6.0,22000,0.0,132000.0,93000,App,Sale,39000.0,0.29545454545454547
ORD01003,2025-09-21,CUST1364,Webcam,Accessories,East,4.0,3200,0.1,11520.0,7600,Marketplace,Sale,3920.0,0.3402777777777778
ORD01004,2025-10-30,CUST1209,Monitor,Electronics,South,6.0,12000,0.0,72000.0,45600,Website,Sale,26400.0,0.36666666666666664
ORD01005,2025-05-29,CUST1077,Smartphone,Electronics,North,6.0,28000,0.05,159600.0,123000,App,Sale,36600.0,0.22932330827067668
ORD01006,2025-07-09,CUST1395,Tablet,Electronics,East,4.0,22000,0.1,79200.0,62000,Website,Sale,17200.0,0.21717171717171718
ORD01007,2025-06-24,CUST1021,Webcam,Accessories,South,3.0,3200,0.1,8640.0,5700,App,Sale,2940.0,0.3402777777777778
ORD01008,2025-08-09,CUST1249,Headphones,Accessories,South,1.0,2500,0.1,2250.0,1350,Marketplace,Sale,900.0,0.4
ORD01009,2025-05-13,CUST1014,Monitor,Electronics,North,2.0,12000,0.1,21600.0,15200,App,Sale,6400.0,0.2962962962962963
ORD01010,2025-10-03,CUST1374,Tablet,Electronics,South,1.0,22000,0.1,19800.0,15500,Website,Sale,4300.0,0.21717171717171718
ORD01011,2025-01-06,CUST1142,Monitor,Electronics,North,4.0,12000,0.15,40800.0,30400,Marketplace,Sale,10400.0,0.2549019607843137
ORD01012,2025-02-10,CUST1232,Mouse,Accessories,North,6.0,800,0.0,4800.0,2520,Website,Sale,2280.0,0.475
ORD01013,2025-12-28,CUST1097,Laptop,Electronics,South,4.0,55000,0.0,220000.0,144000,Website,Sale,76000.0,0.34545454545454546
ORD01014,2025-11-21,CUST1135,Mouse,Accessories,West,2.0,800,0.2,1280.0,840,App,Sale,440.0,0.34375
ORD01015,2025-12-09,CUST1001,Mouse,Accessories,West,6.0,800,0.0,4800.0,2520,App,Sale,2280.0,0.475
ORD01016,2025-09-11,CUST1326,Smartphone,Electronics,North,1.0,28000,0.15,23800.0,20500,App,Sale,3300.0,0.13865546218487396
ORD01017,2025-06-03,CUST1278,Keyboard,Accessories,North,6.0,1500,0.15,7650.0,5100,App,Sale,2550.0,0.3333333333333333
ORD01018,2025-02-27,CUST1163,Tablet,Electronics,East,3.0,22000,0.05,62700.0,46500,Website,Sale,16200.0,0.2583732057416268
ORD01019,2025-12-27,CUST1137,Tablet,Electronics,East,4.0,22000,0.2,70400.0,62000,Website,Sale,8400.0,0.11931818181818182
ORD01020,2025-02-01,CUST1204,Headphones,Accessories,North,3.0,2500,0.1,6750.0,4050,Marketplace,Sale,2700.0,0.4
ORD01021,2025-06-09,CUST1274,Headphones,Accessories,South,6.0,2500,0.0,15000.0,8100,Website,Sale,6900.0,0.46
ORD01022,2025-11-11,CUST1046,Smartphone,Electronics,East,5.0,28000,0.2,112000.0,102500,Marketplace,Sale,9500.0,0.08482142857142858
ORD01023,2025-11-10,CUST1429,Laptop,Electronics,East,5.0,55000,0.05,261250.0,180000,App,Sale,81250.0,0.31100478468899523
ORD01024,2025-05-29,CUST1018,Headphones,Accessories,East,3.0,2500,0.15,6375.0,4050,App,Sale,2325.0,0.36470588235294116
ORD01025,2025-02-22,CUST1017,Tablet,Electronics,North,1.0,22000,0.05,20900.0,15500,Website,Sale,5400.0,0.2583732057416268
ORD01026,2025-12-02,CUST1010,Keyboard,Accessories,East,1.0,1500,0.0,1500.0,850,App,Sale,650.0,0.43333333333333335
ORD01027,2025-11-06,CUST1262,Webcam,Accessories,East,2.0,3200,0.2,5120.0,3800,Marketplace,Sale,1320.0,0.2578125
ORD01028,2025-08-23,CUST1113,Keyboard,Accessories,North,6.0,1500,0.2,7200.0,5100,Marketplace,Sale,2100.0,0.2916666666666667
ORD01029,2025-09-05,CUST1390,Mouse,Accessories,North,4.0,800,0.0,3200.0,1680,Website,Sale,1520.0,0.475
ORD01030,2025-04-25,CUST1170,Webcam,Accessories,South,2.0,3200,0.15,5440.0,3800,Website,Sale,1640.0,0.3014705882352941
ORD01031,2025-02-18,CUST1267,Mouse,Accessories,North,4.0,800,0.2,2560.0,1680,App,Sale,880.0,0.34375
ORD01032,2025-01-31,CUST1446,Webcam,Accessories,South,3.0,3200,0.1,8640.0,5700,App,Sale,2940.0,0.3402777777777778
ORD01033,2025-10-15,CUST1053,Tablet,Electronics,North,3.0,22000,0.05,62700.0,46500,Website,Sale,16200.0,0.2583732057416268
ORD01034,2025-03-07,CUST1217,Monitor,Electronics,South,2.0,12000,0.05,22800.0,15200,App,Sale,7600.0,0.3333333333333333
ORD01035,2025-09-07,CUST1368,Webcam,Accessories,South,4.0,3200,0.0,12800.0,7600,Marketplace,Sale,5200.0,0.40625
ORD01036,2025-09-25,CUST1411,Headphones,Accessories,South,5.0,2500,0.05,11875.0,6750,Marketplace,Sale,5125.0,0.43157894736842106
ORD01037,2025-09-23,CUST1084,Tablet,Electronics,East,4.0,22000,0.05,83600.0,62000,Website,Sale,21600.0,0.2583732057416268
ORD01038,2025-01-06,CUST1359,Smartphone,Electronics,South,2.0,28000,0.15,47600.0,41000,Website,Sale,6600.0,0.13865546218487396
ORD01039,2025-10-03,CUST1325,Monitor,Electronics,South,1.0,12000,0.2,9600.0,7600,Marketplace,Sale,2000.0,0.20833333333333334
ORD01040,2025-11-18,CUST1188,Mouse,Accessories,West,3.0,800,0.1,2160.0,1260,Marketplace,Sale,900.0,0.4166666666666667
ORD01041,2025-10-15,CUST1091,Mouse,Accessories,North,1.0,800,0.2,640.0,420,App,Sale,220.0,0.34375
ORD01042,2025-09-25,CUST1413,Webcam,Accessories,North,3.0,3200,0.2,7680.0,5700,Website,Sale,1980.0,0.2578125
ORD01043,2025-04-18,CUST1084,Mouse,Accessories,North,2.0,800,0.0,1600.0,840,Marketplace,Sale,760.0,0.475
ORD01044,2025-02-09,CUST1123,Tablet,Electronics,West,4.0,22000,0.15,74800.0,62000,Website,Sale,12800.0,0.1711229946524064
ORD01045,2025-12-28,CUST1085,Keyboard,Accessories,East,5.0,1500,0.1,6750.0,4250,Marketplace,Sale,2500.0,0.37037037037037035
ORD01046,2025-12-31,CUST1285,Webcam,Accessories,South,5.0,3200,0.15,13600.0,9500,Marketplace,Sale,4100.0,0.3014705882352941
ORD01047,2025-02-04,CUST1195,Headphones,Accessories,South,4.0,2500,0.1,9000.0,5400,Website,Sale,3600.0,0.4
ORD01048,2025-04-11,CUST1129,Mouse,Accessories,North,1.0,800,0.2,640.0,420,App,Sale,220.0,0.34375
ORD01049,2025-05-20,CUST1140,Keyboard,Accessories,North,6.0,1500,0.15,7650.0,5100,Website,Sale,2550.0,0.3333333333333333
ORD01050,2025-08-30,CUST1019,Tablet,Electronics,North,4.0,22000,0.05,83600.0,62000,App,Sale,21600.0,0.2583732057416268
ORD01051,2025-12-28,CUST1326,Smartphone,Electronics,East,1.0,28000,0.15,23800.0,20500,Website,Sale,3300.0,0.13865546218487396
ORD01052,2025-10-06,CUST1363,Mouse,Accessories,North,6.0,800,0.2,3840.0,2520,Marketplace,Sale,1320.0,0.34375
ORD01053,2025-09-22,CUST1373,Webcam,Accessories,South,4.0,3200,0.0,12800.0,7600,Website,Sale,5200.0,0.40625
ORD01054,2025-01-23,CUST1159,Mouse,Accessories,East,6.0,800,0.2,3840.0,2520,Website,Sale,1320.0,0.34375
ORD01055,2025-06-24,CUST1373,Monitor,Electronics,East,5.0,12000,0.15,51000.0,38000,App,Sale,13000.0,0.2549019607843137
ORD01056,2025-11-17,CUST1157,Smartphone,Electronics,South,1.0,28000,0.05,26600.0,20500,App,Sale,6100.0,0.22932330827067668
ORD01057,2025-03-09,CUST1211,Webcam,Accessories,South,6.0,3200,0.1,17280.0,11400,Marketplace,Sale,5880.0,0.3402777777777778
ORD01058,2025-04-13,CUST1178,Keyboard,Accessories,North,6.0,1500,0.15,7650.0,5100,Website,Sale,2550.0,0.3333333333333333
ORD01059,2025-11-20,CUST1359,Smartphone,Electronics,South,1.0,28000,0.2,22400.0,20500,Marketplace,Sale,1900.0,0.08482142857142858
ORD01060,2025-04-17,CUST1133,Keyboard,Accessories,North,1.0,1500,0.2,1200.0,850,App,Sale,350.0,0.2916666666666667
ORD01061,2025-12-04,CUST1337,Tablet,Electronics,North,2.0,22000,0.15,37400.0,31000,Marketplace,Sale,6400.0,0.1711229946524064
ORD01062,2025-12-26,CUST1095,Headphones,Accessories,East,1.0,2500,0.05,2375.0,1350,App,Sale,1025.0,0.43157894736842106
ORD01063,2025-08-28,CUST1374,Laptop,Electronics,East,4.0,55000,0.2,176000.0,144000,App,Sale,32000.0,0.18181818181818182
ORD01064,2025-10-05,CUST1390,Headphones,Accessories,North,4.0,2500,0.15,8500.0,5400,Website,Sale,3100.0,0.36470588235294116
ORD01065,2025-04-08,CUST1153,Keyboard,Accessories,South,5.0,1500,0.15,6375.0,4250,App,Sale,2125.0,0.3333333333333333
ORD01066,2025-04-12,CUST1158,Smartphone,Electronics,South,2.0,28000,0.1,50400.0,41000,Marketplace,Sale,9400.0,0.1865079365079365
ORD01067,2025-08-23,CUST1041,Tablet,Electronics,East,1.0,22000,0.05,20900.0,15500,App,Sale,5400.0,0.2583732057416268
ORD01068,2025-08-12,CUST1081,Mouse,Accessories,West,2.0,800,0.2,1280.0,840,App,Sale,440.0,0.34375
ORD01069,2025-12-18,CUST1198,Mouse,Accessories,East,4.0,800,0.15,2720.0,1680,App,Sale,1040.0,0.38235294117647056
ORD01070,2025-07-24,CUST1250,Keyboard,Accessories,North,6.0,1500,0.15,7650.0,5100,Website,Sale,2550.0,0.3333333333333333
ORD01071,2025-04-24,CUST1039,Mouse,Accessories,South,3.0,800,0.1,2160.0,1260,Website,Sale,900.0,0.4166666666666667
ORD01072,2025-04-07,CUST1077,Keyboard,Accessories,West,4.0,1500,0.0,6000.0,3400,Website,Sale,2600.0,0.43333333333333335
ORD01073,2025-01-18,CUST1412,Smartphone,Electronics,South,2.0,28000,0.15,47600.0,41000,Website,Sale,6600.0,0.13865546218487396
ORD01074,2025-12-02,CUST1005,Laptop,Electronics,South,2.0,55000,0.1,99000.0,72000,Website,Sale,27000.0,0.2727272727272727
ORD01075,2025-08-05,CUST1257,Webcam,Accessories,West,3.0,3200,0.0,9600.0,5700,Marketplace,Sale,3900.0,0.40625
ORD01076,2025-10-01,CUST1076,Smartphone,Electronics,South,4.0,28000,0.2,89600.0,82000,App,Sale,7600.0,0.08482142857142858
ORD01077,2025-05-13,CUST1235,Tablet,Electronics,North,4.0,22000,0.0,88000.0,62000,Marketplace,Sale,26000.0,0.29545454545454547
ORD01078,2025-05-10,CUST1008,Keyboard,Accessories,East,1.0,1500,0.2,1200.0,850,Website,Sale,350.0,0.2916666666666667
ORD01079,2025-11-02,CUST1064,Laptop,Electronics,South,5.0,55000,0.15,233750.0,180000,Website,Sale,53750.0,0.22994652406417113
ORD01080,2025-08-09,CUST1020,Tablet,Electronics,East,6.0,22000,0.2,105600.0,93000,Website,Sale,12600.0,0.11931818181818182
ORD01081,2025-03-17,CUST1216,Monitor,Electronics,South,4.0,12000,0.2,38400.0,30400,Marketplace,Sale,8000.0,0.20833333333333334
ORD01082,2025-12-01,CUST1315,Monitor,Electronics,East,4.0,12000,0.0,48000.0,30400,App,Sale,17600.0,0.36666666666666664
ORD01083,2025-12-22,CUST1141,Tablet,Electronics,North,2.0,22000,0.15,37400.0,31000,App,Sale,6400.0,0.1711229946524064
ORD01084,2025-07-24,CUST1336,Keyboard,Accessories,East,3.0,1500,0.0,4500.0,2550,Website,Sale,1950.0,0.43333333333333335
ORD01085,2025-11-03,CUST1313,Monitor,Electronics,South,2.0,12000,0.05,22800.0,15200,App,Sale,7600.0,0.3333333333333333
ORD01086,2025-08-24,CUST1174,Headphones,Accessories,East,5.0,2500,0.15,10625.0,6750,Website,Sale,3875.0,0.36470588235294116
ORD01087,2025-03-19,CUST1206,Tablet,Electronics,East,2.0,22000,0.2,35200.0,31000,App,Sale,4200.0,0.11931818181818182
ORD01088,2025-02-10,CUST1149,Headphones,Accessories,West,1.0,2500,0.05,2375.0,1350,Website,Sale,1025.0,0.43157894736842106
ORD01089,2025-01-16,CUST1384,Smartphone,Electronics,North,5.0,28000,0.1,126000.0,102500,Website,Sale,23500.0,0.1865079365079365
ORD01090,2025-05-01,CUST1111,Smartphone,Electronics,North,4.0,28000,0.2,89600.0,82000,App,Sale,7600.0,0.08482142857142858
ORD01091,2025-05-29,CUST1214,Smartphone,Electronics,East,6.0,28000,0.15,142800.0,123000,Marketplace,Sale,19800.0,0.13865546218487396
ORD01092,2025-07-05,CUST1253,Headphones,Accessories,East,5.0,2500,0.2,10000.0,6750,Website,Sale,3250.0,0.325
ORD01093,2025-03-22,CUST1349,Keyboard,Accessories,West,1.0,1500,0.2,1200.0,850,App,Sale,350.0,0.2916666666666667
ORD01094,2025-12-01,CUST1306,Webcam,Accessories,West,2.0,3200,0.0,6400.0,3800,Website,Sale,2600.0,0.40625
ORD01095,2025-06-16,CUST1380,Smartphone,Electronics,East,5.0,28000,0.15,119000.0,102500,Website,Sale,16500.0,0.13865546218487396
ORD01096,2025-10-10,CUST1241,Mouse,Accessories,South,2.0,800,0.15,1360.0,840,Marketplace,Sale,520.0,0.38235294117647056
ORD01097,2025-03-09,CUST1123,Laptop,Electronics,West,2.0,55000,0.2,88000.0,72000,App,Sale,16000.0,0.18181818181818182
ORD01098,2025-11-25,CUST1383,Headphones,Accessories,South,2.0,2500,0.05,4750.0,2700,Website,Sale,2050.0,0.43157894736842106
ORD01099,2025-09-24,CUST1366,Webcam,Accessories,South,1.0,3200,0.15,2720.0,1900,App,Sale,820.0,0.3014705882352941
ORD01100,2025-01-13,CUST1186,Laptop,Electronics,North,3.0,55000,0.15,140250.0,108000,Website,Sale,32250.0,0.22994652406417113
ORD01101,2025-08-08,CUST1187,Smartphone,Electronics,East,3.0,28000,0.2,67200.0,61500,App,Sale,5700.0,0.08482142857142858
ORD01102,2025-05-05,CUST1385,Keyboard,Accessories,East,1.0,1500,0.1,1350.0,850,Marketplace,Sale,500.0,0.37037037037037035
ORD01103,2025-01-06,CUST1075,Headphones,Accessories,North,4.0,2500,0.1,9000.0,5400,App,Sale,3600.0,0.4
ORD01104,2025-07-09,CUST1344,Keyboard,Accessories,South,3.0,1500,0.05,4275.0,2550,App,Sale,1725.0,0.40350877192982454
ORD01105,2025-03-17,CUST1075,Webcam,Accessories,East,3.0,3200,0.05,9120.0,5700,Marketplace,Sale,3420.0,0.375
ORD01106,2025-09-18,CUST1300,Webcam,Accessories,East,4.0,3200,0.2,10240.0,7600,App,Sale,2640.0,0.2578125
ORD01107,2025-07-11,CUST1194,Tablet,Electronics,North,6.0,22000,0.05,125400.0,93000,Marketplace,Sale,32400.0,0.2583732057416268
ORD01108,2025-04-26,CUST1332,Mouse,Accessories,West,2.0,800,0.1,1440.0,840,Website,Sale,600.0,0.4166666666666667
ORD01109,2025-10-19,CUST1340,Laptop,Electronics,South,6.0,55000,0.2,264000.0,216000,Website,Sale,48000.0,0.18181818181818182
ORD01110,2025-06-18,CUST1408,Keyboard,Accessories,North,5.0,1500,0.2,6000.0,4250,App,Sale,1750.0,0.2916666666666667
ORD01111,2025-07-05,CUST1020,Smartphone,Electronics,East,6.0,28000,0.05,159600.0,123000,App,Sale,36600.0,0.22932330827067668
ORD01112,2025-05-23,CUST1031,Mouse,Accessories,South,6.0,800,0.0,4800.0,2520,App,Sale,2280.0,0.475
ORD01113,2025-10-25,CUST1244,Monitor,Electronics,North,5.0,12000,0.0,60000.0,38000,Website,Sale,22000.0,0.36666666666666664
ORD01114,2025-04-12,CUST1368,Mouse,Accessories,East,-2.0,800,0.15,-1360.0,-840,App,Return,-520.0,
ORD01115,2025-10-29,CUST1323,Tablet,Electronics,North,1.0,22000,0.1,19800.0,15500,Website,Sale,4300.0,0.21717171717171718
ORD01116,2025-09-21,CUST1320,Keyboard,Accessories,East,3.0,1500,0.2,3600.0,2550,App,Sale,1050.0,0.2916666666666667
ORD01117,2025-09-07,CUST1048,Tablet,Electronics,West,4.0,22000,0.05,83600.0,62000,Marketplace,Sale,21600.0,0.2583732057416268
ORD01118,2025-11-23,CUST1163,Smartphone,Electronics,West,2.0,28000,0.0,56000.0,41000,Website,Sale,15000.0,0.26785714285714285
ORD01119,2025-12-17,CUST1402,Mouse,Accessories,South,5.0,800,0.05,3800.0,2100,App,Sale,1700.0,0.4473684210526316
ORD01120,2025-12-06,CUST1117,Tablet,Electronics,West,6.0,22000,0.2,105600.0,93000,Marketplace,Sale,12600.0,0.11931818181818182
ORD01121,2025-07-09,CUST1217,Headphones,Accessories,East,6.0,2500,0.1,13500.0,8100,Website,Sale,5400.0,0.4
ORD01122,2025-01-03,CUST1419,Webcam,Accessories,South,3.0,3200,0.05,9120.0,5700,Marketplace,Sale,3420.0,0.375
ORD01123,2025-05-31,CUST1408,Headphones,Accessories,North,4.0,2500,0.15,8500.0,5400,Website,Sale,3100.0,0.36470588235294116
ORD01124,2025-05-21,CUST1023,Mouse,Accessories,West,2.0,800,0.1,1440.0,840,Website,Sale,600.0,0.4166666666666667
ORD01125,2025-05-08,CUST1224,Webcam,Accessories,North,1.0,3200,0.0,3200.0,1900,Website,Sale,1300.0,0.40625
ORD01126,2025-03-10,CUST1293,Headphones,Accessories,North,6.0,2500,0.15,12750.0,8100,Website,Sale,4650.0,0.36470588235294116
ORD01127,2025-06-05,CUST1395,Keyboard,Accessories,East,5.0,1500,0.2,6000.0,4250,Marketplace,Sale,1750.0,0.2916666666666667
ORD01128,2025-07-04,CUST1101,Mouse,Accessories,South,2.0,800,0.1,1440.0,840,Marketplace,Sale,600.0,0.4166666666666667
ORD01129,2025-05-11,CUST1408,Laptop,Electronics,North,2.0,55000,0.0,110000.0,72000,Website,Sale,38000.0,0.34545454545454546
ORD01130,2025-09-20,CUST1144,Webcam,Accessories,South,1.0,3200,0.2,2560.0,1900,Website,Sale,660.0,0.2578125
ORD01131,2025-02-08,CUST1293,Monitor,Electronics,North,5.0,12000,0.05,57000.0,38000,App,Sale,19000.0,0.3333333333333333
ORD01132,2025-07-02,CUST1333,Keyboard,Accessories,South,4.0,1500,0.15,5100.0,3400,App,Sale,1700.0,0.3333333333333333
ORD01133,2025-06-23,CUST1004,Webcam,Accessories,West,-2.0,3200,0.15,-5440.0,-3800,App,Return,-1640.0,
ORD01134,2025-05-13,CUST1366,Headphones,Accessories,South,5.0,2500,0.15,10625.0,6750,App,Sale,3875.0,0.36470588235294116
ORD01135,2025-03-17,CUST1399,Smartphone,Electronics,East,1.0,28000,0.0,28000.0,20500,Website,Sale,7500.0,0.26785714285714285
ORD01136,2025-06-17,CUST1119,Mouse,Accessories,South,6.0,800,0.05,4560.0,2520,Marketplace,Sale,2040.0,0.4473684210526316
ORD01137,2025-01-14,CUST1194,Tablet,Electronics,West,1.0,22000,0.15,18700.0,15500,Website,Sale,3200.0,0.1711229946524064
ORD01138,2025-04-12,CUST1083,Webcam,Accessories,North,5.0,3200,0.0,16000.0,9500,Website,Sale,6500.0,0.40625
ORD01139,2025-11-06,CUST1244,Headphones,Accessories,North,4.0,2500,0.05,9500.0,5400,Website,Sale,4100.0,0.43157894736842106
ORD01140,2025-01-09,CUST1222,Webcam,Accessories,South,4.0,3200,0.0,12800.0,7600,Marketplace,Sale,5200.0,0.40625
ORD01141,2025-04-28,CUST1023,Webcam,Accessories,South,4.0,3200,0.0,12800.0,7600,App,Sale,5200.0,0.40625
ORD01142,2025-10-17,CUST1443,Smartphone,Electronics,East,2.0,28000,0.15,47600.0,41000,Marketplace,Sale,6600.0,0.13865546218487396
ORD01143,2025-11-13,CUST1379,Smartphone,Electronics,South,4.0,28000,0.05,106400.0,82000,App,Sale,24400.0,0.22932330827067668
ORD01144,2025-07-06,CUST1430,Smartphone,Electronics,East,1.0,28000,0.15,23800.0,20500,Website,Sale,3300.0,0.13865546218487396
ORD01145,2025-01-14,CUST1390,Tablet,Electronics,North,1.0,22000,0.05,20900.0,15500,App,Sale,5400.0,0.2583732057416268
ORD01146,2025-03-22,CUST1237,Headphones,Accessories,East,2.0,2500,0.0,5000.0,2700,App,Sale,2300.0,0.46
ORD01147,2025-08-14,CUST1165,Laptop,Electronics,East,3.0,55000,0.15,140250.0,108000,App,Sale,32250.0,0.22994652406417113
ORD01148,2025-09-12,CUST1412,Tablet,Electronics,South,4.0,22000,0.2,70400.0,62000,Website,Sale,8400.0,0.11931818181818182
ORD01149,2025-02-18,CUST1168,Keyboard,Accessories,West,5.0,1500,0.0,7500.0,4250,App,Sale,3250.0,0.43333333333333335
ORD01150,2025-09-24,CUST1382,Keyboard,Accessories,West,2.0,1500,0.1,2700.0,1700,Website,Sale,1000.0,0.37037037037037035
ORD01151,2025-04-12,CUST1165,Smartphone,Electronics,West,6.0,28000,0.0,168000.0,123000,Website,Sale,45000.0,0.26785714285714285
ORD01152,2025-06-26,CUST1060,Webcam,Accessories,South,4.0,3200,0.05,12160.0,7600,App,Sale,4560.0,0.375
ORD01153,2025-06-22,CUST1339,Smartphone,Electronics,East,3.0,28000,0.1,75600.0,61500,Marketplace,Sale,14100.0,0.1865079365079365
ORD01154,2025-09-23,CUST1234,Headphones,Accessories,North,4.0,2500,0.0,10000.0,5400,App,Sale,4600.0,0.46
ORD01155,2025-12-31,CUST1443,Headphones,Accessories,South,3.0,2500,0.15,6375.0,4050,Website,Sale,2325.0,0.36470588235294116
ORD01156,2025-09-19,CUST1288,Mouse,Accessories,North,1.0,800,0.05,760.0,420,Website,Sale,340.0,0.4473684210526316
ORD01157,2025-09-30,CUST1325,Mouse,Accessories,North,6.0,800,0.2,3840.0,2520,App,Sale,1320.0,0.34375
ORD01158,2025-03-19,CUST1151,Webcam,Accessories,North,2.0,3200,0.1,5760.0,3800,Website,Sale,1960.0,0.3402777777777778
ORD01159,2025-09-01,CUST1106,Smartphone,Electronics,North,6.0,28000,0.1,151200.0,123000,App,Sale,28200.0,0.1865079365079365
ORD01160,2025-04-02,CUST1200,Webcam,Accessories,South,2.0,3200,0.05,6080.0,3800,Website,Sale,2280.0,0.375
ORD01161,2025-07-20,CUST1205,Mouse,Accessories,South,3.0,800,0.0,2400.0,1260,App,Sale,1140.0,0.475
ORD01162,2025-12-11,CUST1268,Tablet,Electronics,South,-1.0,22000,0.1,-19800.0,-15500,App,Return,-4300.0,
ORD01163,2025-08-30,CUST1036,Tablet,Electronics,East,3.0,22000,0.0,66000.0,46500,Marketplace,Sale,19500.0,0.29545454545454547
ORD01164,2025-05-20,CUST1388,Keyboard,Accessories,North,1.0,1500,0.15,1275.0,850,Website,Sale,425.0,0.3333333333333333
ORD01165,2025-02-15,CUST1029,Headphones,Accessories,East,2.0,2500,0.15,4250.0,2700,Marketplace,Sale,1550.0,0.36470588235294116
ORD01166,2025-05-22,CUST1365,Headphones,Accessories,South,4.0,2500,0.1,9000.0,5400,App,Sale,3600.0,0.4
ORD01167,2025-09-11,CUST1287,Webcam,Accessories,North,6.0,3200,0.1,17280.0,11400,Website,Sale,5880.0,0.3402777777777778
ORD01168,2025-11-07,CUST1294,Webcam,Accessories,East,1.0,3200,0.2,2560.0,1900,App,Sale,660.0,0.2578125
ORD01169,2025-07-04,CUST1293,Webcam,Accessories,North,4.0,3200,0.0,12800.0,7600,Website,Sale,5200.0,0.40625
ORD01170,2025-11-18,CUST1050,Webcam,Accessories,West,6.0,3200,0.0,19200.0,11400,Website,Sale,7800.0,0.40625
ORD01171,2025-08-22,CUST1234,Headphones,Accessories,South,3.0,2500,0.05,7125.0,4050,Marketplace,Sale,3075.0,0.43157894736842106
ORD01172,2025-03-24,CUST1432,Headphones,Accessories,North,6.0,2500,0.15,12750.0,8100,Marketplace,Sale,4650.0,0.36470588235294116
ORD01173,2025-06-30,CUST1160,Mouse,Accessories,South,3.0,800,0.1,2160.0,1260,App,Sale,900.0,0.4166666666666667
ORD01174,2025-07-15,CUST1086,Tablet,Electronics,North,3.0,22000,0.1,59400.0,46500,App,Sale,12900.0,0.21717171717171718
ORD01175,2025-10-25,CUST1101,Keyboard,Accessories,South,5.0,1500,0.2,6000.0,4250,App,Sale,1750.0,0.2916666666666667
ORD01176,2025-12-06,CUST1053,Keyboard,Accessories,South,2.0,1500,0.1,2700.0,1700,Marketplace,Sale,1000.0,0.37037037037037035
ORD01177,2025-11-11,CUST1341,Headphones,Accessories,North,2.0,2500,0.15,4250.0,2700,Website,Sale,1550.0,0.36470588235294116
ORD01178,2025-04-25,CUST1151,Mouse,Accessories,North,2.0,800,0.15,1360.0,840,App,Sale,520.0,0.38235294117647056
ORD01179,2025-09-05,CUST1382,Mouse,Accessories,East,4.0,800,0.05,3040.0,1680,Marketplace,Sale,1360.0,0.4473684210526316
ORD01180,2025-05-15,CUST1164,Headphones,Accessories,South,2.0,2500,0.1,4500.0,2700,App,Sale,1800.0,0.4
ORD01181,2025-03-10,CUST1368,Monitor,Electronics,South,5.0,12000,0.15,51000.0,38000,App,Sale,13000.0,0.2549019607843137
ORD01182,2025-04-25,CUST1087,Laptop,Electronics,West,4.0,55000,0.2,176000.0,144000,App,Sale,32000.0,0.18181818181818182
ORD01183,2025-11-29,CUST1291,Headphones,Accessories,South,4.0,2500,0.05,9500.0,5400,Website,Sale,4100.0,0.43157894736842106
ORD01184,2025-11-03,CUST1169,Smartphone,Electronics,East,4.0,28000,0.05,106400.0,82000,App,Sale,24400.0,0.22932330827067668
ORD01185,2025-07-28,CUST1396,Headphones,Accessories,North,1.0,2500,0.2,2000.0,1350,Website,Sale,650.0,0.325
ORD01186,2025-09-29,CUST1427,Smartphone,Electronics,South,6.0,28000,0.05,159600.0,123000,Website,Sale,36600.0,0.22932330827067668
ORD01187,2025-03-03,CUST1195,Monitor,Electronics,South,4.0,12000,0.2,38400.0,30400,Marketplace,Sale,8000.0,0.20833333333333334
ORD01188,2025-04-04,CUST1133,Headphones,Accessories,South,2.0,2500,0.15,4250.0,2700,Marketplace,Sale,1550.0,0.36470588235294116
ORD01189,2025-11-28,CUST1285,Headphones,Accessories,East,4.0,2500,0.0,10000.0,5400,Website,Sale,4600.0,0.46
ORD01190,2025-03-28,CUST1439,Laptop,Electronics,South,1.0,55000,0.1,49500.0,36000,App,Sale,13500.0,0.2727272727272727
ORD01191,2025-11-22,CUST1307,Smartphone,Electronics,South,5.0,28000,0.05,133000.0,102500,Website,Sale,30500.0,0.22932330827067668
ORD01192,2025-12-28,CUST1413,Smartphone,Electronics,East,4.0,28000,0.0,112000.0,82000,Website,Sale,30000.0,0.26785714285714285
ORD01193,2025-06-28,CUST1232,Smartphone,Electronics,North,1.0,28000,0.15,23800.0,20500,Website,Sale,3300.0,0.13865546218487396
ORD01194,2025-08-18,CUST1096,Monitor,Electronics,North,3.0,12000,0.05,34200.0,22800,Marketplace,Sale,11400.0,0.3333333333333333
ORD01195,2025-01-31,CUST1387,Monitor,Electronics,South,5.0,12000,0.0,60000.0,38000,Marketplace,Sale,22000.0,0.36666666666666664
ORD01196,2025-06-14,CUST1012,Mouse,Accessories,East,3.0,800,0.15,2040.0,1260,App,Sale,780.0,0.38235294117647056
ORD01197,2025-09-05,CUST1096,Keyboard,Accessories,East,4.0,1500,0.1,5400.0,3400,App,Sale,2000.0,0.37037037037037035
ORD01198,2025-10-20,CUST1197,Headphones,Accessories,North,6.0,2500,0.0,15000.0,8100,Website,Sale,6900.0,0.46
ORD01199,2025-12-17,CUST1050,Smartphone,Electronics,South,5.0,28000,0.1,126000.0,102500,App,Sale,23500.0,0.1865079365079365
ORD01200,2025-12-31,CUST1195,Mouse,Accessories,South,4.0,800,0.05,3040.0,1680,Website,Sale,1360.0,0.4473684210526316
ORD01201,2025-05-29,CUST1190,Mouse,Accessories,West,6.0,800,0.1,4320.0,2520,Website,Sale,1800.0,0.4166666666666667
ORD01202,2025-03-21,CUST1104,Mouse,Accessories,South,5.0,800,0.1,3600.0,2100,Marketplace,Sale,1500.0,0.4166666666666667
ORD01203,2025-07-29,CUST1129,Webcam,Accessories,South,4.0,3200,0.15,10880.0,7600,Website,Sale,3280.0,0.3014705882352941
ORD01204,2025-01-22,CUST1405,Tablet,Electronics,South,2.0,22000,0.05,41800.0,31000,App,Sale,10800.0,0.2583732057416268
ORD01205,2025-06-17,CUST1055,Keyboard,Accessories,West,6.0,1500,0.15,7650.0,5100,App,Sale,2550.0,0.3333333333333333
ORD01206,2025-02-14,CUST1055,Tablet,Electronics,North,2.0,22000,0.05,41800.0,31000,Website,Sale,10800.0,0.2583732057416268
ORD01207,2025-05-04,CUST1226,Monitor,Electronics,North,2.0,12000,0.15,20400.0,15200,App,Sale,5200.0,0.2549019607843137
ORD01208,2025-04-07,CUST1089,Headphones,Accessories,South,1.0,2500,0.2,2000.0,1350,Website,Sale,650.0,0.325
ORD01209,2025-07-20,CUST1336,Keyboard,Accessories,North,5.0,1500,0.0,7500.0,4250,Website,Sale,3250.0,0.43333333333333335
ORD01210,2025-02-05,CUST1057,Keyboard,Accessories,West,5.0,1500,0.05,7125.0,4250,App,Sale,2875.0,0.40350877192982454
ORD01211,2025-10-01,CUST1350,Smartphone,Electronics,West,6.0,28000,0.1,151200.0,123000,Website,Sale,28200.0,0.1865079365079365
ORD01212,2025-10-16,CUST1288,Webcam,Accessories,North,5.0,3200,0.0,16000.0,9500,Website,Sale,6500.0,0.40625
ORD01213,2025-10-20,CUST1349,Keyboard,Accessories,East,6.0,1500,0.2,7200.0,5100,Marketplace,Sale,2100.0,0.2916666666666667
ORD01214,2025-11-22,CUST1326,Smartphone,Electronics,West,4.0,28000,0.2,89600.0,82000,Marketplace,Sale,7600.0,0.08482142857142858
ORD01215,2025-03-24,CUST1205,Laptop,Electronics,South,4.0,55000,0.1,198000.0,144000,Marketplace,Sale,54000.0,0.2727272727272727
ORD01216,2025-04-17,CUST1172,Webcam,Accessories,West,4.0,3200,0.15,10880.0,7600,App,Sale,3280.0,0.3014705882352941
ORD01217,2025-09-29,CUST1237,Mouse,Accessories,East,6.0,800,0.05,4560.0,2520,Website,Sale,2040.0,0.4473684210526316
ORD01218,2025-07-11,CUST1153,Mouse,Accessories,East,4.0,800,0.05,3040.0,1680,App,Sale,1360.0,0.4473684210526316
ORD01219,2025-07-31,CUST1092,Mouse,Accessories,North,3.0,800,0.2,1920.0,1260,App,Sale,660.0,0.34375
ORD01220,2025-07-17,CUST1077,Smartphone,Electronics,West,3.0,28000,0.2,67200.0,61500,App,Sale,5700.0,0.08482142857142858
ORD01221,2025-03-08,CUST1441,Laptop,Electronics,East,6.0,55000,0.0,330000.0,216000,Website,Sale,114000.0,0.34545454545454546
ORD01222,2025-06-10,CUST1298,Smartphone,Electronics,West,2.0,28000,0.1,50400.0,41000,Website,Sale,9400.0,0.1865079365079365
ORD01223,2025-06-23,CUST1083,Keyboard,Accessories,North,3.0,1500,0.0,4500.0,2550,App,Sale,1950.0,0.43333333333333335
ORD01224,2025-07-29,CUST1339,Tablet,Electronics,West,6.0,22000,0.1,118800.0,93000,Website,Sale,25800.0,0.21717171717171718
ORD01225,2025-01-21,CUST1225,Webcam,Accessories,South,4.0,3200,0.15,10880.0,7600,Website,Sale,3280.0,0.3014705882352941
ORD01226,2025-11-01,CUST1319,Headphones,Accessories,West,3.0,2500,0.0,7500.0,4050,App,Sale,3450.0,0.46
ORD01227,2025-02-26,CUST1008,Headphones,Accessories,North,3.0,2500,0.0,7500.0,4050,Website,Sale,3450.0,0.46
ORD01228,2025-03-28,CUST1250,Keyboard,Accessories,South,2.0,1500,0.2,2400.0,1700,Website,Sale,700.0,0.2916666666666667
ORD01229,2025-11-29,CUST1383,Keyboard,Accessories,South,3.0,1500,0.15,3825.0,2550,Website,Sale,1275.0,0.3333333333333333
ORD01230,2025-12-04,CUST1194,Laptop,Electronics,West,2.0,55000,0.2,88000.0,72000,Website,Sale,16000.0,0.18181818181818182
ORD01231,2025-07-18,CUST1208,Keyboard,Accessories,South,6.0,1500,0.15,7650.0,5100,Marketplace,Sale,2550.0,0.3333333333333333
ORD01232,2025-05-14,CUST1412,Tablet,Electronics,East,3.0,22000,0.1,59400.0,46500,App,Sale,12900.0,0.21717171717171718
ORD01233,2025-02-28,CUST1292,Smartphone,Electronics,East,1.0,28000,0.05,26600.0,20500,Website,Sale,6100.0,0.22932330827067668
ORD01234,2025-08-02,CUST1298,Laptop,Electronics,East,6.0,55000,0.1,297000.0,216000,Website,Sale,81000.0,0.2727272727272727
ORD01235,2025-11-20,CUST1095,Monitor,Electronics,North,5.0,12000,0.0,60000.0,38000,Website,Sale,22000.0,0.36666666666666664
ORD01236,2025-10-08,CUST1243,Mouse,Accessories,South,1.0,800,0.0,800.0,420,Website,Sale,380.0,0.475
ORD01237,2025-06-11,CUST1259,Tablet,Electronics,South,3.0,22000,0.2,52800.0,46500,App,Sale,6300.0,0.11931818181818182
ORD01238,2025-05-15,CUST1434,Mouse,Accessories,South,6.0,800,0.0,4800.0,2520,App,Sale,2280.0,0.475
ORD01239,2025-07-22,CUST1128,Keyboard,Accessories,South,5.0,1500,0.15,6375.0,4250,App,Sale,2125.0,0.3333333333333333
ORD01240,2025-09-29,CUST1375,Keyboard,Accessories,East,3.0,1500,0.05,4275.0,2550,Website,Sale,1725.0,0.40350877192982454
ORD01241,2025-02-10,CUST1357,Tablet,Electronics,South,1.0,22000,0.0,22000.0,15500,Website,Sale,6500.0,0.29545454545454547
ORD01242,2025-10-19,CUST1153,Headphones,Accessories,East,4.0,2500,0.1,9000.0,5400,App,Sale,3600.0,0.4
ORD01243,2025-04-08,CUST1407,Smartphone,Electronics,West,1.0,28000,0.1,25200.0,20500,Website,Sale,4700.0,0.1865079365079365
ORD01244,2025-08-26,CUST1403,Smartphone,Electronics,East,6.0,28000,0.15,142800.0,123000,App,Sale,19800.0,0.13865546218487396
ORD01245,2025-07-24,CUST1048,Webcam,Accessories,West,6.0,3200,0.05,18240.0,11400,App,Sale,6840.0,0.375
ORD01246,2025-05-19,CUST1116,Laptop,Electronics,North,4.0,55000,0.15,187000.0,144000,Website,Sale,43000.0,0.22994652406417113
ORD01247,2025-08-10,CUST1361,Smartphone,Electronics,East,4.0,28000,0.0,112000.0,82000,App,Sale,30000.0,0.26785714285714285
ORD01248,2025-01-05,CUST1173,Mouse,Accessories,South,4.0,800,0.15,2720.0,1680,App,Sale,1040.0,0.38235294117647056
ORD01249,2025-08-08,CUST1189,Smartphone,Electronics,West,5.0,28000,0.1,126000.0,102500,Website,Sale,23500.0,0.1865079365079365
ORD01250,2025-01-10,CUST1324,Webcam,Accessories,West,2.0,3200,0.05,6080.0,3800,Marketplace,Sale,2280.0,0.375
ORD01251,2025-12-10,CUST1362,Headphones,Accessories,South,6.0,2500,0.05,14250.0,8100,App,Sale,6150.0,0.43157894736842106
ORD01252,2025-08-09,CUST1319,Laptop,Electronics,North,3.0,55000,0.2,132000.0,108000,Website,Sale,24000.0,0.18181818181818182
ORD01253,2025-08-25,CUST1364,Keyboard,Accessories,East,1.0,1500,0.15,1275.0,850,Website,Sale,425.0,0.3333333333333333
ORD01254,2025-08-31,CUST1401,Laptop,Electronics,East,3.0,55000,0.1,148500.0,108000,Website,Sale,40500.0,0.2727272727272727
ORD01255,2025-06-10,CUST1151,Mouse,Accessories,South,6.0,800,0.05,4560.0,2520,App,Sale,2040.0,0.4473684210526316
ORD01256,2025-09-26,CUST1133,Mouse,Accessories,East,4.0,800,0.15,2720.0,1680,Website,Sale,1040.0,0.38235294117647056
ORD01257,2025-01-15,CUST1228,Webcam,Accessories,North,1.0,3200,0.1,2880.0,1900,App,Sale,980.0,0.3402777777777778
ORD01258,2025-11-01,CUST1145,Headphones,Accessories,South,1.0,2500,0.1,2250.0,1350,Marketplace,Sale,900.0,0.4
ORD01259,2025-01-09,CUST1281,Headphones,Accessories,West,5.0,2500,0.15,10625.0,6750,Marketplace,Sale,3875.0,0.36470588235294116
ORD01260,2025-07-22,CUST1261,Laptop,Electronics,South,6.0,55000,0.1,297000.0,216000,App,Sale,81000.0,0.2727272727272727
ORD01261,2025-12-09,CUST1047,Monitor,Electronics,East,2.0,12000,0.05,22800.0,15200,Marketplace,Sale,7600.0,0.3333333333333333
ORD01262,2025-02-11,CUST1355,Monitor,Electronics,East,4.0,12000,0.15,40800.0,30400,Website,Sale,10400.0,0.2549019607843137
ORD01263,2025-04-17,CUST1026,Monitor,Electronics,South,3.0,12000,0.05,34200.0,22800,App,Sale,11400.0,0.3333333333333333
ORD01264,2025-09-03,CUST1165,Mouse,Accessories,South,2.0,800,0.05,1520.0,840,Website,Sale,680.0,0.4473684210526316
ORD01265,2025-01-10,CUST1020,Keyboard,Accessories,North,4.0,1500,0.0,6000.0,3400,App,Sale,2600.0,0.43333333333333335
ORD01266,2025-04-28,CUST1203,Laptop,Electronics,North,3.0,55000,0.0,165000.0,108000,Website,Sale,57000.0,0.34545454545454546
ORD01267,2025-11-18,CUST1386,Keyboard,Accessories,East,3.0,1500,0.2,3600.0,2550,App,Sale,1050.0,0.2916666666666667
ORD01268,2025-06-17,CUST1104,Monitor,Electronics,North,6.0,12000,0.1,64800.0,45600,Website,Sale,19200.0,0.2962962962962963
ORD01269,2025-02-24,CUST1303,Mouse,Accessories,East,2.0,800,0.2,1280.0,840,Website,Sale,440.0,0.34375
ORD01270,2025-01-28,CUST1110,Mouse,Accessories,East,5.0,800,0.1,3600.0,2100,Marketplace,Sale,1500.0,0.4166666666666667
ORD01271,2025-04-16,CUST1251,Webcam,Accessories,North,6.0,3200,0.1,17280.0,11400,Marketplace,Sale,5880.0,0.3402777777777778
ORD01272,2025-12-08,CUST1000,Monitor,Electronics,West,1.0,12000,0.0,12000.0,7600,App,Sale,4400.0,0.36666666666666664
ORD01273,2025-03-23,CUST1038,Headphones,Accessories,South,2.0,2500,0.05,4750.0,2700,Website,Sale,2050.0,0.43157894736842106
ORD01274,2025-02-06,CUST1061,Monitor,Electronics,South,3.0,12000,0.05,34200.0,22800,Website,Sale,11400.0,0.3333333333333333
ORD01275,2025-09-01,CUST1138,Monitor,Electronics,North,1.0,12000,0.05,11400.0,7600,Website,Sale,3800.0,0.3333333333333333
ORD01276,2025-02-02,CUST1254,Smartphone,Electronics,West,2.0,28000,0.0,56000.0,41000,Website,Sale,15000.0,0.26785714285714285
ORD01277,2025-03-31,CUST1368,Laptop,Electronics,East,6.0,55000,0.0,330000.0,216000,Marketplace,Sale,114000.0,0.34545454545454546
ORD01278,2025-01-13,CUST1447,Mouse,Accessories,East,2.0,800,0.15,1360.0,840,Website,Sale,520.0,0.38235294117647056
ORD01279,2025-10-14,CUST1233,Mouse,Accessories,North,6.0,800,0.0,4800.0,2520,App,Sale,2280.0,0.475
ORD01280,2025-07-11,CUST1208,Headphones,Accessories,West,6.0,2500,0.2,12000.0,8100,Marketplace,Sale,3900.0,0.325
ORD01281,2025-08-28,CUST1044,Keyboard,Accessories,South,2.0,1500,0.15,2550.0,1700,Marketplace,Sale,850.0,0.3333333333333333
ORD01282,2025-03-07,CUST1306,Tablet,Electronics,South,5.0,22000,0.05,104500.0,77500,App,Sale,27000.0,0.2583732057416268
ORD01283,2025-10-21,CUST1256,Mouse,Accessories,North,6.0,800,0.15,4080.0,2520,Website,Sale,1560.0,0.38235294117647056
ORD01284,2025-10-22,CUST1059,Smartphone,Electronics,East,6.0,28000,0.05,159600.0,123000,Marketplace,Sale,36600.0,0.22932330827067668
ORD01285,2025-10-08,CUST1115,Webcam,Accessories,West,2.0,3200,0.2,5120.0,3800,App,Sale,1320.0,0.2578125
ORD01286,2025-12-22,CUST1123,Laptop,Electronics,East,5.0,55000,0.0,275000.0,180000,App,Sale,95000.0,0.34545454545454546
ORD01287,2025-05-10,CUST1423,Mouse,Accessories,North,1.0,800,0.0,800.0,420,Website,Sale,380.0,0.475
ORD01288,2025-05-10,CUST1198,Webcam,Accessories,East,3.0,3200,0.15,8160.0,5700,Website,Sale,2460.0,0.3014705882352941
ORD01289,2025-11-14,CUST1255,Tablet,Electronics,North,6.0,22000,0.2,105600.0,93000,Marketplace,Sale,12600.0,0.11931818181818182
ORD01290,2025-12-25,CUST1350,Webcam,Accessories,North,5.0,3200,0.0,16000.0,9500,Website,Sale,6500.0,0.40625
ORD01291,2025-01-20,CUST1232,Monitor,Electronics,East,4.0,12000,0.1,43200.0,30400,App,Sale,12800.0,0.2962962962962963
ORD01292,2025-06-11,CUST1314,Headphones,Accessories,North,3.0,2500,0.2,6000.0,4050,App,Sale,1950.0,0.325
ORD01293,2025-10-31,CUST1356,Laptop,Electronics,East,5.0,55000,0.15,233750.0,180000,App,Sale,53750.0,0.22994652406417113
ORD01294,2025-12-01,CUST1150,Keyboard,Accessories,North,5.0,1500,0.0,7500.0,4250,Marketplace,Sale,3250.0,0.43333333333333335
ORD01295,2025-11-04,CUST1248,Monitor,Electronics,West,6.0,12000,0.05,68400.0,45600,App,Sale,22800.0,0.3333333333333333
ORD01296,2025-07-12,CUST1117,Smartphone,Electronics,East,2.0,28000,0.1,50400.0,41000,Website,Sale,9400.0,0.1865079365079365
ORD01297,2025-02-21,CUST1406,Smartphone,Electronics,North,6.0,28000,0.2,134400.0,123000,App,Sale,11400.0,0.08482142857142858
ORD01298,2025-12-22,CUST1034,Monitor,Electronics,East,4.0,12000,0.15,40800.0,30400,Marketplace,Sale,10400.0,0.2549019607843137
ORD01299,2025-01-09,CUST1340,Mouse,Accessories,South,2.0,800,0.0,1600.0,840,App,Sale,760.0,0.475
ORD01300,2025-07-11,CUST1118,Tablet,Electronics,East,1.0,22000,0.05,20900.0,15500,App,Sale,5400.0,0.2583732057416268
ORD01301,2025-12-26,CUST1299,Headphones,Accessories,East,1.0,2500,0.2,2000.0,1350,App,Sale,650.0,0.325
ORD01302,2025-06-13,CUST1050,Tablet,Electronics,North,2.0,22000,0.05,41800.0,31000,App,Sale,10800.0,0.2583732057416268
ORD01303,2025-02-06,CUST1289,Smartphone,Electronics,South,5.0,28000,0.05,133000.0,102500,Website,Sale,30500.0,0.22932330827067668
ORD01304,2025-11-17,CUST1399,Keyboard,Accessories,South,4.0,1500,0.0,6000.0,3400,Marketplace,Sale,2600.0,0.43333333333333335
ORD01305,2025-07-20,CUST1330,Mouse,Accessories,South,6.0,800,0.05,4560.0,2520,App,Sale,2040.0,0.4473684210526316
ORD01306,2025-05-04,CUST1287,Keyboard,Accessories,East,4.0,1500,0.0,6000.0,3400,App,Sale,2600.0,0.43333333333333335
ORD01307,2025-11-25,CUST1155,Keyboard,Accessories,North,4.0,1500,0.1,5400.0,3400,Marketplace,Sale,2000.0,0.37037037037037035
ORD01308,2025-07-06,CUST1240,Tablet,Electronics,South,4.0,22000,0.2,70400.0,62000,Website,Sale,8400.0,0.11931818181818182
ORD01309,2025-06-25,CUST1160,Monitor,Electronics,East,3.0,12000,0.1,32400.0,22800,App,Sale,9600.0,0.2962962962962963
ORD01310,2025-10-17,CUST1306,Keyboard,Accessories,South,2.0,1500,0.1,2700.0,1700,App,Sale,1000.0,0.37037037037037035
ORD01311,2025-10-11,CUST1408,Keyboard,Accessories,North,2.0,1500,0.1,2700.0,1700,App,Sale,1000.0,0.37037037037037035
ORD01312,2025-03-02,CUST1093,Keyboard,Accessories,East,6.0,1500,0.05,8550.0,5100,Website,Sale,3450.0,0.40350877192982454
ORD01313,2025-07-11,CUST1074,Tablet,Electronics,North,6.0,22000,0.1,118800.0,93000,Marketplace,Sale,25800.0,0.21717171717171718
ORD01314,2025-03-05,CUST1232,Webcam,Accessories,North,1.0,3200,0.0,3200.0,1900,App,Sale,1300.0,0.40625
ORD01315,2025-05-22,CUST1304,Webcam,Accessories,West,2.0,3200,0.1,5760.0,3800,Website,Sale,1960.0,0.3402777777777778
ORD01316,2025-06-10,CUST1433,Smartphone,Electronics,North,1.0,28000,0.1,25200.0,20500,App,Sale,4700.0,0.1865079365079365
ORD01317,2025-10-02,CUST1005,Monitor,Electronics,North,6.0,12000,0.15,61200.0,45600,Marketplace,Sale,15600.0,0.2549019607843137
ORD01318,2025-05-26,CUST1430,Mouse,Accessories,North,2.0,800,0.2,1280.0,840,App,Sale,440.0,0.34375
ORD01319,2025-10-27,CUST1046,Mouse,Accessories,North,2.0,800,0.15,1360.0,840,Marketplace,Sale,520.0,0.38235294117647056
ORD01320,2025-06-09,CUST1112,Mouse,Accessories,North,4.0,800,0.05,3040.0,1680,App,Sale,1360.0,0.4473684210526316
ORD01321,2025-12-10,CUST1364,Webcam,Accessories,South,4.0,3200,0.05,12160.0,7600,Website,Sale,4560.0,0.375
ORD01322,2025-11-11,CUST1164,Keyboard,Accessories,North,2.0,1500,0.15,2550.0,1700,App,Sale,850.0,0.3333333333333333
ORD01323,2025-07-18,CUST1086,Mouse,Accessories,South,3.0,800,0.05,2280.0,1260,App,Sale,1020.0,0.4473684210526316
ORD01324,2025-06-10,CUST1012,Keyboard,Accessories,North,2.0,1500,0.1,2700.0,1700,App,Sale,1000.0,0.37037037037037035
ORD01325,2025-11-27,CUST1010,Tablet,Electronics,South,6.0,22000,0.0,132000.0,93000,Website,Sale,39000.0,0.29545454545454547
ORD01326,2025-08-06,CUST1245,Keyboard,Accessories,South,3.0,1500,0.05,4275.0,2550,App,Sale,1725.0,0.40350877192982454
ORD01327,2025-11-27,CUST1362,Mouse,Accessories,North,1.0,800,0.15,680.0,420,App,Sale,260.0,0.38235294117647056
ORD01328,2025-12-23,CUST1072,Keyboard,Accessories,East,1.0,1500,0.2,1200.0,850,App,Sale,350.0,0.2916666666666667
ORD01329,2025-04-28,CUST1293,Smartphone,Electronics,East,5.0,28000,0.0,140000.0,102500,App,Sale,37500.0,0.26785714285714285
ORD01330,2025-05-28,CUST1034,Webcam,Accessories,East,2.0,3200,0.05,6080.0,3800,App,Sale,2280.0,0.375
ORD01331,2025-01-10,CUST1125,Tablet,Electronics,East,5.0,22000,0.1,99000.0,77500,App,Sale,21500.0,0.21717171717171718
ORD01332,2025-05-20,CUST1024,Laptop,Electronics,East,5.0,55000,0.2,220000.0,180000,App,Sale,40000.0,0.18181818181818182
ORD01333,2025-05-04,CUST1365,Headphones,Accessories,South,5.0,2500,0.1,11250.0,6750,App,Sale,4500.0,0.4
ORD01334,2025-01-22,CUST1281,Smartphone,Electronics,West,1.0,28000,0.1,25200.0,20500,App,Sale,4700.0,0.1865079365079365
ORD01335,2025-08-27,CUST1268,Headphones,Accessories,South,5.0,2500,0.2,10000.0,6750,App,Sale,3250.0,0.325
ORD01336,2025-09-13,CUST1059,Laptop,Electronics,West,2.0,55000,0.0,110000.0,72000,Website,Sale,38000.0,0.34545454545454546
ORD01337,2025-07-12,CUST1396,Laptop,Electronics,South,3.0,55000,0.15,140250.0,108000,Website,Sale,32250.0,0.22994652406417113
ORD01338,2025-10-30,CUST1129,Keyboard,Accessories,West,4.0,1500,0.05,5700.0,3400,Website,Sale,2300.0,0.40350877192982454
ORD01339,2025-07-10,CUST1151,Smartphone,Electronics,East,4.0,28000,0.0,112000.0,82000,Website,Sale,30000.0,0.26785714285714285
ORD01340,2025-07-17,CUST1020,Webcam,Accessories,East,1.0,3200,0.2,2560.0,1900,Website,Sale,660.0,0.2578125
ORD01341,2025-04-02,CUST1381,Mouse,Accessories,East,3.0,800,0.2,1920.0,1260,Website,Sale,660.0,0.34375
ORD01342,2025-01-13,CUST1177,Headphones,Accessories,East,1.0,2500,0.15,2125.0,1350,Marketplace,Sale,775.0,0.36470588235294116
ORD01343,2025-01-27,CUST1078,Monitor,Electronics,West,4.0,12000,0.15,40800.0,30400,Marketplace,Sale,10400.0,0.2549019607843137
ORD01344,2025-12-05,CUST1141,Keyboard,Accessories,North,2.0,1500,0.05,2850.0,1700,Website,Sale,1150.0,0.40350877192982454
ORD01345,2025-05-06,CUST1218,Mouse,Accessories,East,4.0,800,0.2,2560.0,1680,App,Sale,880.0,0.34375
ORD01346,2025-01-01,CUST1344,Laptop,Electronics,North,3.0,55000,0.15,140250.0,108000,Website,Sale,32250.0,0.22994652406417113
ORD01347,2025-06-25,CUST1323,Headphones,Accessories,North,4.0,2500,0.1,9000.0,5400,App,Sale,3600.0,0.4
ORD01348,2025-12-08,CUST1139,Keyboard,Accessories,North,5.0,1500,0.05,7125.0,4250,Marketplace,Sale,2875.0,0.40350877192982454
ORD01349,2025-09-13,CUST1284,Laptop,Electronics,East,5.0,55000,0.1,247500.0,180000,App,Sale,67500.0,0.2727272727272727
ORD01350,2025-05-08,CUST1214,Smartphone,Electronics,East,1.0,28000,0.2,22400.0,20500,Website,Sale,1900.0,0.08482142857142858
ORD01351,2025-05-05,CUST1223,Tablet,Electronics,West,6.0,22000,0.0,132000.0,93000,App,Sale,39000.0,0.29545454545454547
ORD01352,2025-08-01,CUST1202,Headphones,Accessories,West,3.0,2500,0.0,7500.0,4050,Website,Sale,3450.0,0.46
ORD01353,2025-05-01,CUST1051,Smartphone,Electronics,East,3.0,28000,0.05,79800.0,61500,Website,Sale,18300.0,0.22932330827067668
ORD01354,2025-03-18,CUST1068,Tablet,Electronics,East,-1.0,22000,0.05,-20900.0,-15500,Marketplace,Return,-5400.0,
ORD01355,2025-12-14,CUST1169,Headphones,Accessories,North,6.0,2500,0.2,12000.0,8100,Website,Sale,3900.0,0.325
ORD01356,2025-01-21,CUST1303,Mouse,Accessories,East,2.0,800,0.15,1360.0,840,App,Sale,520.0,0.38235294117647056
ORD01357,2025-02-06,CUST1254,Smartphone,Electronics,South,1.0,28000,0.15,23800.0,20500,Marketplace,Sale,3300.0,0.13865546218487396
ORD01358,2025-01-17,CUST1260,Headphones,Accessories,South,6.0,2500,0.05,14250.0,8100,Website,Sale,6150.0,0.43157894736842106
ORD01359,2025-03-08,CUST1018,Keyboard,Accessories,North,6.0,1500,0.1,8100.0,5100,Website,Sale,3000.0,0.37037037037037035
ORD01360,2025-03-17,CUST1296,Smartphone,Electronics,West,2.0,28000,0.0,56000.0,41000,Website,Sale,15000.0,0.26785714285714285
ORD01361,2025-07-29,CUST1080,Keyboard,Accessories,East,6.0,1500,0.05,8550.0,5100,Website,Sale,3450.0,0.40350877192982454
ORD01362,2025-01-26,CUST1401,Keyboard,Accessories,East,4.0,1500,0.05,5700.0,3400,Website,Sale,2300.0,0.40350877192982454
ORD01363,2025-10-03,CUST1003,Webcam,Accessories,South,6.0,3200,0.1,17280.0,11400,Marketplace,Sale,5880.0,0.3402777777777778
ORD01364,2025-08-01,CUST1142,Headphones,Accessories,South,2.0,2500,0.0,5000.0,2700,App,Sale,2300.0,0.46
ORD01365,2025-08-02,CUST1172,Laptop,Electronics,West,6.0,55000,0.1,297000.0,216000,App,Sale,81000.0,0.2727272727272727
ORD01366,2025-04-14,CUST1222,Headphones,Accessories,South,6.0,2500,0.2,12000.0,8100,Website,Sale,3900.0,0.325
ORD01367,2025-08-21,CUST1301,Keyboard,Accessories,East,5.0,1500,0.15,6375.0,4250,Website,Sale,2125.0,0.3333333333333333
ORD01368,2025-08-31,CUST1230,Tablet,Electronics,South,5.0,22000,0.2,88000.0,77500,Website,Sale,10500.0,0.11931818181818182
ORD01369,2025-04-28,CUST1420,Keyboard,Accessories,West,4.0,1500,0.1,5400.0,3400,Website,Sale,2000.0,0.37037037037037035
ORD01370,2025-08-09,CUST1393,Keyboard,Accessories,North,5.0,1500,0.2,6000.0,4250,Website,Sale,1750.0,0.2916666666666667
ORD01371,2025-10-25,CUST1090,Keyboard,Accessories,South,1.0,1500,0.05,1425.0,850,Website,Sale,575.0,0.40350877192982454
ORD01372,2025-12-17,CUST1383,Headphones,Accessories,South,6.0,2500,0.05,14250.0,8100,Marketplace,Sale,6150.0,0.43157894736842106
ORD01373,2025-12-10,CUST1158,Smartphone,Electronics,South,4.0,28000,0.05,106400.0,82000,App,Sale,24400.0,0.22932330827067668
ORD01374,2025-11-24,CUST1091,Smartphone,Electronics,West,1.0,28000,0.0,28000.0,20500,Marketplace,Sale,7500.0,0.26785714285714285
ORD01375,2025-03-04,CUST1182,Tablet,Electronics,East,5.0,22000,0.0,110000.0,77500,App,Sale,32500.0,0.29545454545454547
ORD01376,2025-07-18,CUST1032,Keyboard,Accessories,East,6.0,1500,0.0,9000.0,5100,App,Sale,3900.0,0.43333333333333335
ORD01377,2025-09-25,CUST1053,Mouse,Accessories,East,4.0,800,0.1,2880.0,1680,Website,Sale,1200.0,0.4166666666666667
ORD01378,2025-04-19,CUST1285,Tablet,Electronics,West,5.0,22000,0.0,110000.0,77500,Marketplace,Sale,32500.0,0.29545454545454547
ORD01379,2025-11-25,CUST1340,Laptop,Electronics,South,1.0,55000,0.15,46750.0,36000,Marketplace,Sale,10750.0,0.22994652406417113
ORD01380,2025-08-01,CUST1303,Laptop,Electronics,West,3.0,55000,0.15,140250.0,108000,App,Sale,32250.0,0.22994652406417113
ORD01381,2025-10-10,CUST1125,Headphones,Accessories,East,1.0,2500,0.2,2000.0,1350,Website,Sale,650.0,0.325
ORD01382,2025-05-31,CUST1417,Monitor,Electronics,South,1.0,12000,0.1,10800.0,7600,Marketplace,Sale,3200.0,0.2962962962962963
ORD01383,2025-06-24,CUST1013,Headphones,Accessories,East,1.0,2500,0.15,2125.0,1350,App,Sale,775.0,0.36470588235294116
ORD01384,2025-12-31,CUST1048,Smartphone,Electronics,East,5.0,28000,0.2,112000.0,102500,Marketplace,Sale,9500.0,0.08482142857142858
ORD01385,2025-06-12,CUST1415,Mouse,Accessories,North,5.0,800,0.0,4000.0,2100,App,Sale,1900.0,0.475
ORD01386,2025-06-02,CUST1047,Keyboard,Accessories,East,1.0,1500,0.15,1275.0,850,Website,Sale,425.0,0.3333333333333333
ORD01387,2025-03-12,CUST1277,Laptop,Electronics,South,1.0,55000,0.15,46750.0,36000,App,Sale,10750.0,0.22994652406417113
ORD01388,2025-10-15,CUST1322,Headphones,Accessories,West,2.0,2500,0.05,4750.0,2700,App,Sale,2050.0,0.43157894736842106
ORD01389,2025-12-29,CUST1252,Mouse,Accessories,North,4.0,800,0.0,3200.0,1680,Website,Sale,1520.0,0.475
ORD01390,2025-04-19,CUST1296,Webcam,Accessories,South,2.0,3200,0.2,5120.0,3800,App,Sale,1320.0,0.2578125
ORD01391,2025-03-05,CUST1302,Keyboard,Accessories,East,6.0,1500,0.2,7200.0,5100,App,Sale,2100.0,0.2916666666666667
ORD01392,2025-10-23,CUST1381,Monitor,Electronics,North,6.0,12000,0.05,68400.0,45600,Website,Sale,22800.0,0.3333333333333333
ORD01393,2025-03-10,CUST1211,Monitor,Electronics,South,5.0,12000,0.0,60000.0,38000,Website,Sale,22000.0,0.36666666666666664
ORD01394,2025-03-15,CUST1227,Monitor,Electronics,East,3.0,12000,0.1,32400.0,22800,App,Sale,9600.0,0.2962962962962963
ORD01395,2025-04-16,CUST1025,Mouse,Accessories,West,6.0,800,0.05,4560.0,2520,Website,Sale,2040.0,0.4473684210526316
ORD01396,2025-03-23,CUST1147,Laptop,Electronics,East,6.0,55000,0.15,280500.0,216000,App,Sale,64500.0,0.22994652406417113
ORD01397,2025-08-07,CUST1102,Monitor,Electronics,East,5.0,12000,0.15,51000.0,38000,Website,Sale,13000.0,0.2549019607843137
ORD01398,2025-07-19,CUST1330,Tablet,Electronics,South,2.0,22000,0.15,37400.0,31000,App,Sale,6400.0,0.1711229946524064
ORD01399,2025-09-18,CUST1139,Smartphone,Electronics,North,1.0,28000,0.1,25200.0,20500,Marketplace,Sale,4700.0,0.1865079365079365
ORD01400,2025-07-26,CUST1321,Monitor,Electronics,North,2.0,12000,0.1,21600.0,15200,Website,Sale,6400.0,0.2962962962962963
ORD01401,2025-03-18,CUST1375,Webcam,Accessories,East,5.0,3200,0.1,14400.0,9500,Website,Sale,4900.0,0.3402777777777778
ORD01402,2025-05-09,CUST1049,Keyboard,Accessories,North,5.0,1500,0.05,7125.0,4250,App,Sale,2875.0,0.40350877192982454
ORD01403,2025-05-06,CUST1116,Headphones,Accessories,North,3.0,2500,0.15,6375.0,4050,Website,Sale,2325.0,0.36470588235294116
ORD01404,2025-12-20,CUST1273,Smartphone,Electronics,North,2.0,28000,0.15,47600.0,41000,Website,Sale,6600.0,0.13865546218487396
ORD01405,2025-12-15,CUST1005,Smartphone,Electronics,West,2.0,28000,0.05,53200.0,41000,Website,Sale,12200.0,0.22932330827067668
ORD01406,2025-05-24,CUST1047,Tablet,Electronics,East,2.0,22000,0.0,44000.0,31000,App,Sale,13000.0,0.29545454545454547
ORD01407,2025-10-02,CUST1431,Mouse,Accessories,South,1.0,800,0.15,680.0,420,Website,Sale,260.0,0.38235294117647056
ORD01408,2025-06-19,CUST1385,Mouse,Accessories,South,5.0,800,0.1,3600.0,2100,App,Sale,1500.0,0.4166666666666667
ORD01409,2025-01-14,CUST1377,Laptop,Electronics,South,6.0,55000,0.1,297000.0,216000,App,Sale,81000.0,0.2727272727272727
ORD01410,2025-04-18,CUST1016,Keyboard,Accessories,South,4.0,1500,0.0,6000.0,3400,App,Sale,2600.0,0.43333333333333335
ORD01411,2025-07-07,CUST1242,Keyboard,Accessories,South,6.0,1500,0.15,7650.0,5100,Marketplace,Sale,2550.0,0.3333333333333333
ORD01412,2025-01-18,CUST1212,Webcam,Accessories,South,1.0,3200,0.0,3200.0,1900,App,Sale,1300.0,0.40625
ORD01413,2025-05-17,CUST1229,Headphones,Accessories,North,4.0,2500,0.05,9500.0,5400,Website,Sale,4100.0,0.43157894736842106
ORD01414,2025-05-23,CUST1046,Mouse,Accessories,North,6.0,800,0.0,4800.0,2520,App,Sale,2280.0,0.475
ORD01415,2025-01-28,CUST1027,Monitor,Electronics,North,5.0,12000,0.15,51000.0,38000,App,Sale,13000.0,0.2549019607843137
ORD01416,2025-03-06,CUST1173,Laptop,Electronics,North,5.0,55000,0.2,220000.0,180000,Marketplace,Sale,40000.0,0.18181818181818182
ORD01417,2025-05-14,CUST1071,Smartphone,Electronics,South,2.0,28000,0.0,56000.0,41000,Website,Sale,15000.0,0.26785714285714285
ORD01418,2025-09-23,CUST1235,Tablet,Electronics,East,1.0,22000,0.15,18700.0,15500,Marketplace,Sale,3200.0,0.1711229946524064
ORD01419,2025-01-16,CUST1165,Laptop,Electronics,South,1.0,55000,0.0,55000.0,36000,App,Sale,19000.0,0.34545454545454546
ORD01420,2025-02-11,CUST1029,Mouse,Accessories,South,4.0,800,0.0,3200.0,1680,App,Sale,1520.0,0.475
ORD01421,2025-01-14,CUST1385,Headphones,Accessories,South,3.0,2500,0.15,6375.0,4050,Website,Sale,2325.0,0.36470588235294116
ORD01422,2025-07-10,CUST1089,Tablet,Electronics,East,3.0,22000,0.15,56100.0,46500,App,Sale,9600.0,0.1711229946524064
ORD01423,2025-11-15,CUST1306,Webcam,Accessories,South,4.0,3200,0.0,12800.0,7600,Marketplace,Sale,5200.0,0.40625
ORD01424,2025-06-05,CUST1207,Headphones,Accessories,North,1.0,2500,0.1,2250.0,1350,App,Sale,900.0,0.4
ORD01425,2025-07-31,CUST1187,Keyboard,Accessories,South,5.0,1500,0.05,7125.0,4250,App,Sale,2875.0,0.40350877192982454
ORD01426,2025-07-12,CUST1308,Laptop,Electronics,North,6.0,55000,0.15,280500.0,216000,Website,Sale,64500.0,0.22994652406417113
ORD01427,2025-11-13,CUST1410,Laptop,Electronics,North,5.0,55000,0.2,220000.0,180000,Website,Sale,40000.0,0.18181818181818182
ORD01428,2025-05-10,CUST1255,Laptop,Electronics,South,3.0,55000,0.1,148500.0,108000,App,Sale,40500.0,0.2727272727272727
ORD01429,2025-04-10,CUST1072,Mouse,Accessories,North,5.0,800,0.0,4000.0,2100,Marketplace,Sale,1900.0,0.475
ORD01430,2025-03-29,CUST1387,Keyboard,Accessories,East,4.0,1500,0.1,5400.0,3400,App,Sale,2000.0,0.37037037037037035
ORD01431,2025-08-09,CUST1149,Keyboard,Accessories,South,3.0,1500,0.0,4500.0,2550,Website,Sale,1950.0,0.43333333333333335
ORD01432,2025-03-22,CUST1174,Headphones,Accessories,South,3.0,2500,0.0,7500.0,4050,Marketplace,Sale,3450.0,0.46
ORD01433,2025-04-09,CUST1262,Monitor,Electronics,East,4.0,12000,0.15,40800.0,30400,App,Sale,10400.0,0.2549019607843137
ORD01434,2025-09-16,CUST1425,Mouse,Accessories,East,6.0,800,0.0,4800.0,2520,App,Sale,2280.0,0.475
ORD01435,2025-08-27,CUST1436,Laptop,Electronics,South,6.0,55000,0.1,297000.0,216000,App,Sale,81000.0,0.2727272727272727
ORD01436,2025-04-17,CUST1413,Keyboard,Accessories,North,5.0,1500,0.1,6750.0,4250,Website,Sale,2500.0,0.37037037037037035
ORD01437,2025-02-18,CUST1310,Tablet,Electronics,South,5.0,22000,0.15,93500.0,77500,App,Sale,16000.0,0.1711229946524064
ORD01438,2025-02-16,CUST1020,Mouse,Accessories,East,4.0,800,0.05,3040.0,1680,Website,Sale,1360.0,0.4473684210526316
ORD01439,2025-02-09,CUST1398,Tablet,Electronics,East,3.0,22000,0.15,56100.0,46500,App,Sale,9600.0,0.1711229946524064
ORD01440,2025-01-05,CUST1171,Smartphone,Electronics,North,2.0,28000,0.0,56000.0,41000,App,Sale,15000.0,0.26785714285714285
ORD01441,2025-03-07,CUST1135,Laptop,Electronics,East,2.0,55000,0.15,93500.0,72000,App,Sale,21500.0,0.22994652406417113
ORD01442,2025-03-03,CUST1068,Webcam,Accessories,North,1.0,3200,0.2,2560.0,1900,Marketplace,Sale,660.0,0.2578125
ORD01443,2025-06-11,CUST1118,Monitor,Electronics,West,5.0,12000,0.2,48000.0,38000,Marketplace,Sale,10000.0,0.20833333333333334
ORD01444,2025-01-14,CUST1310,Webcam,Accessories,South,2.0,3200,0.05,6080.0,3800,Website,Sale,2280.0,0.375
ORD01445,2025-05-03,CUST1356,Headphones,Accessories,South,3.0,2500,0.15,6375.0,4050,Marketplace,Sale,2325.0,0.36470588235294116
ORD01446,2025-03-08,CUST1121,Webcam,Accessories,West,6.0,3200,0.0,19200.0,11400,Website,Sale,7800.0,0.40625
ORD01447,2025-08-11,CUST1098,Monitor,Electronics,North,1.0,12000,0.05,11400.0,7600,App,Sale,3800.0,0.3333333333333333
ORD01448,2025-04-15,CUST1078,Webcam,Accessories,North,5.0,3200,0.0,16000.0,9500,Marketplace,Sale,6500.0,0.40625
ORD01449,2025-04-19,CUST1223,Mouse,Accessories,West,3.0,800,0.1,2160.0,1260,Website,Sale,900.0,0.4166666666666667
ORD01450,2025-08-06,CUST1383,Smartphone,Electronics,North,5.0,28000,0.05,133000.0,102500,App,Sale,30500.0,0.22932330827067668
ORD01451,2025-05-06,CUST1208,Tablet,Electronics,South,2.0,22000,0.1,39600.0,31000,Marketplace,Sale,8600.0,0.21717171717171718
ORD01452,2025-11-11,CUST1259,Laptop,Electronics,North,1.0,55000,0.1,49500.0,36000,App,Sale,13500.0,0.2727272727272727
ORD01453,2025-12-29,CUST1130,Keyboard,Accessories,South,3.0,1500,0.2,3600.0,2550,Website,Sale,1050.0,0.2916666666666667
ORD01454,2025-11-03,CUST1425,Webcam,Accessories,North,5.0,3200,0.2,12800.0,9500,App,Sale,3300.0,0.2578125
ORD01455,2025-12-13,CUST1296,Tablet,Electronics,North,1.0,22000,0.2,17600.0,15500,App,Sale,2100.0,0.11931818181818182
ORD01456,2025-03-17,CUST1089,Monitor,Electronics,North,3.0,12000,0.0,36000.0,22800,App,Sale,13200.0,0.36666666666666664
ORD01457,2025-04-25,CUST1208,Smartphone,Electronics,North,4.0,28000,0.15,95200.0,82000,App,Sale,13200.0,0.13865546218487396
ORD01458,2025-08-31,CUST1089,Monitor,Electronics,East,4.0,12000,0.15,40800.0,30400,App,Sale,10400.0,0.2549019607843137
ORD01459,2025-04-27,CUST1336,Mouse,Accessories,East,3.0,800,0.2,1920.0,1260,Website,Sale,660.0,0.34375
ORD01460,2025-05-26,CUST1174,Headphones,Accessories,East,4.0,2500,0.0,10000.0,5400,App,Sale,4600.0,0.46
ORD01461,2025-07-27,CUST1293,Headphones,Accessories,West,5.0,2500,0.05,11875.0,6750,Website,Sale,5125.0,0.43157894736842106
ORD01462,2025-04-21,CUST1392,Tablet,Electronics,North,4.0,22000,0.0,88000.0,62000,Marketplace,Sale,26000.0,0.29545454545454547
ORD01463,2025-10-20,CUST1123,Monitor,Electronics,East,3.0,12000,0.05,34200.0,22800,Marketplace,Sale,11400.0,0.3333333333333333
ORD01464,2025-09-18,CUST1341,Laptop,Electronics,West,1.0,55000,0.05,52250.0,36000,App,Sale,16250.0,0.31100478468899523
ORD01465,2025-07-20,CUST1416,Laptop,Electronics,East,1.0,55000,0.15,46750.0,36000,Website,Sale,10750.0,0.22994652406417113
ORD01466,2025-01-25,CUST1439,Laptop,Electronics,North,5.0,55000,0.1,247500.0,180000,Website,Sale,67500.0,0.2727272727272727
ORD01467,2025-07-28,CUST1373,Mouse,Accessories,South,5.0,800,0.15,3400.0,2100,Marketplace,Sale,1300.0,0.38235294117647056
ORD01468,2025-05-19,CUST1365,Tablet,Electronics,South,4.0,22000,0.15,74800.0,62000,Website,Sale,12800.0,0.1711229946524064
ORD01469,2025-07-30,CUST1371,Smartphone,Electronics,West,3.0,28000,0.0,84000.0,61500,Website,Sale,22500.0,0.26785714285714285
ORD01470,2025-01-25,CUST1034,Monitor,Electronics,South,3.0,12000,0.0,36000.0,22800,App,Sale,13200.0,0.36666666666666664
ORD01471,2025-08-21,CUST1205,Smartphone,Electronics,North,3.0,28000,0.1,75600.0,61500,Website,Sale,14100.0,0.1865079365079365
ORD01472,2025-08-26,CUST1057,Smartphone,Electronics,West,6.0,28000,0.0,168000.0,123000,App,Sale,45000.0,0.26785714285714285
ORD01473,2025-09-20,CUST1062,Smartphone,Electronics,West,4.0,28000,0.15,95200.0,82000,Website,Sale,13200.0,0.13865546218487396
ORD01474,2025-12-08,CUST1024,Keyboard,Accessories,West,3.0,1500,0.2,3600.0,2550,Marketplace,Sale,1050.0,0.2916666666666667
ORD01475,2025-09-19,CUST1104,Monitor,Electronics,East,4.0,12000,0.1,43200.0,30400,Website,Sale,12800.0,0.2962962962962963
ORD01476,2025-07-23,CUST1095,Monitor,Electronics,East,2.0,12000,0.15,20400.0,15200,App,Sale,5200.0,0.2549019607843137
ORD01477,2025-11-24,CUST1133,Tablet,Electronics,West,5.0,22000,0.2,88000.0,77500,App,Sale,10500.0,0.11931818181818182
ORD01478,2025-10-21,CUST1447,Tablet,Electronics,South,6.0,22000,0.2,105600.0,93000,Website,Sale,12600.0,0.11931818181818182
ORD01479,2025-09-21,CUST1378,Headphones,Accessories,East,4.0,2500,0.0,10000.0,5400,App,Sale,4600.0,0.46
ORD01480,2025-10-06,CUST1440,Webcam,Accessories,South,4.0,3200,0.0,12800.0,7600,Website,Sale,5200.0,0.40625
ORD01481,2025-09-23,CUST1092,Laptop,Electronics,East,3.0,55000,0.0,165000.0,108000,Marketplace,Sale,57000.0,0.34545454545454546
ORD01482,2025-12-12,CUST1053,Webcam,Accessories,West,6.0,3200,0.1,17280.0,11400,App,Sale,5880.0,0.3402777777777778
ORD01483,2025-03-18,CUST1386,Smartphone,Electronics,North,1.0,28000,0.2,22400.0,20500,App,Sale,1900.0,0.08482142857142858
ORD01484,2025-10-30,CUST1081,Keyboard,Accessories,North,2.0,1500,0.15,2550.0,1700,Marketplace,Sale,850.0,0.3333333333333333
ORD01485,2025-01-18,CUST1259,Mouse,Accessories,South,6.0,800,0.2,3840.0,2520,App,Sale,1320.0,0.34375
ORD01486,2025-06-02,CUST1414,Monitor,Electronics,North,6.0,12000,0.0,72000.0,45600,Website,Sale,26400.0,0.36666666666666664
ORD01487,2025-02-16,CUST1276,Smartphone,Electronics,South,2.0,28000,0.2,44800.0,41000,App,Sale,3800.0,0.08482142857142858
ORD01488,2025-01-14,CUST1253,Keyboard,Accessories,West,4.0,1500,0.0,6000.0,3400,Website,Sale,2600.0,0.43333333333333335
ORD01489,2025-05-10,CUST1163,Webcam,Accessories,South,5.0,3200,0.15,13600.0,9500,Website,Sale,4100.0,0.3014705882352941
ORD01490,2025-01-20,CUST1188,Headphones,Accessories,East,6.0,2500,0.2,12000.0,8100,Website,Sale,3900.0,0.325
ORD01491,2025-12-06,CUST1015,Webcam,Accessories,South,4.0,3200,0.2,10240.0,7600,Marketplace,Sale,2640.0,0.2578125
ORD01492,2025-10-05,CUST1235,Headphones,Accessories,South,3.0,2500,0.1,6750.0,4050,App,Sale,2700.0,0.4
ORD01493,2025-06-30,CUST1404,Smartphone,Electronics,East,6.0,28000,0.05,159600.0,123000,App,Sale,36600.0,0.22932330827067668
ORD01494,2025-04-10,CUST1095,Monitor,Electronics,East,3.0,12000,0.15,30600.0,22800,Website,Sale,7800.0,0.2549019607843137
ORD01495,2025-02-04,CUST1175,Smartphone,Electronics,East,5.0,28000,0.05,133000.0,102500,Marketplace,Sale,30500.0,0.22932330827067668
ORD01496,2025-02-22,CUST1265,Monitor,Electronics,West,5.0,12000,0.15,51000.0,38000,App,Sale,13000.0,0.2549019607843137
ORD01497,2025-06-16,CUST1156,Headphones,Accessories,North,4.0,2500,0.1,9000.0,5400,App,Sale,3600.0,0.4
ORD01498,2025-10-23,CUST1297,Monitor,Electronics,East,4.0,12000,0.2,38400.0,30400,Website,Sale,8000.0,0.20833333333333334
ORD01499,2025-02-14,CUST1423,Webcam,Accessories,North,3.0,3200,0.0,9600.0,5700,App,Sale,3900.0,0.40625
ORD01500,2025-03-30,CUST1121,Mouse,Accessories,West,4.0,800,0.15,2720.0,1680,Marketplace,Sale,1040.0,0.38235294117647056
ORD01501,2025-01-24,CUST1018,Keyboard,Accessories,South,2.0,1500,0.0,3000.0,1700,Website,Sale,1300.0,0.43333333333333335
ORD01502,2025-07-16,CUST1387,Monitor,Electronics,East,6.0,12000,0.2,57600.0,45600,Marketplace,Sale,12000.0,0.20833333333333334
ORD01503,2025-03-08,CUST1213,Headphones,Accessories,East,4.0,2500,0.05,9500.0,5400,App,Sale,4100.0,0.43157894736842106
ORD01504,2025-09-17,CUST1252,Tablet,Electronics,North,5.0,22000,0.15,93500.0,77500,Marketplace,Sale,16000.0,0.1711229946524064
ORD01505,2025-12-09,CUST1403,Headphones,Accessories,North,6.0,2500,0.2,12000.0,8100,Marketplace,Sale,3900.0,0.325
ORD01506,2025-04-02,CUST1170,Keyboard,Accessories,East,5.0,1500,0.0,7500.0,4250,Website,Sale,3250.0,0.43333333333333335
ORD01507,2025-01-21,CUST1121,Keyboard,Accessories,East,3.0,1500,0.05,4275.0,2550,Website,Sale,1725.0,0.40350877192982454
ORD01508,2025-06-16,CUST1324,Mouse,Accessories,North,1.0,800,0.1,720.0,420,App,Sale,300.0,0.4166666666666667
ORD01509,2025-12-16,CUST1073,Keyboard,Accessories,East,3.0,1500,0.2,3600.0,2550,App,Sale,1050.0,0.2916666666666667
ORD01510,2025-08-05,CUST1066,Tablet,Electronics,North,6.0,22000,0.1,118800.0,93000,App,Sale,25800.0,0.21717171717171718
ORD01511,2025-07-08,CUST1377,Monitor,Electronics,East,5.0,12000,0.05,57000.0,38000,Website,Sale,19000.0,0.3333333333333333
ORD01512,2025-03-06,CUST1193,Smartphone,Electronics,North,6.0,28000,0.0,168000.0,123000,App,Sale,45000.0,0.26785714285714285
ORD01513,2025-05-06,CUST1272,Tablet,Electronics,West,2.0,22000,0.05,41800.0,31000,Website,Sale,10800.0,0.2583732057416268
ORD01514,2025-09-23,CUST1133,Tablet,Electronics,East,2.0,22000,0.05,41800.0,31000,App,Sale,10800.0,0.2583732057416268
ORD01515,2025-11-18,CUST1072,Smartphone,Electronics,North,4.0,28000,0.05,106400.0,82000,Website,Sale,24400.0,0.22932330827067668
ORD01516,2025-07-15,CUST1367,Mouse,Accessories,North,6.0,800,0.0,4800.0,2520,Website,Sale,2280.0,0.475
ORD01517,2025-03-31,CUST1428,Mouse,Accessories,East,2.0,800,0.15,1360.0,840,App,Sale,520.0,0.38235294117647056
ORD01518,2025-03-30,CUST1409,Mouse,Accessories,East,6.0,800,0.15,4080.0,2520,App,Sale,1560.0,0.38235294117647056
ORD01519,2025-02-08,CUST1334,Mouse,Accessories,South,5.0,800,0.2,3200.0,2100,App,Sale,1100.0,0.34375
ORD01520,2025-10-04,CUST1377,Keyboard,Accessories,West,3.0,1500,0.15,3825.0,2550,App,Sale,1275.0,0.3333333333333333
ORD01521,2025-03-24,CUST1312,Mouse,Accessories,North,1.0,800,0.2,640.0,420,App,Sale,220.0,0.34375
ORD01522,2025-08-17,CUST1028,Tablet,Electronics,South,1.0,22000,0.05,20900.0,15500,App,Sale,5400.0,0.2583732057416268
ORD01523,2025-08-28,CUST1070,Tablet,Electronics,North,6.0,22000,0.0,132000.0,93000,App,Sale,39000.0,0.29545454545454547
ORD01524,2025-05-05,CUST1280,Laptop,Electronics,North,6.0,55000,0.0,330000.0,216000,Website,Sale,114000.0,0.34545454545454546
ORD01525,2025-05-16,CUST1350,Tablet,Electronics,South,5.0,22000,0.2,88000.0,77500,Marketplace,Sale,10500.0,0.11931818181818182
ORD01526,2025-12-08,CUST1103,Smartphone,Electronics,East,2.0,28000,0.2,44800.0,41000,App,Sale,3800.0,0.08482142857142858
ORD01527,2025-07-18,CUST1107,Headphones,Accessories,North,1.0,2500,0.15,2125.0,1350,Website,Sale,775.0,0.36470588235294116
ORD01528,2025-01-12,CUST1155,Smartphone,Electronics,East,6.0,28000,0.2,134400.0,123000,App,Sale,11400.0,0.08482142857142858
ORD01529,2025-09-04,CUST1351,Mouse,Accessories,North,1.0,800,0.2,640.0,420,App,Sale,220.0,0.34375
ORD01530,2025-02-28,CUST1060,Laptop,Electronics,South,6.0,55000,0.05,313500.0,216000,Website,Sale,97500.0,0.31100478468899523
ORD01531,2025-07-29,CUST1059,Smartphone,Electronics,West,1.0,28000,0.0,28000.0,20500,Website,Sale,7500.0,0.26785714285714285
ORD01532,2025-03-08,CUST1127,Monitor,Electronics,North,5.0,12000,0.0,60000.0,38000,App,Sale,22000.0,0.36666666666666664
ORD01533,2025-01-19,CUST1233,Mouse,Accessories,South,4.0,800,0.15,2720.0,1680,Marketplace,Sale,1040.0,0.38235294117647056
ORD01534,2025-09-24,CUST1320,Keyboard,Accessories,East,2.0,1500,0.0,3000.0,1700,Website,Sale,1300.0,0.43333333333333335
ORD01535,2025-10-23,CUST1358,Smartphone,Electronics,East,2.0,28000,0.2,44800.0,41000,Website,Sale,3800.0,0.08482142857142858
ORD01536,2025-02-03,CUST1421,Laptop,Electronics,North,2.0,55000,0.2,88000.0,72000,App,Sale,16000.0,0.18181818181818182
ORD01537,2025-08-21,CUST1198,Keyboard,Accessories,South,2.0,1500,0.15,2550.0,1700,App,Sale,850.0,0.3333333333333333
ORD01538,2025-01-14,CUST1063,Smartphone,Electronics,South,1.0,28000,0.05,26600.0,20500,Website,Sale,6100.0,0.22932330827067668
ORD01539,2025-04-29,CUST1220,Keyboard,Accessories,North,1.0,1500,0.05,1425.0,850,Website,Sale,575.0,0.40350877192982454
ORD01540,2025-07-31,CUST1163,Smartphone,Electronics,East,3.0,28000,0.2,67200.0,61500,App,Sale,5700.0,0.08482142857142858
ORD01541,2025-12-17,CUST1315,Laptop,Electronics,West,2.0,55000,0.1,99000.0,72000,Website,Sale,27000.0,0.2727272727272727
ORD01542,2025-10-16,CUST1190,Headphones,Accessories,East,4.0,2500,0.1,9000.0,5400,App,Sale,3600.0,0.4
ORD01543,2025-05-07,CUST1393,Monitor,Electronics,East,-1.0,12000,0.1,-10800.0,-7600,App,Return,-3200.0,
ORD01544,2025-03-04,CUST1141,Laptop,Electronics,North,6.0,55000,0.15,280500.0,216000,Website,Sale,64500.0,0.22994652406417113
ORD01545,2025-03-24,CUST1229,Laptop,Electronics,North,5.0,55000,0.0,275000.0,180000,Website,Sale,95000.0,0.34545454545454546
ORD01546,2025-02-25,CUST1052,Laptop,Electronics,West,4.0,55000,0.0,220000.0,144000,App,Sale,76000.0,0.34545454545454546
ORD01547,2025-06-20,CUST1410,Keyboard,Accessories,North,3.0,1500,0.2,3600.0,2550,App,Sale,1050.0,0.2916666666666667
ORD01548,2025-01-13,CUST1228,Webcam,Accessories,West,2.0,3200,0.1,5760.0,3800,App,Sale,1960.0,0.3402777777777778
ORD01549,2025-10-05,CUST1310,Mouse,Accessories,East,1.0,800,0.2,640.0,420,Website,Sale,220.0,0.34375
ORD01550,2025-11-05,CUST1425,Webcam,Accessories,East,4.0,3200,0.05,12160.0,7600,Website,Sale,4560.0,0.375
ORD01551,2025-01-10,CUST1320,Keyboard,Accessories,East,4.0,1500,0.15,5100.0,3400,Website,Sale,1700.0,0.3333333333333333
ORD01552,2025-03-01,CUST1383,Tablet,Electronics,North,6.0,22000,0.15,112200.0,93000,App,Sale,19200.0,0.1711229946524064
ORD01553,2025-10-06,CUST1162,Keyboard,Accessories,North,5.0,1500,0.0,7500.0,4250,Marketplace,Sale,3250.0,0.43333333333333335
ORD01554,2025-11-09,CUST1202,Laptop,Electronics,North,5.0,55000,0.1,247500.0,180000,Website,Sale,67500.0,0.2727272727272727
ORD01555,2025-11-24,CUST1195,Monitor,Electronics,South,2.0,12000,0.15,20400.0,15200,Marketplace,Sale,5200.0,0.2549019607843137
ORD01556,2025-02-22,CUST1248,Webcam,Accessories,East,1.0,3200,0.05,3040.0,1900,App,Sale,1140.0,0.375
ORD01557,2025-04-30,CUST1298,Headphones,Accessories,North,4.0,2500,0.05,9500.0,5400,App,Sale,4100.0,0.43157894736842106
ORD01558,2025-08-17,CUST1013,Keyboard,Accessories,North,2.0,1500,0.15,2550.0,1700,App,Sale,850.0,0.3333333333333333
ORD01559,2025-08-24,CUST1322,Smartphone,Electronics,South,1.0,28000,0.0,28000.0,20500,Marketplace,Sale,7500.0,0.26785714285714285
ORD01560,2025-02-18,CUST1075,Monitor,Electronics,North,2.0,12000,0.1,21600.0,15200,Website,Sale,6400.0,0.2962962962962963
ORD01561,2025-01-12,CUST1279,Keyboard,Accessories,East,6.0,1500,0.2,7200.0,5100,Marketplace,Sale,2100.0,0.2916666666666667
ORD01562,2025-01-10,CUST1292,Monitor,Electronics,North,4.0,12000,0.1,43200.0,30400,Marketplace,Sale,12800.0,0.2962962962962963
ORD01563,2025-08-13,CUST1163,Smartphone,Electronics,North,1.0,28000,0.0,28000.0,20500,App,Sale,7500.0,0.26785714285714285
ORD01564,2025-04-07,CUST1080,Monitor,Electronics,West,3.0,12000,0.2,28800.0,22800,App,Sale,6000.0,0.20833333333333334
ORD01565,2025-05-19,CUST1296,Webcam,Accessories,South,5.0,3200,0.2,12800.0,9500,Website,Sale,3300.0,0.2578125
ORD01566,2025-12-07,CUST1404,Keyboard,Accessories,North,1.0,1500,0.2,1200.0,850,Website,Sale,350.0,0.2916666666666667
ORD01567,2025-02-27,CUST1345,Laptop,Electronics,South,4.0,55000,0.2,176000.0,144000,App,Sale,32000.0,0.18181818181818182
ORD01568,2025-10-13,CUST1093,Webcam,Accessories,North,3.0,3200,0.0,9600.0,5700,App,Sale,3900.0,0.40625
ORD01569,2025-08-04,CUST1313,Keyboard,Accessories,East,5.0,1500,0.15,6375.0,4250,Website,Sale,2125.0,0.3333333333333333
ORD01570,2025-09-19,CUST1072,Monitor,Electronics,East,4.0,12000,0.0,48000.0,30400,App,Sale,17600.0,0.36666666666666664
ORD01571,2025-05-05,CUST1136,Keyboard,Accessories,North,5.0,1500,0.2,6000.0,4250,App,Sale,1750.0,0.2916666666666667
ORD01572,2025-04-27,CUST1308,Webcam,Accessories,West,2.0,3200,0.1,5760.0,3800,Website,Sale,1960.0,0.3402777777777778
ORD01573,2025-11-16,CUST1183,Keyboard,Accessories,North,1.0,1500,0.05,1425.0,850,App,Sale,575.0,0.40350877192982454
ORD01574,2025-04-15,CUST1174,Monitor,Electronics,South,2.0,12000,0.05,22800.0,15200,Website,Sale,7600.0,0.3333333333333333
ORD01575,2025-11-05,CUST1184,Monitor,Electronics,East,4.0,12000,0.1,43200.0,30400,Marketplace,Sale,12800.0,0.2962962962962963
ORD01576,2025-11-09,CUST1356,Monitor,Electronics,North,5.0,12000,0.0,60000.0,38000,App,Sale,22000.0,0.36666666666666664
ORD01577,2025-08-02,CUST1395,Monitor,Electronics,South,4.0,12000,0.15,40800.0,30400,Marketplace,Sale,10400.0,0.2549019607843137
ORD01578,2025-11-01,CUST1236,Laptop,Electronics,South,5.0,55000,0.2,220000.0,180000,Website,Sale,40000.0,0.18181818181818182
ORD01579,2025-05-20,CUST1429,Keyboard,Accessories,South,4.0,1500,0.2,4800.0,3400,Website,Sale,1400.0,0.2916666666666667
ORD01580,2025-11-17,CUST1356,Webcam,Accessories,West,5.0,3200,0.2,12800.0,9500,Marketplace,Sale,3300.0,0.2578125
ORD01581,2025-09-17,CUST1411,Keyboard,Accessories,North,6.0,1500,0.0,9000.0,5100,Website,Sale,3900.0,0.43333333333333335
ORD01582,2025-11-11,CUST1355,Smartphone,Electronics,North,1.0,28000,0.15,23800.0,20500,Website,Sale,3300.0,0.13865546218487396
ORD01583,2025-08-31,CUST1106,Laptop,Electronics,South,2.0,55000,0.2,88000.0,72000,Website,Sale,16000.0,0.18181818181818182
ORD01584,2025-12-30,CUST1194,Monitor,Electronics,North,5.0,12000,0.2,48000.0,38000,Website,Sale,10000.0,0.20833333333333334
ORD01585,2025-01-11,CUST1024,Keyboard,Accessories,West,2.0,1500,0.1,2700.0,1700,Website,Sale,1000.0,0.37037037037037035
ORD01586,2025-12-16,CUST1134,Webcam,Accessories,East,4.0,3200,0.15,10880.0,7600,Marketplace,Sale,3280.0,0.3014705882352941
ORD01587,2025-06-11,CUST1400,Headphones,Accessories,East,4.0,2500,0.15,8500.0,5400,Marketplace,Sale,3100.0,0.36470588235294116
ORD01588,2025-04-24,CUST1409,Laptop,Electronics,West,4.0,55000,0.05,209000.0,144000,App,Sale,65000.0,0.31100478468899523
ORD01589,2025-11-21,CUST1309,Webcam,Accessories,South,3.0,3200,0.1,8640.0,5700,Website,Sale,2940.0,0.3402777777777778
ORD01590,2025-05-01,CUST1390,Webcam,Accessories,West,2.0,3200,0.05,6080.0,3800,Website,Sale,2280.0,0.375
ORD01591,2025-12-22,CUST1014,Keyboard,Accessories,South,4.0,1500,0.05,5700.0,3400,Marketplace,Sale,2300.0,0.40350877192982454
ORD01592,2025-12-30,CUST1030,Headphones,Accessories,North,5.0,2500,0.1,11250.0,6750,Website,Sale,4500.0,0.4
ORD01593,2025-02-25,CUST1088,Webcam,Accessories,East,4.0,3200,0.15,10880.0,7600,Website,Sale,3280.0,0.3014705882352941
ORD01594,2025-01-07,CUST1038,Smartphone,Electronics,North,6.0,28000,0.15,142800.0,123000,App,Sale,19800.0,0.13865546218487396
ORD01595,2025-01-28,CUST1443,Keyboard,Accessories,North,2.0,1500,0.15,2550.0,1700,Website,Sale,850.0,0.3333333333333333
ORD01596,2025-11-10,CUST1063,Smartphone,Electronics,South,3.0,28000,0.1,75600.0,61500,App,Sale,14100.0,0.1865079365079365
ORD01597,2025-09-15,CUST1130,Keyboard,Accessories,East,3.0,1500,0.1,4050.0,2550,Marketplace,Sale,1500.0,0.37037037037037035
ORD01598,2025-11-30,CUST1365,Smartphone,Electronics,East,2.0,28000,0.0,56000.0,41000,App,Sale,15000.0,0.26785714285714285
ORD01599,2025-11-11,CUST1224,Tablet,Electronics,West,6.0,22000,0.2,105600.0,93000,App,Sale,12600.0,0.11931818181818182
ORD01600,2025-05-05,CUST1350,Smartphone,Electronics,North,4.0,28000,0.05,106400.0,82000,Website,Sale,24400.0,0.22932330827067668
ORD01601,2025-07-01,CUST1130,Laptop,Electronics,South,1.0,55000,0.2,44000.0,36000,App,Sale,8000.0,0.18181818181818182
ORD01602,2025-01-17,CUST1169,Mouse,Accessories,East,3.0,800,0.2,1920.0,1260,Website,Sale,660.0,0.34375
ORD01603,2025-01-19,CUST1258,Monitor,Electronics,North,5.0,12000,0.0,60000.0,38000,Website,Sale,22000.0,0.36666666666666664
ORD01604,2025-06-26,CUST1419,Keyboard,Accessories,East,3.0,1500,0.1,4050.0,2550,Website,Sale,1500.0,0.37037037037037035
ORD01605,2025-09-01,CUST1123,Mouse,Accessories,North,4.0,800,0.2,2560.0,1680,App,Sale,880.0,0.34375
ORD01606,2025-10-02,CUST1300,Keyboard,Accessories,East,5.0,1500,0.15,6375.0,4250,App,Sale,2125.0,0.3333333333333333
ORD01607,2025-12-20,CUST1053,Keyboard,Accessories,West,3.0,1500,0.15,3825.0,2550,App,Sale,1275.0,0.3333333333333333
ORD01608,2025-05-10,CUST1089,Laptop,Electronics,South,1.0,55000,0.2,44000.0,36000,App,Sale,8000.0,0.18181818181818182
ORD01609,2025-11-29,CUST1077,Tablet,Electronics,South,2.0,22000,0.2,35200.0,31000,App,Sale,4200.0,0.11931818181818182
ORD01610,2025-09-13,CUST1364,Smartphone,Electronics,South,5.0,28000,0.05,133000.0,102500,App,Sale,30500.0,0.22932330827067668
ORD01611,2025-03-16,CUST1032,Monitor,Electronics,West,1.0,12000,0.05,11400.0,7600,Website,Sale,3800.0,0.3333333333333333
ORD01612,2025-08-11,CUST1366,Laptop,Electronics,North,1.0,55000,0.2,44000.0,36000,App,Sale,8000.0,0.18181818181818182
ORD01613,2025-12-02,CUST1283,Headphones,Accessories,East,4.0,2500,0.0,10000.0,5400,App,Sale,4600.0,0.46
ORD01614,2025-11-25,CUST1099,Laptop,Electronics,West,4.0,55000,0.1,198000.0,144000,App,Sale,54000.0,0.2727272727272727
ORD01615,2025-06-11,CUST1234,Monitor,Electronics,West,1.0,12000,0.0,12000.0,7600,App,Sale,4400.0,0.36666666666666664
ORD01616,2025-01-02,CUST1010,Keyboard,Accessories,North,3.0,1500,0.2,3600.0,2550,Website,Sale,1050.0,0.2916666666666667
ORD01617,2025-08-10,CUST1189,Webcam,Accessories,North,3.0,3200,0.0,9600.0,5700,Website,Sale,3900.0,0.40625
ORD01618,2025-12-27,CUST1395,Laptop,Electronics,North,4.0,55000,0.2,176000.0,144000,App,Sale,32000.0,0.18181818181818182
ORD01619,2025-11-11,CUST1193,Mouse,Accessories,North,4.0,800,0.15,2720.0,1680,App,Sale,1040.0,0.38235294117647056
ORD01620,2025-11-15,CUST1285,Webcam,Accessories,South,5.0,3200,0.15,13600.0,9500,App,Sale,4100.0,0.3014705882352941
ORD01621,2025-03-02,CUST1092,Tablet,Electronics,East,5.0,22000,0.0,110000.0,77500,Website,Sale,32500.0,0.29545454545454547
ORD01622,2025-10-19,CUST1067,Webcam,Accessories,South,1.0,3200,0.2,2560.0,1900,Marketplace,Sale,660.0,0.2578125
ORD01623,2025-08-21,CUST1389,Smartphone,Electronics,North,4.0,28000,0.0,112000.0,82000,Marketplace,Sale,30000.0,0.26785714285714285
ORD01624,2025-03-13,CUST1235,Tablet,Electronics,East,3.0,22000,0.1,59400.0,46500,Website,Sale,12900.0,0.21717171717171718
ORD01625,2025-12-10,CUST1277,Tablet,Electronics,East,3.0,22000,0.15,56100.0,46500,App,Sale,9600.0,0.1711229946524064
ORD01626,2025-03-16,CUST1171,Webcam,Accessories,North,2.0,3200,0.15,5440.0,3800,Website,Sale,1640.0,0.3014705882352941
ORD01627,2025-01-28,CUST1348,Keyboard,Accessories,West,6.0,1500,0.1,8100.0,5100,Website,Sale,3000.0,0.37037037037037035
ORD01628,2025-06-13,CUST1254,Smartphone,Electronics,South,1.0,28000,0.2,22400.0,20500,App,Sale,1900.0,0.08482142857142858
ORD01629,2025-01-10,CUST1209,Monitor,Electronics,North,6.0,12000,0.15,61200.0,45600,Website,Sale,15600.0,0.2549019607843137
ORD01630,2025-03-29,CUST1369,Smartphone,Electronics,East,3.0,28000,0.15,71400.0,61500,Website,Sale,9900.0,0.13865546218487396
ORD01631,2025-01-30,CUST1214,Smartphone,Electronics,North,2.0,28000,0.1,50400.0,41000,Marketplace,Sale,9400.0,0.1865079365079365
ORD01632,2025-01-04,CUST1046,Laptop,Electronics,East,3.0,55000,0.2,132000.0,108000,Website,Sale,24000.0,0.18181818181818182
ORD01633,2025-11-09,CUST1380,Tablet,Electronics,East,1.0,22000,0.0,22000.0,15500,Website,Sale,6500.0,0.29545454545454547
ORD01634,2025-01-28,CUST1348,Mouse,Accessories,West,1.0,800,0.0,800.0,420,Marketplace,Sale,380.0,0.475
ORD01635,2025-12-25,CUST1408,Keyboard,Accessories,West,5.0,1500,0.1,6750.0,4250,Website,Sale,2500.0,0.37037037037037035
ORD01636,2025-10-31,CUST1392,Mouse,Accessories,East,4.0,800,0.1,2880.0,1680,Website,Sale,1200.0,0.4166666666666667
ORD01637,2025-11-16,CUST1109,Smartphone,Electronics,South,4.0,28000,0.05,106400.0,82000,Website,Sale,24400.0,0.22932330827067668
ORD01638,2025-01-19,CUST1113,Laptop,Electronics,North,2.0,55000,0.1,99000.0,72000,Website,Sale,27000.0,0.2727272727272727
ORD01639,2025-01-06,CUST1172,Headphones,Accessories,South,4.0,2500,0.1,9000.0,5400,Website,Sale,3600.0,0.4
ORD01640,2025-09-29,CUST1301,Keyboard,Accessories,South,5.0,1500,0.15,6375.0,4250,Marketplace,Sale,2125.0,0.3333333333333333
ORD01641,2025-03-06,CUST1195,Mouse,Accessories,East,5.0,800,0.1,3600.0,2100,Marketplace,Sale,1500.0,0.4166666666666667
ORD01642,2025-07-27,CUST1360,Laptop,Electronics,East,3.0,55000,0.1,148500.0,108000,Website,Sale,40500.0,0.2727272727272727
ORD01643,2025-11-14,CUST1304,Monitor,Electronics,East,3.0,12000,0.15,30600.0,22800,Marketplace,Sale,7800.0,0.2549019607843137
ORD01644,2025-02-24,CUST1051,Keyboard,Accessories,North,6.0,1500,0.0,9000.0,5100,Website,Sale,3900.0,0.43333333333333335
ORD01645,2025-09-17,CUST1349,Laptop,Electronics,South,2.0,55000,0.1,99000.0,72000,App,Sale,27000.0,0.2727272727272727
ORD01646,2025-03-28,CUST1357,Webcam,Accessories,South,6.0,3200,0.2,15360.0,11400,App,Sale,3960.0,0.2578125
ORD01647,2025-01-01,CUST1446,Smartphone,Electronics,North,2.0,28000,0.15,47600.0,41000,App,Sale,6600.0,0.13865546218487396
ORD01648,2025-02-08,CUST1449,Laptop,Electronics,East,1.0,55000,0.1,49500.0,36000,App,Sale,13500.0,0.2727272727272727
ORD01649,2025-05-13,CUST1051,Headphones,Accessories,South,1.0,2500,0.15,2125.0,1350,App,Sale,775.0,0.36470588235294116
ORD01650,2025-08-03,CUST1341,Laptop,Electronics,North,3.0,55000,0.2,132000.0,108000,Website,Sale,24000.0,0.18181818181818182
ORD01651,2025-01-05,CUST1001,Mouse,Accessories,South,3.0,800,0.0,2400.0,1260,Website,Sale,1140.0,0.475
ORD01652,2025-04-20,CUST1113,Keyboard,Accessories,East,1.0,1500,0.0,1500.0,850,App,Sale,650.0,0.43333333333333335
ORD01653,2025-11-12,CUST1075,Headphones,Accessories,West,3.0,2500,0.05,7125.0,4050,Website,Sale,3075.0,0.43157894736842106
ORD01654,2025-01-18,CUST1422,Tablet,Electronics,North,5.0,22000,0.2,88000.0,77500,App,Sale,10500.0,0.11931818181818182
ORD01655,2025-07-18,CUST1256,Tablet,Electronics,South,3.0,22000,0.0,66000.0,46500,App,Sale,19500.0,0.29545454545454547
ORD01656,2025-04-22,CUST1010,Keyboard,Accessories,West,3.0,1500,0.2,3600.0,2550,Website,Sale,1050.0,0.2916666666666667
ORD01657,2025-07-13,CUST1037,Headphones,Accessories,West,1.0,2500,0.05,2375.0,1350,Marketplace,Sale,1025.0,0.43157894736842106
ORD01658,2025-11-05,CUST1298,Webcam,Accessories,South,2.0,3200,0.1,5760.0,3800,App,Sale,1960.0,0.3402777777777778
ORD01659,2025-12-26,CUST1292,Mouse,Accessories,West,3.0,800,0.1,2160.0,1260,Website,Sale,900.0,0.4166666666666667
ORD01660,2025-07-02,CUST1045,Webcam,Accessories,West,5.0,3200,0.1,14400.0,9500,App,Sale,4900.0,0.3402777777777778
ORD01661,2025-03-11,CUST1171,Laptop,Electronics,North,3.0,55000,0.1,148500.0,108000,App,Sale,40500.0,0.2727272727272727
ORD01662,2025-10-06,CUST1159,Smartphone,Electronics,North,1.0,28000,0.05,26600.0,20500,App,Sale,6100.0,0.22932330827067668
ORD01663,2025-04-05,CUST1039,Smartphone,Electronics,West,1.0,28000,0.05,26600.0,20500,Website,Sale,6100.0,0.22932330827067668
ORD01664,2025-12-22,CUST1115,Laptop,Electronics,North,4.0,55000,0.0,220000.0,144000,Website,Sale,76000.0,0.34545454545454546
ORD01665,2025-04-03,CUST1268,Smartphone,Electronics,North,1.0,28000,0.2,22400.0,20500,App,Sale,1900.0,0.08482142857142858
ORD01666,2025-09-08,CUST1108,Headphones,Accessories,East,5.0,2500,0.0,12500.0,6750,App,Sale,5750.0,0.46
ORD01667,2025-10-09,CUST1195,Headphones,Accessories,North,5.0,2500,0.15,10625.0,6750,Website,Sale,3875.0,0.36470588235294116
ORD01668,2025-06-23,CUST1260,Mouse,Accessories,West,1.0,800,0.2,640.0,420,App,Sale,220.0,0.34375
ORD01669,2025-09-18,CUST1083,Keyboard,Accessories,South,1.0,1500,0.0,1500.0,850,App,Sale,650.0,0.43333333333333335
ORD01670,2025-04-20,CUST1129,Smartphone,Electronics,East,6.0,28000,0.05,159600.0,123000,Website,Sale,36600.0,0.22932330827067668
ORD01671,2025-05-23,CUST1295,Smartphone,Electronics,South,6.0,28000,0.2,134400.0,123000,Website,Sale,11400.0,0.08482142857142858
ORD01672,2025-12-11,CUST1365,Laptop,Electronics,South,2.0,55000,0.0,110000.0,72000,App,Sale,38000.0,0.34545454545454546
ORD01673,2025-03-08,CUST1367,Tablet,Electronics,East,3.0,22000,0.05,62700.0,46500,App,Sale,16200.0,0.2583732057416268
ORD01674,2025-09-15,CUST1176,Headphones,Accessories,North,1.0,2500,0.15,2125.0,1350,App,Sale,775.0,0.36470588235294116
ORD01675,2025-08-14,CUST1393,Headphones,Accessories,North,4.0,2500,0.2,8000.0,5400,App,Sale,2600.0,0.325
ORD01676,2025-03-11,CUST1298,Monitor,Electronics,North,4.0,12000,0.1,43200.0,30400,App,Sale,12800.0,0.2962962962962963
ORD01677,2025-03-03,CUST1200,Mouse,Accessories,North,6.0,800,0.2,3840.0,2520,Website,Sale,1320.0,0.34375
ORD01678,2025-04-14,CUST1430,Tablet,Electronics,West,1.0,22000,0.2,17600.0,15500,Website,Sale,2100.0,0.11931818181818182
ORD01679,2025-01-21,CUST1185,Webcam,Accessories,North,2.0,3200,0.0,6400.0,3800,Marketplace,Sale,2600.0,0.40625
ORD01680,2025-05-11,CUST1309,Laptop,Electronics,South,4.0,55000,0.15,187000.0,144000,App,Sale,43000.0,0.22994652406417113
ORD01681,2025-10-18,CUST1433,Laptop,Electronics,South,3.0,55000,0.2,132000.0,108000,Website,Sale,24000.0,0.18181818181818182
ORD01682,2025-03-02,CUST1335,Smartphone,Electronics,East,3.0,28000,0.05,79800.0,61500,Marketplace,Sale,18300.0,0.22932330827067668
ORD01683,2025-12-11,CUST1378,Laptop,Electronics,West,5.0,55000,0.15,233750.0,180000,App,Sale,53750.0,0.22994652406417113
ORD01684,2025-11-24,CUST1134,Keyboard,Accessories,North,6.0,1500,0.0,9000.0,5100,Marketplace,Sale,3900.0,0.43333333333333335
ORD01685,2025-05-03,CUST1272,Keyboard,Accessories,South,4.0,1500,0.05,5700.0,3400,Marketplace,Sale,2300.0,0.40350877192982454
ORD01686,2025-04-14,CUST1207,Mouse,Accessories,South,1.0,800,0.0,800.0,420,Marketplace,Sale,380.0,0.475
ORD01687,2025-07-09,CUST1205,Webcam,Accessories,South,6.0,3200,0.2,15360.0,11400,Marketplace,Sale,3960.0,0.2578125
ORD01688,2025-11-22,CUST1201,Headphones,Accessories,South,2.0,2500,0.15,4250.0,2700,App,Sale,1550.0,0.36470588235294116
ORD01689,2025-09-15,CUST1175,Monitor,Electronics,North,4.0,12000,0.05,45600.0,30400,App,Sale,15200.0,0.3333333333333333
ORD01690,2025-12-24,CUST1389,Headphones,Accessories,South,5.0,2500,0.1,11250.0,6750,Marketplace,Sale,4500.0,0.4
ORD01691,2025-10-07,CUST1006,Webcam,Accessories,East,3.0,3200,0.15,8160.0,5700,App,Sale,2460.0,0.3014705882352941
ORD01692,2025-05-03,CUST1026,Monitor,Electronics,East,3.0,12000,0.05,34200.0,22800,App,Sale,11400.0,0.3333333333333333
ORD01693,2025-10-26,CUST1109,Smartphone,Electronics,North,4.0,28000,0.0,112000.0,82000,Website,Sale,30000.0,0.26785714285714285
ORD01694,2025-10-18,CUST1015,Tablet,Electronics,South,2.0,22000,0.0,44000.0,31000,Website,Sale,13000.0,0.29545454545454547
ORD01695,2025-09-11,CUST1047,Headphones,Accessories,North,2.0,2500,0.05,4750.0,2700,Marketplace,Sale,2050.0,0.43157894736842106
ORD01696,2025-06-12,CUST1132,Headphones,Accessories,South,6.0,2500,0.1,13500.0,8100,Website,Sale,5400.0,0.4
ORD01697,2025-01-25,CUST1354,Mouse,Accessories,East,6.0,800,0.05,4560.0,2520,Marketplace,Sale,2040.0,0.4473684210526316
ORD01698,2025-03-17,CUST1208,Tablet,Electronics,West,4.0,22000,0.15,74800.0,62000,Website,Sale,12800.0,0.1711229946524064
ORD01699,2025-02-27,CUST1417,Laptop,Electronics,West,6.0,55000,0.0,330000.0,216000,App,Sale,114000.0,0.34545454545454546
ORD01700,2025-02-02,CUST1077,Headphones,Accessories,South,3.0,2500,0.2,6000.0,4050,App,Sale,1950.0,0.325
ORD01701,2025-03-07,CUST1217,Smartphone,Electronics,East,3.0,28000,0.15,71400.0,61500,App,Sale,9900.0,0.13865546218487396
ORD01702,2025-10-21,CUST1253,Monitor,Electronics,North,2.0,12000,0.15,20400.0,15200,App,Sale,5200.0,0.2549019607843137
ORD01703,2025-03-04,CUST1307,Headphones,Accessories,North,3.0,2500,0.05,7125.0,4050,Website,Sale,3075.0,0.43157894736842106
ORD01704,2025-07-05,CUST1120,Headphones,Accessories,South,5.0,2500,0.1,11250.0,6750,Website,Sale,4500.0,0.4
ORD01705,2025-04-27,CUST1353,Mouse,Accessories,East,-2.0,800,0.2,-1280.0,-840,App,Return,-440.0,
ORD01706,2025-07-01,CUST1240,Mouse,Accessories,North,4.0,800,0.15,2720.0,1680,App,Sale,1040.0,0.38235294117647056
ORD01707,2025-08-24,CUST1424,Smartphone,Electronics,West,4.0,28000,0.2,89600.0,82000,Website,Sale,7600.0,0.08482142857142858
ORD01708,2025-02-20,CUST1285,Monitor,Electronics,South,2.0,12000,0.15,20400.0,15200,App,Sale,5200.0,0.2549019607843137
ORD01709,2025-12-28,CUST1399,Tablet,Electronics,South,6.0,22000,0.15,112200.0,93000,Marketplace,Sale,19200.0,0.1711229946524064
ORD01710,2025-08-15,CUST1082,Smartphone,Electronics,North,2.0,28000,0.05,53200.0,41000,Website,Sale,12200.0,0.22932330827067668
ORD01711,2025-11-21,CUST1367,Keyboard,Accessories,South,3.0,1500,0.05,4275.0,2550,App,Sale,1725.0,0.40350877192982454
ORD01712,2025-04-02,CUST1108,Webcam,Accessories,North,1.0,3200,0.15,2720.0,1900,Website,Sale,820.0,0.3014705882352941
ORD01713,2025-05-05,CUST1139,Tablet,Electronics,East,2.0,22000,0.0,44000.0,31000,Website,Sale,13000.0,0.29545454545454547
ORD01714,2025-05-22,CUST1395,Mouse,Accessories,North,1.0,800,0.15,680.0,420,Marketplace,Sale,260.0,0.38235294117647056
ORD01715,2025-03-18,CUST1339,Monitor,Electronics,North,2.0,12000,0.15,20400.0,15200,Website,Sale,5200.0,0.2549019607843137
ORD01716,2025-12-03,CUST1128,Monitor,Electronics,East,3.0,12000,0.1,32400.0,22800,App,Sale,9600.0,0.2962962962962963
ORD01717,2025-11-17,CUST1289,Headphones,Accessories,South,1.0,2500,0.15,2125.0,1350,Marketplace,Sale,775.0,0.36470588235294116
ORD01718,2025-06-18,CUST1302,Laptop,Electronics,North,5.0,55000,0.0,275000.0,180000,Website,Sale,95000.0,0.34545454545454546
ORD01719,2025-03-07,CUST1341,Tablet,Electronics,North,1.0,22000,0.05,20900.0,15500,Website,Sale,5400.0,0.2583732057416268
ORD01720,2025-02-19,CUST1384,Monitor,Electronics,North,2.0,12000,0.1,21600.0,15200,Website,Sale,6400.0,0.2962962962962963
ORD01721,2025-08-25,CUST1037,Tablet,Electronics,West,4.0,22000,0.0,88000.0,62000,Website,Sale,26000.0,0.29545454545454547
ORD01722,2025-04-29,CUST1235,Smartphone,Electronics,South,2.0,28000,0.15,47600.0,41000,App,Sale,6600.0,0.13865546218487396
ORD01723,2025-09-29,CUST1323,Tablet,Electronics,South,6.0,22000,0.2,105600.0,93000,Marketplace,Sale,12600.0,0.11931818181818182
ORD01724,2025-04-14,CUST1093,Monitor,Electronics,South,6.0,12000,0.15,61200.0,45600,Website,Sale,15600.0,0.2549019607843137
ORD01725,2025-03-23,CUST1139,Monitor,Electronics,North,3.0,12000,0.0,36000.0,22800,Website,Sale,13200.0,0.36666666666666664
ORD01726,2025-05-26,CUST1156,Laptop,Electronics,South,1.0,55000,0.05,52250.0,36000,Website,Sale,16250.0,0.31100478468899523
ORD01727,2025-09-12,CUST1214,Tablet,Electronics,West,5.0,22000,0.15,93500.0,77500,Marketplace,Sale,16000.0,0.1711229946524064
ORD01728,2025-08-07,CUST1357,Keyboard,Accessories,South,3.0,1500,0.0,4500.0,2550,Website,Sale,1950.0,0.43333333333333335
ORD01729,2025-10-29,CUST1040,Keyboard,Accessories,South,5.0,1500,0.15,6375.0,4250,App,Sale,2125.0,0.3333333333333333
ORD01730,2025-11-29,CUST1368,Webcam,Accessories,East,2.0,3200,0.1,5760.0,3800,Marketplace,Sale,1960.0,0.3402777777777778
ORD01731,2025-02-26,CUST1040,Smartphone,Electronics,North,4.0,28000,0.15,95200.0,82000,Marketplace,Sale,13200.0,0.13865546218487396
ORD01732,2025-09-26,CUST1126,Headphones,Accessories,East,5.0,2500,0.15,10625.0,6750,Marketplace,Sale,3875.0,0.36470588235294116
ORD01733,2025-05-30,CUST1313,Keyboard,Accessories,North,6.0,1500,0.1,8100.0,5100,App,Sale,3000.0,0.37037037037037035
ORD01734,2025-10-29,CUST1294,Mouse,Accessories,West,6.0,800,0.1,4320.0,2520,Marketplace,Sale,1800.0,0.4166666666666667
ORD01735,2025-01-09,CUST1065,Smartphone,Electronics,West,2.0,28000,0.05,53200.0,41000,App,Sale,12200.0,0.22932330827067668
ORD01736,2025-10-22,CUST1066,Keyboard,Accessories,South,1.0,1500,0.05,1425.0,850,Website,Sale,575.0,0.40350877192982454
ORD01737,2025-09-03,CUST1189,Headphones,Accessories,East,3.0,2500,0.2,6000.0,4050,App,Sale,1950.0,0.325
ORD01738,2025-03-09,CUST1195,Mouse,Accessories,South,1.0,800,0.0,800.0,420,App,Sale,380.0,0.475
ORD01739,2025-04-25,CUST1375,Laptop,Electronics,East,2.0,55000,0.1,99000.0,72000,Website,Sale,27000.0,0.2727272727272727
ORD01740,2025-07-02,CUST1001,Webcam,Accessories,West,2.0,3200,0.1,5760.0,3800,Website,Sale,1960.0,0.3402777777777778
ORD01741,2025-10-21,CUST1203,Monitor,Electronics,North,3.0,12000,0.1,32400.0,22800,Website,Sale,9600.0,0.2962962962962963
ORD01742,2025-04-25,CUST1080,Headphones,Accessories,South,1.0,2500,0.05,2375.0,1350,App,Sale,1025.0,0.43157894736842106
ORD01743,2025-01-18,CUST1009,Keyboard,Accessories,South,4.0,1500,0.1,5400.0,3400,Website,Sale,2000.0,0.37037037037037035
ORD01744,2025-10-24,CUST1363,Webcam,Accessories,South,5.0,3200,0.0,16000.0,9500,App,Sale,6500.0,0.40625
ORD01745,2025-05-24,CUST1146,Laptop,Electronics,East,2.0,55000,0.0,110000.0,72000,App,Sale,38000.0,0.34545454545454546
ORD01746,2025-01-20,CUST1024,Headphones,Accessories,East,1.0,2500,0.05,2375.0,1350,App,Sale,1025.0,0.43157894736842106
ORD01747,2025-09-11,CUST1101,Webcam,Accessories,North,3.0,3200,0.05,9120.0,5700,App,Sale,3420.0,0.375
ORD01748,2025-11-16,CUST1110,Smartphone,Electronics,North,1.0,28000,0.05,26600.0,20500,App,Sale,6100.0,0.22932330827067668
ORD01749,2025-01-12,CUST1343,Keyboard,Accessories,East,4.0,1500,0.15,5100.0,3400,Website,Sale,1700.0,0.3333333333333333
ORD01750,2025-07-06,CUST1127,Webcam,Accessories,North,2.0,3200,0.15,5440.0,3800,App,Sale,1640.0,0.3014705882352941
ORD01751,2025-05-23,CUST1376,Mouse,Accessories,East,1.0,800,0.0,800.0,420,Marketplace,Sale,380.0,0.475
ORD01752,2025-07-09,CUST1023,Laptop,Electronics,East,2.0,55000,0.1,99000.0,72000,Website,Sale,27000.0,0.2727272727272727
ORD01753,2025-04-02,CUST1149,Laptop,Electronics,East,1.0,55000,0.15,46750.0,36000,Website,Sale,10750.0,0.22994652406417113
ORD01754,2025-08-13,CUST1425,Keyboard,Accessories,South,6.0,1500,0.2,7200.0,5100,Website,Sale,2100.0,0.2916666666666667
ORD01755,2025-06-14,CUST1025,Monitor,Electronics,South,5.0,12000,0.2,48000.0,38000,App,Sale,10000.0,0.20833333333333334
ORD01756,2025-04-27,CUST1092,Tablet,Electronics,North,2.0,22000,0.15,37400.0,31000,Website,Sale,6400.0,0.1711229946524064
ORD01757,2025-10-27,CUST1126,Webcam,Accessories,South,4.0,3200,0.2,10240.0,7600,App,Sale,2640.0,0.2578125
ORD01758,2025-08-20,CUST1061,Monitor,Electronics,North,2.0,12000,0.0,24000.0,15200,Website,Sale,8800.0,0.36666666666666664
ORD01759,2025-05-01,CUST1232,Webcam,Accessories,East,6.0,3200,0.2,15360.0,11400,Website,Sale,3960.0,0.2578125
ORD01760,2025-05-30,CUST1355,Mouse,Accessories,North,5.0,800,0.05,3800.0,2100,Marketplace,Sale,1700.0,0.4473684210526316
ORD01761,2025-02-26,CUST1127,Smartphone,Electronics,West,2.0,28000,0.05,53200.0,41000,App,Sale,12200.0,0.22932330827067668
ORD01762,2025-03-25,CUST1350,Keyboard,Accessories,North,2.0,1500,0.05,2850.0,1700,Website,Sale,1150.0,0.40350877192982454
ORD01763,2025-04-09,CUST1150,Laptop,Electronics,East,6.0,55000,0.2,264000.0,216000,Website,Sale,48000.0,0.18181818181818182
ORD01764,2025-06-06,CUST1237,Tablet,Electronics,South,5.0,22000,0.2,88000.0,77500,Website,Sale,10500.0,0.11931818181818182
ORD01765,2025-07-11,CUST1097,Webcam,Accessories,West,5.0,3200,0.1,14400.0,9500,Website,Sale,4900.0,0.3402777777777778
ORD01766,2025-05-12,CUST1212,Smartphone,Electronics,South,4.0,28000,0.15,95200.0,82000,Website,Sale,13200.0,0.13865546218487396
ORD01767,2025-09-12,CUST1204,Smartphone,Electronics,North,2.0,28000,0.1,50400.0,41000,App,Sale,9400.0,0.1865079365079365
ORD01768,2025-11-06,CUST1165,Headphones,Accessories,East,5.0,2500,0.05,11875.0,6750,Website,Sale,5125.0,0.43157894736842106
ORD01769,2025-04-22,CUST1342,Headphones,Accessories,South,3.0,2500,0.2,6000.0,4050,Website,Sale,1950.0,0.325
ORD01770,2025-03-30,CUST1339,Keyboard,Accessories,North,6.0,1500,0.05,8550.0,5100,Website,Sale,3450.0,0.40350877192982454
ORD01771,2025-11-27,CUST1022,Headphones,Accessories,North,1.0,2500,0.05,2375.0,1350,App,Sale,1025.0,0.43157894736842106
ORD01772,2025-12-27,CUST1190,Monitor,Electronics,North,2.0,12000,0.05,22800.0,15200,Website,Sale,7600.0,0.3333333333333333
ORD01773,2025-12-31,CUST1152,Smartphone,Electronics,North,4.0,28000,0.2,89600.0,82000,App,Sale,7600.0,0.08482142857142858
ORD01774,2025-02-26,CUST1384,Keyboard,Accessories,East,5.0,1500,0.2,6000.0,4250,Website,Sale,1750.0,0.2916666666666667
ORD01775,2025-01-22,CUST1397,Tablet,Electronics,West,4.0,22000,0.2,70400.0,62000,Website,Sale,8400.0,0.11931818181818182
ORD01776,2025-05-25,CUST1151,Keyboard,Accessories,North,6.0,1500,0.0,9000.0,5100,App,Sale,3900.0,0.43333333333333335
ORD01777,2025-03-14,CUST1353,Webcam,Accessories,East,2.0,3200,0.05,6080.0,3800,App,Sale,2280.0,0.375
ORD01778,2025-11-10,CUST1046,Mouse,Accessories,North,1.0,800,0.1,720.0,420,Website,Sale,300.0,0.4166666666666667
ORD01779,2025-03-20,CUST1056,Keyboard,Accessories,North,5.0,1500,0.2,6000.0,4250,Website,Sale,1750.0,0.2916666666666667
ORD01780,2025-04-23,CUST1100,Webcam,Accessories,North,1.0,3200,0.05,3040.0,1900,Marketplace,Sale,1140.0,0.375
ORD01781,2025-10-04,CUST1138,Mouse,Accessories,North,1.0,800,0.0,800.0,420,App,Sale,380.0,0.475
ORD01782,2025-09-10,CUST1337,Headphones,Accessories,East,5.0,2500,0.05,11875.0,6750,App,Sale,5125.0,0.43157894736842106
ORD01783,2025-02-01,CUST1124,Webcam,Accessories,South,5.0,3200,0.15,13600.0,9500,App,Sale,4100.0,0.3014705882352941
ORD01784,2025-04-16,CUST1258,Webcam,Accessories,North,6.0,3200,0.05,18240.0,11400,App,Sale,6840.0,0.375
ORD01785,2025-07-26,CUST1000,Tablet,Electronics,South,1.0,22000,0.05,20900.0,15500,App,Sale,5400.0,0.2583732057416268
ORD01786,2025-06-12,CUST1178,Smartphone,Electronics,West,2.0,28000,0.05,53200.0,41000,App,Sale,12200.0,0.22932330827067668
ORD01787,2025-02-02,CUST1197,Headphones,Accessories,North,6.0,2500,0.0,15000.0,8100,Website,Sale,6900.0,0.46
ORD01788,2025-11-19,CUST1126,Smartphone,Electronics,North,1.0,28000,0.2,22400.0,20500,App,Sale,1900.0,0.08482142857142858
ORD01789,2025-08-28,CUST1303,Webcam,Accessories,East,1.0,3200,0.15,2720.0,1900,App,Sale,820.0,0.3014705882352941
ORD01790,2025-11-26,CUST1359,Keyboard,Accessories,East,3.0,1500,0.15,3825.0,2550,Website,Sale,1275.0,0.3333333333333333
ORD01791,2025-10-01,CUST1229,Smartphone,Electronics,North,5.0,28000,0.1,126000.0,102500,App,Sale,23500.0,0.1865079365079365
ORD01792,2025-10-31,CUST1321,Smartphone,Electronics,East,3.0,28000,0.1,75600.0,61500,Website,Sale,14100.0,0.1865079365079365
ORD01793,2025-06-02,CUST1216,Laptop,Electronics,East,4.0,55000,0.1,198000.0,144000,Website,Sale,54000.0,0.2727272727272727
ORD01794,2025-08-13,CUST1157,Webcam,Accessories,West,4.0,3200,0.0,12800.0,7600,Marketplace,Sale,5200.0,0.40625
ORD01795,2025-10-14,CUST1057,Keyboard,Accessories,South,4.0,1500,0.1,5400.0,3400,Marketplace,Sale,2000.0,0.37037037037037035
ORD01796,2025-08-23,CUST1194,Headphones,Accessories,North,2.0,2500,0.15,4250.0,2700,App,Sale,1550.0,0.36470588235294116
ORD01797,2025-01-15,CUST1448,Headphones,Accessories,South,1.0,2500,0.2,2000.0,1350,Website,Sale,650.0,0.325
ORD01798,2025-01-17,CUST1009,Smartphone,Electronics,South,4.0,28000,0.0,112000.0,82000,Marketplace,Sale,30000.0,0.26785714285714285
ORD01799,2025-01-10,CUST1447,Monitor,Electronics,North,2.0,12000,0.0,24000.0,15200,Marketplace,Sale,8800.0,0.36666666666666664
ORD01800,2025-09-05,CUST1283,Mouse,Accessories,East,5.0,800,0.2,3200.0,2100,App,Sale,1100.0,0.34375
ORD01801,2025-01-08,CUST1368,Tablet,Electronics,South,3.0,22000,0.0,66000.0,46500,Website,Sale,19500.0,0.29545454545454547
ORD01802,2025-02-22,CUST1198,Headphones,Accessories,North,6.0,2500,0.05,14250.0,8100,Marketplace,Sale,6150.0,0.43157894736842106
ORD01803,2025-10-17,CUST1369,Tablet,Electronics,South,5.0,22000,0.1,99000.0,77500,Website,Sale,21500.0,0.21717171717171718
ORD01804,2025-09-29,CUST1218,Webcam,Accessories,South,6.0,3200,0.0,19200.0,11400,Website,Sale,7800.0,0.40625
ORD01805,2025-01-25,CUST1201,Keyboard,Accessories,South,3.0,1500,0.1,4050.0,2550,Marketplace,Sale,1500.0,0.37037037037037035
ORD01806,2025-05-08,CUST1403,Webcam,Accessories,North,3.0,3200,0.05,9120.0,5700,Marketplace,Sale,3420.0,0.375
ORD01807,2025-06-26,CUST1094,Webcam,Accessories,South,4.0,3200,0.05,12160.0,7600,Website,Sale,4560.0,0.375
ORD01808,2025-11-08,CUST1157,Mouse,Accessories,West,2.0,800,0.1,1440.0,840,Marketplace,Sale,600.0,0.4166666666666667
ORD01809,2025-05-10,CUST1049,Headphones,Accessories,East,3.0,2500,0.2,6000.0,4050,App,Sale,1950.0,0.325
ORD01810,2025-10-01,CUST1111,Laptop,Electronics,South,4.0,55000,0.0,220000.0,144000,App,Sale,76000.0,0.34545454545454546
ORD01811,2025-01-29,CUST1367,Mouse,Accessories,South,4.0,800,0.05,3040.0,1680,App,Sale,1360.0,0.4473684210526316
ORD01812,2025-11-21,CUST1316,Smartphone,Electronics,East,4.0,28000,0.1,100800.0,82000,Marketplace,Sale,18800.0,0.1865079365079365
ORD01813,2025-11-10,CUST1364,Smartphone,Electronics,North,5.0,28000,0.1,126000.0,102500,Website,Sale,23500.0,0.1865079365079365
ORD01814,2025-03-01,CUST1026,Tablet,Electronics,South,3.0,22000,0.2,52800.0,46500,Website,Sale,6300.0,0.11931818181818182
ORD01815,2025-05-07,CUST1391,Monitor,Electronics,South,3.0,12000,0.15,30600.0,22800,Marketplace,Sale,7800.0,0.2549019607843137
ORD01816,2025-03-14,CUST1102,Keyboard,Accessories,East,1.0,1500,0.15,1275.0,850,App,Sale,425.0,0.3333333333333333
ORD01817,2025-04-15,CUST1271,Mouse,Accessories,North,4.0,800,0.2,2560.0,1680,Website,Sale,880.0,0.34375
ORD01818,2025-12-19,CUST1415,Smartphone,Electronics,North,4.0,28000,0.0,112000.0,82000,Marketplace,Sale,30000.0,0.26785714285714285
ORD01819,2025-03-31,CUST1161,Tablet,Electronics,East,2.0,22000,0.0,44000.0,31000,App,Sale,13000.0,0.29545454545454547
ORD01820,2025-03-04,CUST1373,Keyboard,Accessories,East,4.0,1500,0.1,5400.0,3400,App,Sale,2000.0,0.37037037037037035
ORD01821,2025-01-26,CUST1445,Monitor,Electronics,North,3.0,12000,0.15,30600.0,22800,Website,Sale,7800.0,0.2549019607843137
ORD01822,2025-08-15,CUST1114,Smartphone,Electronics,West,5.0,28000,0.15,119000.0,102500,App,Sale,16500.0,0.13865546218487396
ORD01823,2025-10-28,CUST1312,Keyboard,Accessories,North,4.0,1500,0.15,5100.0,3400,Website,Sale,1700.0,0.3333333333333333
ORD01824,2025-12-20,CUST1272,Laptop,Electronics,East,5.0,55000,0.2,220000.0,180000,Marketplace,Sale,40000.0,0.18181818181818182
ORD01825,2025-03-25,CUST1087,Monitor,Electronics,West,5.0,12000,0.2,48000.0,38000,Marketplace,Sale,10000.0,0.20833333333333334
ORD01826,2025-09-21,CUST1421,Tablet,Electronics,West,5.0,22000,0.1,99000.0,77500,Marketplace,Sale,21500.0,0.21717171717171718
ORD01827,2025-11-22,CUST1091,Headphones,Accessories,West,5.0,2500,0.05,11875.0,6750,App,Sale,5125.0,0.43157894736842106
ORD01828,2025-08-25,CUST1041,Monitor,Electronics,East,2.0,12000,0.1,21600.0,15200,App,Sale,6400.0,0.2962962962962963
ORD01829,2025-09-28,CUST1217,Keyboard,Accessories,East,3.0,1500,0.0,4500.0,2550,App,Sale,1950.0,0.43333333333333335
ORD01830,2025-09-25,CUST1270,Monitor,Electronics,East,1.0,12000,0.05,11400.0,7600,Website,Sale,3800.0,0.3333333333333333
ORD01831,2025-10-02,CUST1140,Monitor,Electronics,East,5.0,12000,0.05,57000.0,38000,App,Sale,19000.0,0.3333333333333333
ORD01832,2025-01-06,CUST1075,Smartphone,Electronics,West,1.0,28000,0.15,23800.0,20500,Website,Sale,3300.0,0.13865546218487396
ORD01833,2025-10-27,CUST1386,Headphones,Accessories,South,1.0,2500,0.1,2250.0,1350,Website,Sale,900.0,0.4
ORD01834,2025-12-09,CUST1294,Smartphone,Electronics,North,6.0,28000,0.15,142800.0,123000,Website,Sale,19800.0,0.13865546218487396
ORD01835,2025-01-06,CUST1178,Smartphone,Electronics,South,5.0,28000,0.15,119000.0,102500,Website,Sale,16500.0,0.13865546218487396
ORD01836,2025-01-22,CUST1145,Headphones,Accessories,South,5.0,2500,0.0,12500.0,6750,Marketplace,Sale,5750.0,0.46
ORD01837,2025-04-19,CUST1105,Mouse,Accessories,West,4.0,800,0.0,3200.0,1680,App,Sale,1520.0,0.475
ORD01838,2025-08-14,CUST1123,Headphones,Accessories,North,5.0,2500,0.2,10000.0,6750,Website,Sale,3250.0,0.325
ORD01839,2025-11-17,CUST1340,Headphones,Accessories,South,4.0,2500,0.0,10000.0,5400,Marketplace,Sale,4600.0,0.46
ORD01840,2025-07-17,CUST1051,Tablet,Electronics,South,5.0,22000,0.05,104500.0,77500,Website,Sale,27000.0,0.2583732057416268
ORD01841,2025-12-14,CUST1437,Smartphone,Electronics,North,5.0,28000,0.05,133000.0,102500,Website,Sale,30500.0,0.22932330827067668
ORD01842,2025-11-29,CUST1413,Laptop,Electronics,North,3.0,55000,0.05,156750.0,108000,Website,Sale,48750.0,0.31100478468899523
ORD01843,2025-09-02,CUST1171,Monitor,Electronics,East,5.0,12000,0.15,51000.0,38000,Marketplace,Sale,13000.0,0.2549019607843137
ORD01844,2025-07-29,CUST1069,Headphones,Accessories,South,1.0,2500,0.0,2500.0,1350,Website,Sale,1150.0,0.46
ORD01845,2025-05-16,CUST1134,Webcam,Accessories,South,2.0,3200,0.15,5440.0,3800,Marketplace,Sale,1640.0,0.3014705882352941
ORD01846,2025-08-21,CUST1294,Mouse,Accessories,West,5.0,800,0.1,3600.0,2100,Website,Sale,1500.0,0.4166666666666667
ORD01847,2025-07-25,CUST1314,Laptop,Electronics,East,5.0,55000,0.05,261250.0,180000,Marketplace,Sale,81250.0,0.31100478468899523
ORD01848,2025-06-13,CUST1063,Mouse,Accessories,South,3.0,800,0.2,1920.0,1260,Website,Sale,660.0,0.34375
ORD01849,2025-11-25,CUST1103,Monitor,Electronics,South,1.0,12000,0.15,10200.0,7600,App,Sale,2600.0,0.2549019607843137
ORD01850,2025-09-15,CUST1262,Monitor,Electronics,South,5.0,12000,0.15,51000.0,38000,App,Sale,13000.0,0.2549019607843137
ORD01851,2025-07-27,CUST1309,Tablet,Electronics,North,4.0,22000,0.0,88000.0,62000,Marketplace,Sale,26000.0,0.29545454545454547
ORD01852,2025-04-09,CUST1135,Webcam,Accessories,North,1.0,3200,0.05,3040.0,1900,Marketplace,Sale,1140.0,0.375
ORD01853,2025-02-04,CUST1230,Smartphone,Electronics,North,2.0,28000,0.0,56000.0,41000,Marketplace,Sale,15000.0,0.26785714285714285
ORD01854,2025-05-24,CUST1051,Laptop,Electronics,South,6.0,55000,0.15,280500.0,216000,Marketplace,Sale,64500.0,0.22994652406417113
ORD01855,2025-07-10,CUST1324,Monitor,Electronics,South,1.0,12000,0.2,9600.0,7600,Marketplace,Sale,2000.0,0.20833333333333334
ORD01856,2025-10-06,CUST1104,Tablet,Electronics,East,2.0,22000,0.15,37400.0,31000,Website,Sale,6400.0,0.1711229946524064
ORD01857,2025-11-09,CUST1088,Smartphone,Electronics,North,2.0,28000,0.1,50400.0,41000,App,Sale,9400.0,0.1865079365079365
ORD01858,2025-11-15,CUST1110,Mouse,Accessories,North,3.0,800,0.15,2040.0,1260,App,Sale,780.0,0.38235294117647056
ORD01859,2025-10-07,CUST1399,Smartphone,Electronics,West,1.0,28000,0.05,26600.0,20500,Website,Sale,6100.0,0.22932330827067668
ORD01860,2025-03-11,CUST1173,Headphones,Accessories,North,2.0,2500,0.15,4250.0,2700,Marketplace,Sale,1550.0,0.36470588235294116
ORD01861,2025-01-16,CUST1013,Tablet,Electronics,South,2.0,22000,0.05,41800.0,31000,App,Sale,10800.0,0.2583732057416268
ORD01862,2025-08-25,CUST1276,Laptop,Electronics,North,6.0,55000,0.15,280500.0,216000,Website,Sale,64500.0,0.22994652406417113
ORD01863,2025-09-18,CUST1411,Monitor,Electronics,East,6.0,12000,0.15,61200.0,45600,Marketplace,Sale,15600.0,0.2549019607843137
ORD01864,2025-07-28,CUST1242,Monitor,Electronics,West,5.0,12000,0.05,57000.0,38000,Marketplace,Sale,19000.0,0.3333333333333333
ORD01865,2025-06-06,CUST1094,Laptop,Electronics,North,2.0,55000,0.05,104500.0,72000,Website,Sale,32500.0,0.31100478468899523
ORD01866,2025-01-08,CUST1298,Smartphone,Electronics,South,2.0,28000,0.2,44800.0,41000,Website,Sale,3800.0,0.08482142857142858
ORD01867,2025-08-31,CUST1048,Laptop,Electronics,South,2.0,55000,0.05,104500.0,72000,Website,Sale,32500.0,0.31100478468899523
ORD01868,2025-07-29,CUST1138,Tablet,Electronics,East,5.0,22000,0.1,99000.0,77500,Marketplace,Sale,21500.0,0.21717171717171718
ORD01869,2025-10-27,CUST1163,Monitor,Electronics,North,4.0,12000,0.0,48000.0,30400,App,Sale,17600.0,0.36666666666666664
ORD01870,2025-02-16,CUST1130,Webcam,Accessories,West,5.0,3200,0.15,13600.0,9500,App,Sale,4100.0,0.3014705882352941
ORD01871,2025-12-12,CUST1159,Mouse,Accessories,North,4.0,800,0.15,2720.0,1680,App,Sale,1040.0,0.38235294117647056
ORD01872,2025-04-29,CUST1043,Monitor,Electronics,North,5.0,12000,0.0,60000.0,38000,Website,Sale,22000.0,0.36666666666666664
ORD01873,2025-07-26,CUST1402,Mouse,Accessories,South,4.0,800,0.2,2560.0,1680,Marketplace,Sale,880.0,0.34375
ORD01874,2025-04-10,CUST1060,Webcam,Accessories,North,3.0,3200,0.15,8160.0,5700,Website,Sale,2460.0,0.3014705882352941
ORD01875,2025-06-13,CUST1380,Smartphone,Electronics,South,2.0,28000,0.0,56000.0,41000,App,Sale,15000.0,0.26785714285714285
ORD01876,2025-01-08,CUST1280,Headphones,Accessories,South,-1.0,2500,0.05,-2375.0,-1350,Marketplace,Return,-1025.0,
ORD01877,2025-07-26,CUST1062,Monitor,Electronics,West,5.0,12000,0.0,60000.0,38000,Website,Sale,22000.0,0.36666666666666664
ORD01878,2025-12-01,CUST1071,Monitor,Electronics,South,4.0,12000,0.2,38400.0,30400,Website,Sale,8000.0,0.20833333333333334
ORD01879,2025-10-25,CUST1278,Tablet,Electronics,North,-2.0,22000,0.2,-35200.0,-31000,App,Return,-4200.0,
ORD01880,2025-08-06,CUST1350,Webcam,Accessories,West,2.0,3200,0.0,6400.0,3800,Website,Sale,2600.0,0.40625
ORD01881,2025-02-19,CUST1162,Mouse,Accessories,North,4.0,800,0.0,3200.0,1680,App,Sale,1520.0,0.475
ORD01882,2025-11-27,CUST1076,Keyboard,Accessories,South,3.0,1500,0.2,3600.0,2550,Marketplace,Sale,1050.0,0.2916666666666667
ORD01883,2025-12-07,CUST1015,Headphones,Accessories,West,2.0,2500,0.1,4500.0,2700,App,Sale,1800.0,0.4
ORD01884,2025-07-11,CUST1366,Keyboard,Accessories,North,5.0,1500,0.1,6750.0,4250,App,Sale,2500.0,0.37037037037037035
ORD01885,2025-12-03,CUST1070,Laptop,Electronics,North,2.0,55000,0.2,88000.0,72000,Website,Sale,16000.0,0.18181818181818182
ORD01886,2025-11-02,CUST1254,Smartphone,Electronics,East,4.0,28000,0.05,106400.0,82000,App,Sale,24400.0,0.22932330827067668
ORD01887,2025-08-28,CUST1176,Headphones,Accessories,North,6.0,2500,0.05,14250.0,8100,Website,Sale,6150.0,0.43157894736842106
ORD01888,2025-05-31,CUST1351,Monitor,Electronics,North,5.0,12000,0.05,57000.0,38000,App,Sale,19000.0,0.3333333333333333
ORD01889,2025-11-20,CUST1308,Laptop,Electronics,North,3.0,55000,0.15,140250.0,108000,Marketplace,Sale,32250.0,0.22994652406417113
ORD01890,2025-08-07,CUST1044,Laptop,Electronics,South,1.0,55000,0.05,52250.0,36000,App,Sale,16250.0,0.31100478468899523
ORD01891,2025-04-13,CUST1272,Webcam,Accessories,North,1.0,3200,0.1,2880.0,1900,Website,Sale,980.0,0.3402777777777778
ORD01892,2025-08-08,CUST1335,Headphones,Accessories,South,2.0,2500,0.1,4500.0,2700,Website,Sale,1800.0,0.4
ORD01893,2025-03-08,CUST1003,Keyboard,Accessories,South,4.0,1500,0.0,6000.0,3400,App,Sale,2600.0,0.43333333333333335
ORD01894,2025-06-08,CUST1251,Smartphone,Electronics,North,3.0,28000,0.05,79800.0,61500,App,Sale,18300.0,0.22932330827067668
ORD01895,2025-03-25,CUST1201,Monitor,Electronics,North,6.0,12000,0.05,68400.0,45600,App,Sale,22800.0,0.3333333333333333
ORD01896,2025-07-20,CUST1039,Webcam,Accessories,North,3.0,3200,0.15,8160.0,5700,Website,Sale,2460.0,0.3014705882352941
ORD01897,2025-07-29,CUST1296,Keyboard,Accessories,South,5.0,1500,0.1,6750.0,4250,Marketplace,Sale,2500.0,0.37037037037037035
ORD01898,2025-01-08,CUST1074,Monitor,Electronics,East,5.0,12000,0.1,54000.0,38000,Marketplace,Sale,16000.0,0.2962962962962963
ORD01899,2025-04-18,CUST1056,Keyboard,Accessories,East,6.0,1500,0.15,7650.0,5100,Website,Sale,2550.0,0.3333333333333333
ORD01900,2025-05-10,CUST1204,Headphones,Accessories,East,2.0,2500,0.1,4500.0,2700,Marketplace,Sale,1800.0,0.4
ORD01901,2025-11-26,CUST1271,Monitor,Electronics,South,1.0,12000,0.2,9600.0,7600,Website,Sale,2000.0,0.20833333333333334
ORD01902,2025-09-12,CUST1370,Keyboard,Accessories,North,2.0,1500,0.1,2700.0,1700,Marketplace,Sale,1000.0,0.37037037037037035
ORD01903,2025-10-28,CUST1433,Laptop,Electronics,North,4.0,55000,0.15,187000.0,144000,Website,Sale,43000.0,0.22994652406417113
ORD01904,2025-04-04,CUST1126,Headphones,Accessories,North,3.0,2500,0.05,7125.0,4050,Website,Sale,3075.0,0.43157894736842106
ORD01905,2025-01-27,CUST1027,Webcam,Accessories,South,1.0,3200,0.05,3040.0,1900,App,Sale,1140.0,0.375
ORD01906,2025-02-01,CUST1041,Monitor,Electronics,East,5.0,12000,0.15,51000.0,38000,Website,Sale,13000.0,0.2549019607843137
ORD01907,2025-01-07,CUST1301,Tablet,Electronics,East,1.0,22000,0.05,20900.0,15500,App,Sale,5400.0,0.2583732057416268
ORD01908,2025-08-01,CUST1350,Monitor,Electronics,East,6.0,12000,0.15,61200.0,45600,Website,Sale,15600.0,0.2549019607843137
ORD01909,2025-09-17,CUST1004,Keyboard,Accessories,North,6.0,1500,0.15,7650.0,5100,App,Sale,2550.0,0.3333333333333333
ORD01910,2025-08-13,CUST1285,Headphones,Accessories,East,5.0,2500,0.05,11875.0,6750,Website,Sale,5125.0,0.43157894736842106
ORD01911,2025-09-25,CUST1239,Tablet,Electronics,West,2.0,22000,0.15,37400.0,31000,Website,Sale,6400.0,0.1711229946524064
ORD01912,2025-07-08,CUST1346,Monitor,Electronics,East,5.0,12000,0.15,51000.0,38000,App,Sale,13000.0,0.2549019607843137
ORD01913,2025-11-21,CUST1020,Tablet,Electronics,West,4.0,22000,0.0,88000.0,62000,App,Sale,26000.0,0.29545454545454547
ORD01914,2025-02-24,CUST1401,Keyboard,Accessories,East,5.0,1500,0.0,7500.0,4250,App,Sale,3250.0,0.43333333333333335
ORD01915,2025-01-17,CUST1448,Keyboard,Accessories,South,6.0,1500,0.1,8100.0,5100,App,Sale,3000.0,0.37037037037037035
ORD01916,2025-03-04,CUST1433,Laptop,Electronics,West,4.0,55000,0.2,176000.0,144000,Website,Sale,32000.0,0.18181818181818182
ORD01917,2025-01-11,CUST1125,Tablet,Electronics,East,6.0,22000,0.1,118800.0,93000,App,Sale,25800.0,0.21717171717171718
ORD01918,2025-02-15,CUST1245,Monitor,Electronics,South,4.0,12000,0.1,43200.0,30400,App,Sale,12800.0,0.2962962962962963
ORD01919,2025-07-06,CUST1317,Keyboard,Accessories,South,2.0,1500,0.1,2700.0,1700,App,Sale,1000.0,0.37037037037037035
ORD01920,2025-03-12,CUST1307,Keyboard,Accessories,North,-1.0,1500,0.0,-1500.0,-850,Website,Return,-650.0,
ORD01921,2025-06-11,CUST1390,Smartphone,Electronics,North,1.0,28000,0.1,25200.0,20500,Website,Sale,4700.0,0.1865079365079365
ORD01922,2025-12-24,CUST1047,Mouse,Accessories,North,2.0,800,0.2,1280.0,840,Website,Sale,440.0,0.34375
ORD01923,2025-05-22,CUST1438,Keyboard,Accessories,East,2.0,1500,0.15,2550.0,1700,Website,Sale,850.0,0.3333333333333333
ORD01924,2025-05-07,CUST1252,Headphones,Accessories,North,6.0,2500,0.0,15000.0,8100,App,Sale,6900.0,0.46
ORD01925,2025-04-30,CUST1437,Tablet,Electronics,North,5.0,22000,0.0,110000.0,77500,App,Sale,32500.0,0.29545454545454547
ORD01926,2025-08-25,CUST1395,Webcam,Accessories,East,1.0,3200,0.05,3040.0,1900,Website,Sale,1140.0,0.375
ORD01927,2025-08-28,CUST1423,Headphones,Accessories,North,1.0,2500,0.15,2125.0,1350,Marketplace,Sale,775.0,0.36470588235294116
ORD01928,2025-07-16,CUST1050,Tablet,Electronics,East,5.0,22000,0.05,104500.0,77500,App,Sale,27000.0,0.2583732057416268
ORD01929,2025-09-29,CUST1361,Smartphone,Electronics,South,4.0,28000,0.1,100800.0,82000,Website,Sale,18800.0,0.1865079365079365
ORD01930,2025-01-26,CUST1075,Smartphone,Electronics,South,3.0,28000,0.1,75600.0,61500,App,Sale,14100.0,0.1865079365079365
ORD01931,2025-09-22,CUST1073,Tablet,Electronics,North,-2.0,22000,0.15,-37400.0,-31000,App,Return,-6400.0,
ORD01932,2025-06-23,CUST1111,Webcam,Accessories,West,4.0,3200,0.15,10880.0,7600,App,Sale,3280.0,0.3014705882352941
ORD01933,2025-09-01,CUST1302,Webcam,Accessories,South,6.0,3200,0.0,19200.0,11400,Website,Sale,7800.0,0.40625
ORD01934,2025-12-22,CUST1242,Headphones,Accessories,West,2.0,2500,0.1,4500.0,2700,Website,Sale,1800.0,0.4
ORD01935,2025-06-17,CUST1210,Tablet,Electronics,South,4.0,22000,0.1,79200.0,62000,Website,Sale,17200.0,0.21717171717171718
ORD01936,2025-09-14,CUST1300,Tablet,Electronics,North,4.0,22000,0.1,79200.0,62000,App,Sale,17200.0,0.21717171717171718
ORD01937,2025-09-27,CUST1233,Smartphone,Electronics,South,4.0,28000,0.05,106400.0,82000,Website,Sale,24400.0,0.22932330827067668
ORD01938,2025-12-28,CUST1425,Smartphone,Electronics,West,4.0,28000,0.0,112000.0,82000,Website,Sale,30000.0,0.26785714285714285
ORD01939,2025-11-07,CUST1058,Monitor,Electronics,East,4.0,12000,0.05,45600.0,30400,App,Sale,15200.0,0.3333333333333333
ORD01940,2025-07-26,CUST1296,Mouse,Accessories,North,1.0,800,0.1,720.0,420,App,Sale,300.0,0.4166666666666667
ORD01941,2025-04-06,CUST1048,Smartphone,Electronics,East,6.0,28000,0.15,142800.0,123000,App,Sale,19800.0,0.13865546218487396
ORD01942,2025-12-14,CUST1230,Tablet,Electronics,East,1.0,22000,0.0,22000.0,15500,Website,Sale,6500.0,0.29545454545454547
ORD01943,2025-04-21,CUST1149,Mouse,Accessories,South,4.0,800,0.0,3200.0,1680,App,Sale,1520.0,0.475
ORD01944,2025-07-31,CUST1081,Keyboard,Accessories,East,3.0,1500,0.15,3825.0,2550,Website,Sale,1275.0,0.3333333333333333
ORD01945,2025-08-10,CUST1387,Laptop,Electronics,East,5.0,55000,0.05,261250.0,180000,Website,Sale,81250.0,0.31100478468899523
ORD01946,2025-03-22,CUST1236,Headphones,Accessories,East,1.0,2500,0.2,2000.0,1350,Website,Sale,650.0,0.325
ORD01947,2025-04-03,CUST1333,Monitor,Electronics,East,2.0,12000,0.2,19200.0,15200,App,Sale,4000.0,0.20833333333333334
ORD01948,2025-08-08,CUST1232,Webcam,Accessories,North,6.0,3200,0.15,16320.0,11400,Marketplace,Sale,4920.0,0.3014705882352941
ORD01949,2025-07-02,CUST1231,Tablet,Electronics,North,3.0,22000,0.2,52800.0,46500,App,Sale,6300.0,0.11931818181818182
ORD01950,2025-08-11,CUST1086,Laptop,Electronics,North,4.0,55000,0.15,187000.0,144000,Website,Sale,43000.0,0.22994652406417113
ORD01951,2025-10-17,CUST1416,Laptop,Electronics,North,2.0,55000,0.05,104500.0,72000,Marketplace,Sale,32500.0,0.31100478468899523
ORD01952,2025-05-13,CUST1126,Laptop,Electronics,North,5.0,55000,0.05,261250.0,180000,App,Sale,81250.0,0.31100478468899523
ORD01953,2025-05-06,CUST1436,Laptop,Electronics,North,2.0,55000,0.1,99000.0,72000,App,Sale,27000.0,0.2727272727272727
ORD01954,2025-04-26,CUST1355,Headphones,Accessories,North,6.0,2500,0.0,15000.0,8100,App,Sale,6900.0,0.46
ORD01955,2025-05-06,CUST1067,Smartphone,Electronics,North,3.0,28000,0.05,79800.0,61500,Website,Sale,18300.0,0.22932330827067668
ORD01956,2025-06-27,CUST1046,Mouse,Accessories,North,1.0,800,0.05,760.0,420,Website,Sale,340.0,0.4473684210526316
ORD01957,2025-08-16,CUST1060,Webcam,Accessories,West,3.0,3200,0.2,7680.0,5700,Website,Sale,1980.0,0.2578125
ORD01958,2025-04-12,CUST1196,Tablet,Electronics,East,3.0,22000,0.2,52800.0,46500,Marketplace,Sale,6300.0,0.11931818181818182
ORD01959,2025-11-25,CUST1092,Mouse,Accessories,North,4.0,800,0.1,2880.0,1680,App,Sale,1200.0,0.4166666666666667
ORD01960,2025-02-21,CUST1242,Mouse,Accessories,South,6.0,800,0.15,4080.0,2520,App,Sale,1560.0,0.38235294117647056
ORD01961,2025-11-19,CUST1061,Webcam,Accessories,East,1.0,3200,0.05,3040.0,1900,App,Sale,1140.0,0.375
ORD01962,2025-01-14,CUST1138,Smartphone,Electronics,South,6.0,28000,0.2,134400.0,123000,Website,Sale,11400.0,0.08482142857142858
ORD01963,2025-02-02,CUST1368,Mouse,Accessories,North,3.0,800,0.1,2160.0,1260,App,Sale,900.0,0.4166666666666667
ORD01964,2025-11-24,CUST1326,Mouse,Accessories,West,6.0,800,0.0,4800.0,2520,App,Sale,2280.0,0.475
ORD01965,2025-06-03,CUST1362,Keyboard,Accessories,South,2.0,1500,0.05,2850.0,1700,Marketplace,Sale,1150.0,0.40350877192982454
ORD01966,2025-12-25,CUST1395,Monitor,Electronics,West,5.0,12000,0.05,57000.0,38000,Website,Sale,19000.0,0.3333333333333333
ORD01967,2025-09-08,CUST1301,Webcam,Accessories,North,5.0,3200,0.05,15200.0,9500,Website,Sale,5700.0,0.375
ORD01968,2025-07-01,CUST1221,Laptop,Electronics,North,2.0,55000,0.1,99000.0,72000,Marketplace,Sale,27000.0,0.2727272727272727
ORD01969,2025-11-22,CUST1396,Headphones,Accessories,West,6.0,2500,0.2,12000.0,8100,Website,Sale,3900.0,0.325
ORD01970,2025-11-03,CUST1185,Smartphone,Electronics,South,1.0,28000,0.2,22400.0,20500,Marketplace,Sale,1900.0,0.08482142857142858
ORD01971,2025-07-11,CUST1004,Webcam,Accessories,North,2.0,3200,0.2,5120.0,3800,App,Sale,1320.0,0.2578125
ORD01972,2025-06-30,CUST1301,Webcam,Accessories,South,2.0,3200,0.1,5760.0,3800,Website,Sale,1960.0,0.3402777777777778
ORD01973,2025-02-16,CUST1304,Smartphone,Electronics,North,2.0,28000,0.1,50400.0,41000,App,Sale,9400.0,0.1865079365079365
ORD01974,2025-12-26,CUST1134,Webcam,Accessories,East,2.0,3200,0.15,5440.0,3800,Website,Sale,1640.0,0.3014705882352941
ORD01975,2025-10-25,CUST1009,Mouse,Accessories,North,2.0,800,0.0,1600.0,840,Website,Sale,760.0,0.475
ORD01976,2025-01-26,CUST1068,Monitor,Electronics,East,5.0,12000,0.05,57000.0,38000,Website,Sale,19000.0,0.3333333333333333
ORD01977,2025-02-17,CUST1270,Mouse,Accessories,West,4.0,800,0.0,3200.0,1680,Website,Sale,1520.0,0.475
ORD01978,2025-06-14,CUST1445,Webcam,Accessories,East,1.0,3200,0.15,2720.0,1900,App,Sale,820.0,0.3014705882352941
ORD01979,2025-12-29,CUST1102,Headphones,Accessories,North,1.0,2500,0.0,2500.0,1350,Website,Sale,1150.0,0.46
ORD01980,2025-06-08,CUST1402,Mouse,Accessories,North,6.0,800,0.0,4800.0,2520,App,Sale,2280.0,0.475
ORD01981,2025-05-13,CUST1199,Monitor,Electronics,East,4.0,12000,0.1,43200.0,30400,Marketplace,Sale,12800.0,0.2962962962962963
ORD01982,2025-03-01,CUST1244,Tablet,Electronics,East,2.0,22000,0.15,37400.0,31000,Website,Sale,6400.0,0.1711229946524064
ORD01983,2025-08-05,CUST1219,Keyboard,Accessories,West,5.0,1500,0.1,6750.0,4250,Marketplace,Sale,2500.0,0.37037037037037035
ORD01984,2025-06-24,CUST1088,Tablet,Electronics,South,1.0,22000,0.0,22000.0,15500,Website,Sale,6500.0,0.29545454545454547
ORD01985,2025-03-28,CUST1086,Mouse,Accessories,East,4.0,800,0.1,2880.0,1680,Website,Sale,1200.0,0.4166666666666667
ORD01986,2025-06-21,CUST1084,Webcam,Accessories,East,5.0,3200,0.1,14400.0,9500,App,Sale,4900.0,0.3402777777777778
ORD01987,2025-07-09,CUST1088,Webcam,Accessories,West,2.0,3200,0.15,5440.0,3800,Marketplace,Sale,1640.0,0.3014705882352941
ORD01988,2025-02-02,CUST1246,Laptop,Electronics,East,5.0,55000,0.1,247500.0,180000,App,Sale,67500.0,0.2727272727272727
ORD01989,2025-02-16,CUST1297,Keyboard,Accessories,West,2.0,1500,0.1,2700.0,1700,App,Sale,1000.0,0.37037037037037035
ORD01990,2025-02-09,CUST1377,Webcam,Accessories,South,1.0,3200,0.1,2880.0,1900,Website,Sale,980.0,0.3402777777777778
ORD01991,2025-09-16,CUST1277,Keyboard,Accessories,East,2.0,1500,0.15,2550.0,1700,Marketplace,Sale,850.0,0.3333333333333333
ORD01992,2025-01-08,CUST1206,Webcam,Accessories,East,4.0,3200,0.05,12160.0,7600,Website,Sale,4560.0,0.375
ORD01993,2025-07-08,CUST1030,Monitor,Electronics,West,5.0,12000,0.1,54000.0,38000,App,Sale,16000.0,0.2962962962962963
ORD01994,2025-10-23,CUST1010,Keyboard,Accessories,South,3.0,1500,0.0,4500.0,2550,Marketplace,Sale,1950.0,0.43333333333333335
ORD01995,2025-07-30,CUST1303,Headphones,Accessories,South,1.0,2500,0.05,2375.0,1350,Website,Sale,1025.0,0.43157894736842106
ORD01996,2025-07-22,CUST1280,Tablet,Electronics,South,6.0,22000,0.05,125400.0,93000,App,Sale,32400.0,0.2583732057416268
ORD01997,2025-08-04,CUST1260,Tablet,Electronics,West,5.0,22000,0.1,99000.0,77500,Marketplace,Sale,21500.0,0.21717171717171718
ORD01998,2025-04-22,CUST1384,Headphones,Accessories,West,6.0,2500,0.2,12000.0,8100,App,Sale,3900.0,0.325
ORD01999,2025-06-05,CUST1204,Smartphone,Electronics,East,6.0,28000,0.2,134400.0,123000,Marketplace,Sale,11400.0,0.08482142857142858
ORD02000,2025-11-23,CUST1355,Laptop,Electronics,East,6.0,55000,0.1,297000.0,216000,App,Sale,81000.0,0.2727272727272727
ORD02001,2025-08-05,CUST1200,Monitor,Electronics,East,5.0,12000,0.15,51000.0,38000,Website,Sale,13000.0,0.2549019607843137
ORD02002,2025-05-02,CUST1392,Smartphone,Electronics,East,5.0,28000,0.0,140000.0,102500,App,Sale,37500.0,0.26785714285714285
ORD02003,2025-02-11,CUST1393,Smartphone,Electronics,East,4.0,28000,0.0,112000.0,82000,App,Sale,30000.0,0.26785714285714285
ORD02004,2025-08-26,CUST1087,Laptop,Electronics,East,5.0,55000,0.15,233750.0,180000,App,Sale,53750.0,0.22994652406417113
ORD02005,2025-01-16,CUST1057,Mouse,Accessories,East,1.0,800,0.05,760.0,420,App,Sale,340.0,0.4473684210526316
ORD02006,2025-11-09,CUST1097,Laptop,Electronics,East,4.0,55000,0.2,176000.0,144000,App,Sale,32000.0,0.18181818181818182
ORD02007,2025-09-29,CUST1415,Mouse,Accessories,South,5.0,800,0.2,3200.0,2100,Website,Sale,1100.0,0.34375
ORD02008,2025-08-27,CUST1324,Monitor,Electronics,South,4.0,12000,0.15,40800.0,30400,Marketplace,Sale,10400.0,0.2549019607843137
ORD02009,2025-12-06,CUST1052,Monitor,Electronics,East,3.0,12000,0.2,28800.0,22800,Marketplace,Sale,6000.0,0.20833333333333334
ORD02010,2025-10-25,CUST1058,Smartphone,Electronics,North,-2.0,28000,0.2,-44800.0,-41000,App,Return,-3800.0,
ORD02011,2025-07-31,CUST1265,Laptop,Electronics,East,4.0,55000,0.0,220000.0,144000,Website,Sale,76000.0,0.34545454545454546
ORD02012,2025-08-21,CUST1333,Smartphone,Electronics,East,5.0,28000,0.05,133000.0,102500,Marketplace,Sale,30500.0,0.22932330827067668
ORD02013,2025-09-27,CUST1289,Laptop,Electronics,South,6.0,55000,0.0,330000.0,216000,Website,Sale,114000.0,0.34545454545454546
ORD02014,2025-11-20,CUST1368,Monitor,Electronics,West,4.0,12000,0.2,38400.0,30400,Website,Sale,8000.0,0.20833333333333334
ORD02015,2025-03-29,CUST1122,Webcam,Accessories,West,2.0,3200,0.0,6400.0,3800,Website,Sale,2600.0,0.40625
ORD02016,2025-11-22,CUST1322,Webcam,Accessories,South,2.0,3200,0.1,5760.0,3800,Marketplace,Sale,1960.0,0.3402777777777778
ORD02017,2025-06-21,CUST1414,Tablet,Electronics,South,1.0,22000,0.0,22000.0,15500,App,Sale,6500.0,0.29545454545454547
ORD02018,2025-02-06,CUST1114,Headphones,Accessories,South,2.0,2500,0.15,4250.0,2700,Website,Sale,1550.0,0.36470588235294116
ORD02019,2025-04-04,CUST1127,Keyboard,Accessories,South,5.0,1500,0.15,6375.0,4250,Website,Sale,2125.0,0.3333333333333333
ORD02020,2025-01-01,CUST1021,Keyboard,Accessories,South,2.0,1500,0.15,2550.0,1700,Website,Sale,850.0,0.3333333333333333
ORD02021,2025-05-11,CUST1347,Monitor,Electronics,South,6.0,12000,0.2,57600.0,45600,Website,Sale,12000.0,0.20833333333333334
ORD02022,2025-12-26,CUST1127,Smartphone,Electronics,East,1.0,28000,0.1,25200.0,20500,Website,Sale,4700.0,0.1865079365079365
ORD02023,2025-07-30,CUST1309,Smartphone,Electronics,North,2.0,28000,0.15,47600.0,41000,Website,Sale,6600.0,0.13865546218487396
ORD02024,2025-05-26,CUST1069,Smartphone,Electronics,East,3.0,28000,0.2,67200.0,61500,App,Sale,5700.0,0.08482142857142858
ORD02025,2025-11-06,CUST1213,Smartphone,Electronics,West,2.0,28000,0.15,47600.0,41000,App,Sale,6600.0,0.13865546218487396
ORD02026,2025-10-26,CUST1301,Mouse,Accessories,North,3.0,800,0.15,2040.0,1260,App,Sale,780.0,0.38235294117647056
ORD02027,2025-05-07,CUST1312,Tablet,Electronics,East,4.0,22000,0.2,70400.0,62000,Website,Sale,8400.0,0.11931818181818182
ORD02028,2025-01-07,CUST1311,Mouse,Accessories,North,3.0,800,0.2,1920.0,1260,Marketplace,Sale,660.0,0.34375
ORD02029,2025-04-13,CUST1015,Mouse,Accessories,North,5.0,800,0.0,4000.0,2100,Marketplace,Sale,1900.0,0.475
ORD02030,2025-06-02,CUST1405,Tablet,Electronics,South,4.0,22000,0.05,83600.0,62000,App,Sale,21600.0,0.2583732057416268
ORD02031,2025-01-18,CUST1164,Monitor,Electronics,South,2.0,12000,0.1,21600.0,15200,App,Sale,6400.0,0.2962962962962963
ORD02032,2025-08-29,CUST1380,Webcam,Accessories,South,6.0,3200,0.1,17280.0,11400,App,Sale,5880.0,0.3402777777777778
ORD02033,2025-01-06,CUST1015,Smartphone,Electronics,West,1.0,28000,0.2,22400.0,20500,Website,Sale,1900.0,0.08482142857142858
ORD02034,2025-08-08,CUST1291,Monitor,Electronics,East,5.0,12000,0.1,54000.0,38000,App,Sale,16000.0,0.2962962962962963
ORD02035,2025-01-18,CUST1125,Headphones,Accessories,North,-2.0,2500,0.2,-4000.0,-2700,Website,Return,-1300.0,
ORD02036,2025-12-11,CUST1387,Monitor,Electronics,South,5.0,12000,0.15,51000.0,38000,Marketplace,Sale,13000.0,0.2549019607843137
ORD02037,2025-04-01,CUST1037,Keyboard,Accessories,West,4.0,1500,0.1,5400.0,3400,App,Sale,2000.0,0.37037037037037035
ORD02038,2025-11-06,CUST1037,Laptop,Electronics,East,1.0,55000,0.15,46750.0,36000,Website,Sale,10750.0,0.22994652406417113
ORD02039,2025-04-26,CUST1302,Smartphone,Electronics,West,1.0,28000,0.05,26600.0,20500,App,Sale,6100.0,0.22932330827067668
ORD02040,2025-04-18,CUST1140,Mouse,Accessories,East,3.0,800,0.05,2280.0,1260,App,Sale,1020.0,0.4473684210526316
ORD02041,2025-11-08,CUST1443,Keyboard,Accessories,South,4.0,1500,0.15,5100.0,3400,Marketplace,Sale,1700.0,0.3333333333333333
ORD02042,2025-02-03,CUST1402,Tablet,Electronics,North,4.0,22000,0.1,79200.0,62000,App,Sale,17200.0,0.21717171717171718
ORD02043,2025-07-02,CUST1137,Mouse,Accessories,South,6.0,800,0.05,4560.0,2520,Marketplace,Sale,2040.0,0.4473684210526316
ORD02044,2025-01-19,CUST1373,Monitor,Electronics,North,5.0,12000,0.1,54000.0,38000,Marketplace,Sale,16000.0,0.2962962962962963
ORD02045,2025-08-20,CUST1024,Webcam,Accessories,East,6.0,3200,0.1,17280.0,11400,Website,Sale,5880.0,0.3402777777777778
ORD02046,2025-01-02,CUST1163,Laptop,Electronics,North,5.0,55000,0.05,261250.0,180000,App,Sale,81250.0,0.31100478468899523
ORD02047,2025-05-22,CUST1348,Mouse,Accessories,West,5.0,800,0.2,3200.0,2100,Website,Sale,1100.0,0.34375
ORD02048,2025-03-24,CUST1350,Laptop,Electronics,South,2.0,55000,0.2,88000.0,72000,Website,Sale,16000.0,0.18181818181818182
ORD02049,2025-12-04,CUST1046,Laptop,Electronics,West,2.0,55000,0.15,93500.0,72000,Marketplace,Sale,21500.0,0.22994652406417113
ORD02050,2025-12-21,CUST1028,Mouse,Accessories,North,2.0,800,0.05,1520.0,840,Website,Sale,680.0,0.4473684210526316
ORD02051,2025-06-03,CUST1249,Laptop,Electronics,South,5.0,55000,0.2,220000.0,180000,App,Sale,40000.0,0.18181818181818182
ORD02052,2025-10-13,CUST1443,Smartphone,Electronics,North,1.0,28000,0.0,28000.0,20500,App,Sale,7500.0,0.26785714285714285
ORD02053,2025-12-15,CUST1287,Webcam,Accessories,South,4.0,3200,0.0,12800.0,7600,Website,Sale,5200.0,0.40625
ORD02054,2025-05-04,CUST1408,Monitor,Electronics,South,1.0,12000,0.2,9600.0,7600,App,Sale,2000.0,0.20833333333333334
ORD02055,2025-01-10,CUST1364,Tablet,Electronics,West,6.0,22000,0.0,132000.0,93000,Website,Sale,39000.0,0.29545454545454547
ORD02056,2025-09-30,CUST1199,Smartphone,Electronics,East,6.0,28000,0.05,159600.0,123000,App,Sale,36600.0,0.22932330827067668
ORD02057,2025-10-21,CUST1208,Mouse,Accessories,West,5.0,800,0.1,3600.0,2100,App,Sale,1500.0,0.4166666666666667
ORD02058,2025-05-08,CUST1378,Webcam,Accessories,North,-2.0,3200,0.1,-5760.0,-3800,App,Return,-1960.0,
ORD02059,2025-07-11,CUST1169,Tablet,Electronics,North,1.0,22000,0.05,20900.0,15500,Website,Sale,5400.0,0.2583732057416268
ORD02060,2025-02-05,CUST1374,Webcam,Accessories,South,2.0,3200,0.15,5440.0,3800,Website,Sale,1640.0,0.3014705882352941
ORD02061,2025-11-28,CUST1300,Keyboard,Accessories,North,1.0,1500,0.2,1200.0,850,App,Sale,350.0,0.2916666666666667
ORD02062,2025-01-31,CUST1080,Laptop,Electronics,East,2.0,55000,0.1,99000.0,72000,Website,Sale,27000.0,0.2727272727272727
ORD02063,2025-07-09,CUST1021,Headphones,Accessories,South,2.0,2500,0.0,5000.0,2700,App,Sale,2300.0,0.46
ORD02064,2025-08-09,CUST1415,Tablet,Electronics,South,3.0,22000,0.15,56100.0,46500,App,Sale,9600.0,0.1711229946524064
ORD02065,2025-03-12,CUST1168,Keyboard,Accessories,North,6.0,1500,0.2,7200.0,5100,Website,Sale,2100.0,0.2916666666666667
ORD02066,2025-10-13,CUST1271,Monitor,Electronics,East,6.0,12000,0.2,57600.0,45600,Marketplace,Sale,12000.0,0.20833333333333334
ORD02067,2025-06-19,CUST1252,Smartphone,Electronics,North,2.0,28000,0.2,44800.0,41000,Marketplace,Sale,3800.0,0.08482142857142858
ORD02068,2025-12-25,CUST1158,Laptop,Electronics,North,2.0,55000,0.15,93500.0,72000,Website,Sale,21500.0,0.22994652406417113
ORD02069,2025-01-06,CUST1187,Smartphone,Electronics,North,4.0,28000,0.15,95200.0,82000,Website,Sale,13200.0,0.13865546218487396
ORD02070,2025-07-11,CUST1216,Laptop,Electronics,North,1.0,55000,0.15,46750.0,36000,Marketplace,Sale,10750.0,0.22994652406417113
ORD02071,2025-08-05,CUST1038,Tablet,Electronics,North,5.0,22000,0.0,110000.0,77500,Marketplace,Sale,32500.0,0.29545454545454547
ORD02072,2025-06-07,CUST1109,Keyboard,Accessories,East,1.0,1500,0.15,1275.0,850,Marketplace,Sale,425.0,0.3333333333333333
ORD02073,2025-12-22,CUST1388,Laptop,Electronics,North,3.0,55000,0.15,140250.0,108000,App,Sale,32250.0,0.22994652406417113
ORD02074,2025-09-30,CUST1063,Keyboard,Accessories,South,6.0,1500,0.15,7650.0,5100,Marketplace,Sale,2550.0,0.3333333333333333
ORD02075,2025-11-07,CUST1025,Tablet,Electronics,South,4.0,22000,0.2,70400.0,62000,Website,Sale,8400.0,0.11931818181818182
ORD02076,2025-08-31,CUST1083,Keyboard,Accessories,East,2.0,1500,0.0,3000.0,1700,Website,Sale,1300.0,0.43333333333333335
ORD02077,2025-08-09,CUST1107,Mouse,Accessories,East,2.0,800,0.2,1280.0,840,Website,Sale,440.0,0.34375
ORD02078,2025-05-29,CUST1411,Smartphone,Electronics,West,5.0,28000,0.05,133000.0,102500,Website,Sale,30500.0,0.22932330827067668
ORD02079,2025-11-13,CUST1114,Smartphone,Electronics,East,3.0,28000,0.05,79800.0,61500,Marketplace,Sale,18300.0,0.22932330827067668
ORD02080,2025-11-30,CUST1033,Smartphone,Electronics,South,2.0,28000,0.05,53200.0,41000,App,Sale,12200.0,0.22932330827067668
ORD02081,2025-03-31,CUST1309,Keyboard,Accessories,South,2.0,1500,0.05,2850.0,1700,App,Sale,1150.0,0.40350877192982454
ORD02082,2025-01-05,CUST1064,Headphones,Accessories,North,3.0,2500,0.0,7500.0,4050,Website,Sale,3450.0,0.46
ORD02083,2025-06-15,CUST1366,Monitor,Electronics,East,2.0,12000,0.2,19200.0,15200,Marketplace,Sale,4000.0,0.20833333333333334
ORD02084,2025-06-05,CUST1065,Smartphone,Electronics,West,2.0,28000,0.15,47600.0,41000,Website,Sale,6600.0,0.13865546218487396
ORD02085,2025-04-22,CUST1205,Webcam,Accessories,South,6.0,3200,0.2,15360.0,11400,Website,Sale,3960.0,0.2578125
ORD02086,2025-01-15,CUST1171,Mouse,Accessories,South,5.0,800,0.1,3600.0,2100,App,Sale,1500.0,0.4166666666666667
ORD02087,2025-09-15,CUST1372,Keyboard,Accessories,West,1.0,1500,0.0,1500.0,850,Marketplace,Sale,650.0,0.43333333333333335
ORD02088,2025-01-10,CUST1070,Webcam,Accessories,North,4.0,3200,0.1,11520.0,7600,Website,Sale,3920.0,0.3402777777777778
ORD02089,2025-03-23,CUST1324,Laptop,Electronics,East,2.0,55000,0.15,93500.0,72000,Website,Sale,21500.0,0.22994652406417113
ORD02090,2025-05-15,CUST1330,Monitor,Electronics,North,3.0,12000,0.2,28800.0,22800,App,Sale,6000.0,0.20833333333333334
ORD02091,2025-04-22,CUST1131,Tablet,Electronics,South,6.0,22000,0.2,105600.0,93000,App,Sale,12600.0,0.11931818181818182
ORD02092,2025-07-08,CUST1073,Headphones,Accessories,East,3.0,2500,0.0,7500.0,4050,Website,Sale,3450.0,0.46
ORD02093,2025-06-01,CUST1051,Smartphone,Electronics,South,6.0,28000,0.05,159600.0,123000,App,Sale,36600.0,0.22932330827067668
ORD02094,2025-10-27,CUST1116,Monitor,Electronics,North,6.0,12000,0.0,72000.0,45600,Website,Sale,26400.0,0.36666666666666664
ORD02095,2025-04-04,CUST1254,Webcam,Accessories,East,6.0,3200,0.05,18240.0,11400,App,Sale,6840.0,0.375
ORD02096,2025-06-24,CUST1065,Tablet,Electronics,North,6.0,22000,0.2,105600.0,93000,App,Sale,12600.0,0.11931818181818182
ORD02097,2025-11-29,CUST1267,Headphones,Accessories,South,6.0,2500,0.2,12000.0,8100,Website,Sale,3900.0,0.325
ORD02098,2025-04-13,CUST1200,Keyboard,Accessories,South,5.0,1500,0.1,6750.0,4250,Marketplace,Sale,2500.0,0.37037037037037035
ORD02099,2025-09-21,CUST1347,Tablet,Electronics,North,5.0,22000,0.1,99000.0,77500,App,Sale,21500.0,0.21717171717171718
ORD02100,2025-08-16,CUST1213,Webcam,Accessories,West,1.0,3200,0.0,3200.0,1900,App,Sale,1300.0,0.40625
ORD02101,2025-01-04,CUST1142,Headphones,Accessories,South,3.0,2500,0.1,6750.0,4050,App,Sale,2700.0,0.4
ORD02102,2025-07-24,CUST1240,Headphones,Accessories,North,4.0,2500,0.1,9000.0,5400,Website,Sale,3600.0,0.4
ORD02103,2025-01-27,CUST1149,Tablet,Electronics,East,3.0,22000,0.2,52800.0,46500,Website,Sale,6300.0,0.11931818181818182
ORD02104,2025-08-01,CUST1133,Keyboard,Accessories,North,3.0,1500,0.0,4500.0,2550,App,Sale,1950.0,0.43333333333333335
ORD02105,2025-10-11,CUST1270,Keyboard,Accessories,North,1.0,1500,0.05,1425.0,850,Website,Sale,575.0,0.40350877192982454
ORD02106,2025-01-09,CUST1010,Mouse,Accessories,West,3.0,800,0.15,2040.0,1260,App,Sale,780.0,0.38235294117647056
ORD02107,2025-01-24,CUST1023,Keyboard,Accessories,East,2.0,1500,0.05,2850.0,1700,Website,Sale,1150.0,0.40350877192982454
ORD02108,2025-10-04,CUST1108,Mouse,Accessories,North,1.0,800,0.2,640.0,420,Website,Sale,220.0,0.34375
ORD02109,2025-10-26,CUST1069,Monitor,Electronics,East,5.0,12000,0.15,51000.0,38000,App,Sale,13000.0,0.2549019607843137
ORD02110,2025-10-12,CUST1162,Mouse,Accessories,West,3.0,800,0.15,2040.0,1260,App,Sale,780.0,0.38235294117647056
ORD02111,2025-07-01,CUST1327,Tablet,Electronics,South,-2.0,22000,0.2,-35200.0,-31000,App,Return,-4200.0,
ORD02112,2025-05-09,CUST1000,Headphones,Accessories,North,5.0,2500,0.2,10000.0,6750,Marketplace,Sale,3250.0,0.325
ORD02113,2025-05-19,CUST1170,Laptop,Electronics,North,2.0,55000,0.0,110000.0,72000,Website,Sale,38000.0,0.34545454545454546
ORD02114,2025-08-28,CUST1340,Keyboard,Accessories,East,2.0,1500,0.0,3000.0,1700,App,Sale,1300.0,0.43333333333333335
ORD02115,2025-08-12,CUST1351,Headphones,Accessories,South,1.0,2500,0.1,2250.0,1350,App,Sale,900.0,0.4
ORD02116,2025-01-02,CUST1356,Smartphone,Electronics,East,5.0,28000,0.1,126000.0,102500,Website,Sale,23500.0,0.1865079365079365
ORD02117,2025-10-20,CUST1377,Mouse,Accessories,South,6.0,800,0.05,4560.0,2520,App,Sale,2040.0,0.4473684210526316
ORD02118,2025-12-07,CUST1050,Keyboard,Accessories,West,2.0,1500,0.15,2550.0,1700,App,Sale,850.0,0.3333333333333333
ORD02119,2025-12-25,CUST1190,Webcam,Accessories,East,2.0,3200,0.2,5120.0,3800,App,Sale,1320.0,0.2578125
ORD02120,2025-02-16,CUST1288,Smartphone,Electronics,North,3.0,28000,0.05,79800.0,61500,App,Sale,18300.0,0.22932330827067668
ORD02121,2025-10-31,CUST1334,Webcam,Accessories,West,2.0,3200,0.05,6080.0,3800,App,Sale,2280.0,0.375
ORD02122,2025-09-15,CUST1018,Smartphone,Electronics,East,2.0,28000,0.05,53200.0,41000,Website,Sale,12200.0,0.22932330827067668
ORD02123,2025-06-11,CUST1297,Tablet,Electronics,East,1.0,22000,0.2,17600.0,15500,Website,Sale,2100.0,0.11931818181818182
ORD02124,2025-11-18,CUST1431,Tablet,Electronics,South,3.0,22000,0.1,59400.0,46500,Website,Sale,12900.0,0.21717171717171718
ORD02125,2025-09-21,CUST1189,Monitor,Electronics,North,3.0,12000,0.15,30600.0,22800,Website,Sale,7800.0,0.2549019607843137
ORD02126,2025-03-27,CUST1268,Mouse,Accessories,South,5.0,800,0.1,3600.0,2100,Website,Sale,1500.0,0.4166666666666667
ORD02127,2025-12-17,CUST1058,Monitor,Electronics,East,2.0,12000,0.05,22800.0,15200,App,Sale,7600.0,0.3333333333333333
ORD02128,2025-01-15,CUST1079,Headphones,Accessories,South,6.0,2500,0.0,15000.0,8100,App,Sale,6900.0,0.46
ORD02129,2025-09-25,CUST1003,Monitor,Electronics,West,5.0,12000,0.05,57000.0,38000,App,Sale,19000.0,0.3333333333333333
ORD02130,2025-01-19,CUST1198,Tablet,Electronics,South,5.0,22000,0.05,104500.0,77500,App,Sale,27000.0,0.2583732057416268
ORD02131,2025-05-21,CUST1124,Webcam,Accessories,North,6.0,3200,0.1,17280.0,11400,Website,Sale,5880.0,0.3402777777777778
ORD02132,2025-09-09,CUST1353,Webcam,Accessories,East,5.0,3200,0.05,15200.0,9500,Website,Sale,5700.0,0.375
ORD02133,2025-08-15,CUST1348,Monitor,Electronics,East,2.0,12000,0.05,22800.0,15200,Website,Sale,7600.0,0.3333333333333333
ORD02134,2025-12-13,CUST1264,Smartphone,Electronics,East,6.0,28000,0.0,168000.0,123000,Marketplace,Sale,45000.0,0.26785714285714285
ORD02135,2025-05-15,CUST1032,Headphones,Accessories,West,5.0,2500,0.2,10000.0,6750,Website,Sale,3250.0,0.325
ORD02136,2025-11-30,CUST1058,Smartphone,Electronics,East,2.0,28000,0.1,50400.0,41000,Website,Sale,9400.0,0.1865079365079365
ORD02137,2025-10-01,CUST1275,Laptop,Electronics,South,5.0,55000,0.15,233750.0,180000,App,Sale,53750.0,0.22994652406417113
ORD02138,2025-11-24,CUST1294,Keyboard,Accessories,North,3.0,1500,0.15,3825.0,2550,App,Sale,1275.0,0.3333333333333333
ORD02139,2025-05-08,CUST1313,Webcam,Accessories,South,3.0,3200,0.0,9600.0,5700,Website,Sale,3900.0,0.40625
ORD02140,2025-09-17,CUST1307,Monitor,Electronics,South,3.0,12000,0.2,28800.0,22800,App,Sale,6000.0,0.20833333333333334
ORD02141,2025-06-12,CUST1363,Monitor,Electronics,North,5.0,12000,0.15,51000.0,38000,Website,Sale,13000.0,0.2549019607843137
ORD02142,2025-06-19,CUST1153,Keyboard,Accessories,East,6.0,1500,0.05,8550.0,5100,Marketplace,Sale,3450.0,0.40350877192982454
ORD02143,2025-02-05,CUST1238,Keyboard,Accessories,East,5.0,1500,0.05,7125.0,4250,Marketplace,Sale,2875.0,0.40350877192982454
ORD02144,2025-07-16,CUST1278,Keyboard,Accessories,North,4.0,1500,0.05,5700.0,3400,Website,Sale,2300.0,0.40350877192982454
ORD02145,2025-05-18,CUST1084,Monitor,Electronics,South,4.0,12000,0.0,48000.0,30400,Website,Sale,17600.0,0.36666666666666664
ORD02146,2025-07-27,CUST1428,Monitor,Electronics,West,6.0,12000,0.1,64800.0,45600,Website,Sale,19200.0,0.2962962962962963
ORD02147,2025-12-24,CUST1013,Keyboard,Accessories,South,5.0,1500,0.05,7125.0,4250,App,Sale,2875.0,0.40350877192982454
ORD02148,2025-03-06,CUST1415,Keyboard,Accessories,East,6.0,1500,0.05,8550.0,5100,Marketplace,Sale,3450.0,0.40350877192982454
ORD02149,2025-01-16,CUST1193,Webcam,Accessories,North,6.0,3200,0.05,18240.0,11400,App,Sale,6840.0,0.375
ORD02150,2025-07-13,CUST1123,Webcam,Accessories,East,1.0,3200,0.0,3200.0,1900,Website,Sale,1300.0,0.40625
ORD02151,2025-10-03,CUST1371,Mouse,Accessories,West,3.0,800,0.2,1920.0,1260,App,Sale,660.0,0.34375
ORD02152,2025-04-24,CUST1167,Headphones,Accessories,East,5.0,2500,0.0,12500.0,6750,Marketplace,Sale,5750.0,0.46
ORD02153,2025-07-26,CUST1032,Keyboard,Accessories,East,1.0,1500,0.2,1200.0,850,Website,Sale,350.0,0.2916666666666667
ORD02154,2025-07-04,CUST1126,Keyboard,Accessories,South,2.0,1500,0.15,2550.0,1700,Website,Sale,850.0,0.3333333333333333
ORD02155,2025-04-22,CUST1298,Headphones,Accessories,South,6.0,2500,0.15,12750.0,8100,App,Sale,4650.0,0.36470588235294116
ORD02156,2025-06-09,CUST1439,Webcam,Accessories,East,3.0,3200,0.0,9600.0,5700,App,Sale,3900.0,0.40625
ORD02157,2025-06-15,CUST1399,Headphones,Accessories,South,3.0,2500,0.0,7500.0,4050,Marketplace,Sale,3450.0,0.46
ORD02158,2025-10-09,CUST1153,Smartphone,Electronics,South,2.0,28000,0.2,44800.0,41000,App,Sale,3800.0,0.08482142857142858
ORD02159,2025-02-03,CUST1351,Headphones,Accessories,North,3.0,2500,0.15,6375.0,4050,App,Sale,2325.0,0.36470588235294116
ORD02160,2025-03-18,CUST1109,Monitor,Electronics,East,3.0,12000,0.2,28800.0,22800,Website,Sale,6000.0,0.20833333333333334
ORD02161,2025-05-29,CUST1048,Headphones,Accessories,North,3.0,2500,0.05,7125.0,4050,App,Sale,3075.0,0.43157894736842106
ORD02162,2025-07-11,CUST1105,Laptop,Electronics,East,1.0,55000,0.2,44000.0,36000,Website,Sale,8000.0,0.18181818181818182
ORD02163,2025-02-03,CUST1248,Webcam,Accessories,North,4.0,3200,0.2,10240.0,7600,App,Sale,2640.0,0.2578125
ORD02164,2025-08-22,CUST1389,Webcam,Accessories,North,6.0,3200,0.2,15360.0,11400,Website,Sale,3960.0,0.2578125
ORD02165,2025-11-25,CUST1414,Laptop,Electronics,East,2.0,55000,0.15,93500.0,72000,Marketplace,Sale,21500.0,0.22994652406417113
ORD02166,2025-04-02,CUST1094,Mouse,Accessories,West,1.0,800,0.15,680.0,420,Marketplace,Sale,260.0,0.38235294117647056
ORD02167,2025-11-28,CUST1379,Laptop,Electronics,East,6.0,55000,0.1,297000.0,216000,App,Sale,81000.0,0.2727272727272727
ORD02168,2025-01-14,CUST1009,Tablet,Electronics,East,1.0,22000,0.0,22000.0,15500,Website,Sale,6500.0,0.29545454545454547
ORD02169,2025-08-06,CUST1163,Smartphone,Electronics,North,2.0,28000,0.05,53200.0,41000,App,Sale,12200.0,0.22932330827067668
ORD02170,2025-04-05,CUST1435,Laptop,Electronics,East,3.0,55000,0.15,140250.0,108000,App,Sale,32250.0,0.22994652406417113
ORD02171,2025-12-05,CUST1186,Mouse,Accessories,West,2.0,800,0.2,1280.0,840,Website,Sale,440.0,0.34375
ORD02172,2025-04-20,CUST1155,Keyboard,Accessories,West,3.0,1500,0.15,3825.0,2550,Marketplace,Sale,1275.0,0.3333333333333333
ORD02173,2025-06-02,CUST1098,Webcam,Accessories,South,1.0,3200,0.05,3040.0,1900,Website,Sale,1140.0,0.375
ORD02174,2025-10-26,CUST1141,Webcam,Accessories,North,4.0,3200,0.15,10880.0,7600,Marketplace,Sale,3280.0,0.3014705882352941
ORD02175,2025-01-04,CUST1196,Mouse,Accessories,West,3.0,800,0.15,2040.0,1260,Marketplace,Sale,780.0,0.38235294117647056
ORD02176,2025-06-20,CUST1189,Monitor,Electronics,East,3.0,12000,0.15,30600.0,22800,App,Sale,7800.0,0.2549019607843137
ORD02177,2025-02-01,CUST1112,Webcam,Accessories,East,4.0,3200,0.1,11520.0,7600,App,Sale,3920.0,0.3402777777777778
ORD02178,2025-12-24,CUST1341,Keyboard,Accessories,South,4.0,1500,0.1,5400.0,3400,App,Sale,2000.0,0.37037037037037035
ORD02179,2025-10-25,CUST1078,Webcam,Accessories,South,2.0,3200,0.2,5120.0,3800,Website,Sale,1320.0,0.2578125
ORD02180,2025-09-10,CUST1442,Keyboard,Accessories,West,1.0,1500,0.1,1350.0,850,App,Sale,500.0,0.37037037037037035
ORD02181,2025-11-17,CUST1280,Mouse,Accessories,South,3.0,800,0.1,2160.0,1260,Website,Sale,900.0,0.4166666666666667
ORD02182,2025-05-07,CUST1289,Laptop,Electronics,South,4.0,55000,0.0,220000.0,144000,App,Sale,76000.0,0.34545454545454546
ORD02183,2025-11-12,CUST1051,Monitor,Electronics,East,4.0,12000,0.0,48000.0,30400,App,Sale,17600.0,0.36666666666666664
ORD02184,2025-02-12,CUST1242,Tablet,Electronics,North,1.0,22000,0.0,22000.0,15500,Website,Sale,6500.0,0.29545454545454547
ORD02185,2025-12-20,CUST1283,Laptop,Electronics,North,1.0,55000,0.1,49500.0,36000,App,Sale,13500.0,0.2727272727272727
ORD02186,2025-03-13,CUST1203,Keyboard,Accessories,North,5.0,1500,0.05,7125.0,4250,Marketplace,Sale,2875.0,0.40350877192982454
ORD02187,2025-08-15,CUST1198,Headphones,Accessories,East,6.0,2500,0.1,13500.0,8100,Marketplace,Sale,5400.0,0.4
ORD02188,2025-07-27,CUST1005,Mouse,Accessories,East,5.0,800,0.0,4000.0,2100,App,Sale,1900.0,0.475
ORD02189,2025-05-15,CUST1367,Monitor,Electronics,West,6.0,12000,0.0,72000.0,45600,Website,Sale,26400.0,0.36666666666666664
ORD02190,2025-11-14,CUST1016,Laptop,Electronics,West,4.0,55000,0.2,176000.0,144000,Website,Sale,32000.0,0.18181818181818182
ORD02191,2025-03-28,CUST1374,Laptop,Electronics,East,1.0,55000,0.15,46750.0,36000,Website,Sale,10750.0,0.22994652406417113
ORD02192,2025-04-10,CUST1336,Keyboard,Accessories,South,3.0,1500,0.05,4275.0,2550,Marketplace,Sale,1725.0,0.40350877192982454
ORD02193,2025-10-01,CUST1036,Laptop,Electronics,West,5.0,55000,0.2,220000.0,180000,App,Sale,40000.0,0.18181818181818182
ORD02194,2025-04-21,CUST1395,Keyboard,Accessories,East,-2.0,1500,0.0,-3000.0,-1700,Marketplace,Return,-1300.0,
ORD02195,2025-12-02,CUST1060,Laptop,Electronics,North,2.0,55000,0.2,88000.0,72000,Website,Sale,16000.0,0.18181818181818182
ORD02196,2025-07-02,CUST1132,Laptop,Electronics,South,2.0,55000,0.1,99000.0,72000,Marketplace,Sale,27000.0,0.2727272727272727
ORD02197,2025-06-04,CUST1356,Smartphone,Electronics,South,1.0,28000,0.05,26600.0,20500,Website,Sale,6100.0,0.22932330827067668
ORD02198,2025-09-06,CUST1050,Mouse,Accessories,North,5.0,800,0.15,3400.0,2100,Website,Sale,1300.0,0.38235294117647056
ORD02199,2025-03-01,CUST1069,Smartphone,Electronics,West,6.0,28000,0.0,168000.0,123000,Website,Sale,45000.0,0.26785714285714285
ORD02200,2025-03-24,CUST1435,Monitor,Electronics,East,3.0,12000,0.0,36000.0,22800,App,Sale,13200.0,0.36666666666666664
ORD02201,2025-09-06,CUST1150,Mouse,Accessories,South,4.0,800,0.15,2720.0,1680,App,Sale,1040.0,0.38235294117647056
ORD02202,2025-02-06,CUST1062,Monitor,Electronics,East,1.0,12000,0.15,10200.0,7600,App,Sale,2600.0,0.2549019607843137
ORD02203,2025-08-05,CUST1042,Monitor,Electronics,South,3.0,12000,0.1,32400.0,22800,Marketplace,Sale,9600.0,0.2962962962962963
ORD02204,2025-01-27,CUST1416,Webcam,Accessories,South,6.0,3200,0.05,18240.0,11400,Marketplace,Sale,6840.0,0.375
ORD02205,2025-03-31,CUST1368,Keyboard,Accessories,South,1.0,1500,0.0,1500.0,850,Website,Sale,650.0,0.43333333333333335
ORD02206,2025-10-26,CUST1309,Keyboard,Accessories,North,5.0,1500,0.2,6000.0,4250,App,Sale,1750.0,0.2916666666666667
ORD02207,2025-04-24,CUST1221,Headphones,Accessories,South,1.0,2500,0.2,2000.0,1350,Website,Sale,650.0,0.325
ORD02208,2025-04-17,CUST1079,Keyboard,Accessories,South,2.0,1500,0.05,2850.0,1700,Marketplace,Sale,1150.0,0.40350877192982454
ORD02209,2025-07-27,CUST1150,Keyboard,Accessories,South,4.0,1500,0.0,6000.0,3400,Marketplace,Sale,2600.0,0.43333333333333335
ORD02210,2025-02-26,CUST1398,Webcam,Accessories,North,5.0,3200,0.15,13600.0,9500,Website,Sale,4100.0,0.3014705882352941
ORD02211,2025-11-23,CUST1248,Laptop,Electronics,South,6.0,55000,0.1,297000.0,216000,Website,Sale,81000.0,0.2727272727272727
ORD02212,2025-08-30,CUST1071,Mouse,Accessories,North,5.0,800,0.0,4000.0,2100,App,Sale,1900.0,0.475
ORD02213,2025-03-04,CUST1269,Smartphone,Electronics,North,3.0,28000,0.0,84000.0,61500,App,Sale,22500.0,0.26785714285714285
ORD02214,2025-11-01,CUST1231,Laptop,Electronics,North,3.0,55000,0.0,165000.0,108000,App,Sale,57000.0,0.34545454545454546
ORD02215,2025-07-10,CUST1099,Monitor,Electronics,East,2.0,12000,0.1,21600.0,15200,Website,Sale,6400.0,0.2962962962962963
ORD02216,2025-03-16,CUST1250,Smartphone,Electronics,North,1.0,28000,0.15,23800.0,20500,App,Sale,3300.0,0.13865546218487396
ORD02217,2025-08-26,CUST1052,Laptop,Electronics,East,2.0,55000,0.2,88000.0,72000,Marketplace,Sale,16000.0,0.18181818181818182
ORD02218,2025-05-05,CUST1147,Headphones,Accessories,West,2.0,2500,0.2,4000.0,2700,Website,Sale,1300.0,0.325
ORD02219,2025-05-28,CUST1011,Smartphone,Electronics,East,5.0,28000,0.0,140000.0,102500,Marketplace,Sale,37500.0,0.26785714285714285
ORD02220,2025-09-12,CUST1341,Laptop,Electronics,South,6.0,55000,0.05,313500.0,216000,App,Sale,97500.0,0.31100478468899523
ORD02221,2025-08-16,CUST1176,Mouse,Accessories,East,-2.0,800,0.15,-1360.0,-840,Marketplace,Return,-520.0,
ORD02222,2025-10-31,CUST1427,Laptop,Electronics,West,5.0,55000,0.1,247500.0,180000,App,Sale,67500.0,0.2727272727272727
ORD02223,2025-11-23,CUST1007,Keyboard,Accessories,South,3.0,1500,0.05,4275.0,2550,Website,Sale,1725.0,0.40350877192982454
ORD02224,2025-07-18,CUST1022,Tablet,Electronics,East,2.0,22000,0.05,41800.0,31000,App,Sale,10800.0,0.2583732057416268
ORD02225,2025-08-16,CUST1071,Mouse,Accessories,South,4.0,800,0.2,2560.0,1680,Website,Sale,880.0,0.34375
ORD02226,2025-09-20,CUST1151,Tablet,Electronics,West,6.0,22000,0.15,112200.0,93000,Website,Sale,19200.0,0.1711229946524064
ORD02227,2025-03-04,CUST1128,Laptop,Electronics,East,5.0,55000,0.1,247500.0,180000,App,Sale,67500.0,0.2727272727272727
ORD02228,2025-01-03,CUST1126,Monitor,Electronics,West,4.0,12000,0.05,45600.0,30400,App,Sale,15200.0,0.3333333333333333
ORD02229,2025-02-25,CUST1196,Headphones,Accessories,West,3.0,2500,0.15,6375.0,4050,App,Sale,2325.0,0.36470588235294116
ORD02230,2025-07-13,CUST1113,Keyboard,Accessories,North,2.0,1500,0.1,2700.0,1700,Marketplace,Sale,1000.0,0.37037037037037035
ORD02231,2025-12-12,CUST1268,Headphones,Accessories,North,2.0,2500,0.05,4750.0,2700,Marketplace,Sale,2050.0,0.43157894736842106
ORD02232,2025-01-11,CUST1226,Webcam,Accessories,West,4.0,3200,0.05,12160.0,7600,Marketplace,Sale,4560.0,0.375
ORD02233,2025-03-22,CUST1061,Smartphone,Electronics,South,1.0,28000,0.1,25200.0,20500,App,Sale,4700.0,0.1865079365079365
ORD02234,2025-04-01,CUST1384,Mouse,Accessories,South,4.0,800,0.0,3200.0,1680,Website,Sale,1520.0,0.475
ORD02235,2025-04-29,CUST1094,Laptop,Electronics,West,3.0,55000,0.2,132000.0,108000,Website,Sale,24000.0,0.18181818181818182
ORD02236,2025-10-12,CUST1250,Monitor,Electronics,North,5.0,12000,0.05,57000.0,38000,App,Sale,19000.0,0.3333333333333333
ORD02237,2025-02-01,CUST1074,Laptop,Electronics,East,2.0,55000,0.2,88000.0,72000,Website,Sale,16000.0,0.18181818181818182
ORD02238,2025-12-13,CUST1001,Tablet,Electronics,North,1.0,22000,0.2,17600.0,15500,App,Sale,2100.0,0.11931818181818182
ORD02239,2025-03-15,CUST1333,Keyboard,Accessories,West,3.0,1500,0.05,4275.0,2550,App,Sale,1725.0,0.40350877192982454
ORD02240,2025-02-08,CUST1006,Webcam,Accessories,North,3.0,3200,0.15,8160.0,5700,App,Sale,2460.0,0.3014705882352941
ORD02241,2025-06-01,CUST1364,Monitor,Electronics,North,1.0,12000,0.15,10200.0,7600,Marketplace,Sale,2600.0,0.2549019607843137
ORD02242,2025-04-01,CUST1420,Webcam,Accessories,East,1.0,3200,0.05,3040.0,1900,Website,Sale,1140.0,0.375
ORD02243,2025-10-08,CUST1345,Monitor,Electronics,West,6.0,12000,0.2,57600.0,45600,App,Sale,12000.0,0.20833333333333334
ORD02244,2025-12-15,CUST1069,Webcam,Accessories,South,6.0,3200,0.15,16320.0,11400,Website,Sale,4920.0,0.3014705882352941
ORD02245,2025-03-05,CUST1331,Smartphone,Electronics,West,1.0,28000,0.05,26600.0,20500,App,Sale,6100.0,0.22932330827067668
ORD02246,2025-09-12,CUST1382,Keyboard,Accessories,East,2.0,1500,0.2,2400.0,1700,Marketplace,Sale,700.0,0.2916666666666667
ORD02247,2025-05-06,CUST1306,Smartphone,Electronics,North,2.0,28000,0.0,56000.0,41000,Website,Sale,15000.0,0.26785714285714285
ORD02248,2025-07-14,CUST1410,Smartphone,Electronics,West,4.0,28000,0.2,89600.0,82000,Marketplace,Sale,7600.0,0.08482142857142858
ORD02249,2025-10-19,CUST1341,Headphones,Accessories,East,2.0,2500,0.2,4000.0,2700,Website,Sale,1300.0,0.325
ORD02250,2025-06-30,CUST1446,Webcam,Accessories,North,4.0,3200,0.1,11520.0,7600,App,Sale,3920.0,0.3402777777777778
ORD02251,2025-09-07,CUST1427,Headphones,Accessories,West,3.0,2500,0.05,7125.0,4050,Marketplace,Sale,3075.0,0.43157894736842106
ORD02252,2025-07-17,CUST1081,Webcam,Accessories,East,3.0,3200,0.2,7680.0,5700,App,Sale,1980.0,0.2578125
ORD02253,2025-05-28,CUST1211,Monitor,Electronics,North,1.0,12000,0.1,10800.0,7600,Website,Sale,3200.0,0.2962962962962963
ORD02254,2025-06-17,CUST1392,Headphones,Accessories,West,1.0,2500,0.05,2375.0,1350,Website,Sale,1025.0,0.43157894736842106
ORD02255,2025-12-31,CUST1131,Mouse,Accessories,East,6.0,800,0.1,4320.0,2520,App,Sale,1800.0,0.4166666666666667
ORD02256,2025-02-07,CUST1095,Monitor,Electronics,South,3.0,12000,0.15,30600.0,22800,Marketplace,Sale,7800.0,0.2549019607843137
ORD02257,2025-09-10,CUST1439,Laptop,Electronics,East,3.0,55000,0.1,148500.0,108000,Website,Sale,40500.0,0.2727272727272727
ORD02258,2025-09-24,CUST1047,Laptop,Electronics,North,4.0,55000,0.0,220000.0,144000,App,Sale,76000.0,0.34545454545454546
ORD02259,2025-05-05,CUST1162,Smartphone,Electronics,West,6.0,28000,0.0,168000.0,123000,Website,Sale,45000.0,0.26785714285714285
ORD02260,2025-07-24,CUST1434,Laptop,Electronics,East,4.0,55000,0.05,209000.0,144000,App,Sale,65000.0,0.31100478468899523
ORD02261,2025-08-07,CUST1420,Monitor,Electronics,North,1.0,12000,0.05,11400.0,7600,App,Sale,3800.0,0.3333333333333333
ORD02262,2025-05-30,CUST1104,Keyboard,Accessories,South,2.0,1500,0.15,2550.0,1700,Website,Sale,850.0,0.3333333333333333
ORD02263,2025-08-20,CUST1255,Webcam,Accessories,South,1.0,3200,0.2,2560.0,1900,Website,Sale,660.0,0.2578125
ORD02264,2025-12-24,CUST1448,Laptop,Electronics,South,3.0,55000,0.1,148500.0,108000,Website,Sale,40500.0,0.2727272727272727
ORD02265,2025-10-15,CUST1074,Webcam,Accessories,East,3.0,3200,0.2,7680.0,5700,Website,Sale,1980.0,0.2578125
ORD02266,2025-10-16,CUST1200,Laptop,Electronics,East,6.0,55000,0.0,330000.0,216000,App,Sale,114000.0,0.34545454545454546
ORD02267,2025-12-20,CUST1146,Laptop,Electronics,North,5.0,55000,0.0,275000.0,180000,Website,Sale,95000.0,0.34545454545454546
ORD02268,2025-05-25,CUST1038,Mouse,Accessories,East,1.0,800,0.1,720.0,420,Marketplace,Sale,300.0,0.4166666666666667
ORD02269,2025-04-08,CUST1163,Monitor,Electronics,North,3.0,12000,0.2,28800.0,22800,App,Sale,6000.0,0.20833333333333334
ORD02270,2025-01-22,CUST1229,Laptop,Electronics,East,1.0,55000,0.15,46750.0,36000,Website,Sale,10750.0,0.22994652406417113
ORD02271,2025-10-09,CUST1207,Monitor,Electronics,North,5.0,12000,0.0,60000.0,38000,App,Sale,22000.0,0.36666666666666664
ORD02272,2025-11-27,CUST1217,Tablet,Electronics,North,6.0,22000,0.0,132000.0,93000,Website,Sale,39000.0,0.29545454545454547
ORD02273,2025-02-27,CUST1339,Tablet,Electronics,West,4.0,22000,0.15,74800.0,62000,Website,Sale,12800.0,0.1711229946524064
ORD02274,2025-09-01,CUST1097,Headphones,Accessories,South,1.0,2500,0.1,2250.0,1350,App,Sale,900.0,0.4
ORD02275,2025-04-02,CUST1186,Webcam,Accessories,South,3.0,3200,0.15,8160.0,5700,App,Sale,2460.0,0.3014705882352941
ORD02276,2025-12-02,CUST1239,Smartphone,Electronics,South,3.0,28000,0.05,79800.0,61500,Website,Sale,18300.0,0.22932330827067668
ORD02277,2025-06-21,CUST1219,Monitor,Electronics,North,6.0,12000,0.1,64800.0,45600,App,Sale,19200.0,0.2962962962962963
ORD02278,2025-01-03,CUST1091,Smartphone,Electronics,West,5.0,28000,0.1,126000.0,102500,Website,Sale,23500.0,0.1865079365079365
ORD02279,2025-10-31,CUST1084,Mouse,Accessories,East,3.0,800,0.1,2160.0,1260,App,Sale,900.0,0.4166666666666667
ORD02280,2025-09-07,CUST1003,Monitor,Electronics,North,2.0,12000,0.0,24000.0,15200,Website,Sale,8800.0,0.36666666666666664
ORD02281,2025-06-03,CUST1247,Laptop,Electronics,West,6.0,55000,0.15,280500.0,216000,Website,Sale,64500.0,0.22994652406417113
ORD02282,2025-03-01,CUST1101,Keyboard,Accessories,North,2.0,1500,0.1,2700.0,1700,Website,Sale,1000.0,0.37037037037037035
ORD02283,2025-01-05,CUST1072,Monitor,Electronics,South,2.0,12000,0.0,24000.0,15200,Marketplace,Sale,8800.0,0.36666666666666664
ORD02284,2025-09-08,CUST1240,Laptop,Electronics,North,3.0,55000,0.15,140250.0,108000,Website,Sale,32250.0,0.22994652406417113
ORD02285,2025-03-03,CUST1395,Tablet,Electronics,East,1.0,22000,0.15,18700.0,15500,Website,Sale,3200.0,0.1711229946524064
ORD02286,2025-07-28,CUST1008,Webcam,Accessories,East,5.0,3200,0.05,15200.0,9500,App,Sale,5700.0,0.375
ORD02287,2025-03-24,CUST1355,Webcam,Accessories,East,6.0,3200,0.1,17280.0,11400,Website,Sale,5880.0,0.3402777777777778
ORD02288,2025-10-24,CUST1354,Keyboard,Accessories,South,2.0,1500,0.2,2400.0,1700,App,Sale,700.0,0.2916666666666667
ORD02289,2025-08-04,CUST1168,Monitor,Electronics,South,3.0,12000,0.15,30600.0,22800,Website,Sale,7800.0,0.2549019607843137
ORD02290,2025-01-23,CUST1178,Smartphone,Electronics,South,4.0,28000,0.0,112000.0,82000,App,Sale,30000.0,0.26785714285714285
ORD02291,2025-09-12,CUST1112,Tablet,Electronics,North,3.0,22000,0.2,52800.0,46500,App,Sale,6300.0,0.11931818181818182
ORD02292,2025-04-16,CUST1291,Monitor,Electronics,East,5.0,12000,0.05,57000.0,38000,Website,Sale,19000.0,0.3333333333333333
ORD02293,2025-05-05,CUST1415,Webcam,Accessories,South,6.0,3200,0.15,16320.0,11400,Website,Sale,4920.0,0.3014705882352941
ORD02294,2025-09-11,CUST1201,Webcam,Accessories,East,4.0,3200,0.1,11520.0,7600,App,Sale,3920.0,0.3402777777777778
ORD02295,2025-03-27,CUST1010,Smartphone,Electronics,South,3.0,28000,0.0,84000.0,61500,Website,Sale,22500.0,0.26785714285714285
ORD02296,2025-02-14,CUST1143,Webcam,Accessories,South,1.0,3200,0.1,2880.0,1900,Website,Sale,980.0,0.3402777777777778
ORD02297,2025-02-28,CUST1120,Mouse,Accessories,West,6.0,800,0.0,4800.0,2520,App,Sale,2280.0,0.475
ORD02298,2025-07-15,CUST1301,Mouse,Accessories,East,1.0,800,0.0,800.0,420,App,Sale,380.0,0.475
ORD02299,2025-10-29,CUST1437,Tablet,Electronics,North,5.0,22000,0.0,110000.0,77500,App,Sale,32500.0,0.29545454545454547
ORD02300,2025-09-27,CUST1319,Headphones,Accessories,North,6.0,2500,0.1,13500.0,8100,App,Sale,5400.0,0.4
ORD02301,2025-01-26,CUST1201,Mouse,Accessories,South,6.0,800,0.15,4080.0,2520,Website,Sale,1560.0,0.38235294117647056
ORD02302,2025-09-20,CUST1399,Smartphone,Electronics,South,6.0,28000,0.15,142800.0,123000,Marketplace,Sale,19800.0,0.13865546218487396
ORD02303,2025-08-23,CUST1018,Headphones,Accessories,South,6.0,2500,0.05,14250.0,8100,App,Sale,6150.0,0.43157894736842106
ORD02304,2025-04-19,CUST1316,Mouse,Accessories,South,1.0,800,0.2,640.0,420,Website,Sale,220.0,0.34375
ORD02305,2025-10-13,CUST1375,Keyboard,Accessories,South,2.0,1500,0.15,2550.0,1700,Website,Sale,850.0,0.3333333333333333
ORD02306,2025-02-23,CUST1245,Tablet,Electronics,South,4.0,22000,0.15,74800.0,62000,App,Sale,12800.0,0.1711229946524064
ORD02307,2025-10-05,CUST1012,Mouse,Accessories,South,4.0,800,0.2,2560.0,1680,Website,Sale,880.0,0.34375
ORD02308,2025-11-24,CUST1227,Webcam,Accessories,South,2.0,3200,0.2,5120.0,3800,App,Sale,1320.0,0.2578125
ORD02309,2025-01-06,CUST1086,Mouse,Accessories,South,4.0,800,0.15,2720.0,1680,App,Sale,1040.0,0.38235294117647056
ORD02310,2025-12-13,CUST1289,Laptop,Electronics,South,4.0,55000,0.1,198000.0,144000,Marketplace,Sale,54000.0,0.2727272727272727
ORD02311,2025-06-24,CUST1194,Tablet,Electronics,North,4.0,22000,0.05,83600.0,62000,App,Sale,21600.0,0.2583732057416268
ORD02312,2025-10-13,CUST1063,Laptop,Electronics,North,3.0,55000,0.0,165000.0,108000,Website,Sale,57000.0,0.34545454545454546
ORD02313,2025-06-18,CUST1444,Mouse,Accessories,East,5.0,800,0.0,4000.0,2100,Website,Sale,1900.0,0.475
ORD02314,2025-10-01,CUST1020,Monitor,Electronics,South,6.0,12000,0.0,72000.0,45600,Marketplace,Sale,26400.0,0.36666666666666664
ORD02315,2025-01-23,CUST1287,Smartphone,Electronics,West,3.0,28000,0.1,75600.0,61500,Marketplace,Sale,14100.0,0.1865079365079365
ORD02316,2025-11-24,CUST1063,Mouse,Accessories,South,6.0,800,0.0,4800.0,2520,Marketplace,Sale,2280.0,0.475
ORD02317,2025-11-21,CUST1205,Webcam,Accessories,North,6.0,3200,0.0,19200.0,11400,Marketplace,Sale,7800.0,0.40625
ORD02318,2025-03-18,CUST1196,Mouse,Accessories,North,2.0,800,0.15,1360.0,840,Website,Sale,520.0,0.38235294117647056
ORD02319,2025-09-13,CUST1071,Laptop,Electronics,East,2.0,55000,0.1,99000.0,72000,App,Sale,27000.0,0.2727272727272727
ORD02320,2025-08-20,CUST1253,Tablet,Electronics,South,6.0,22000,0.1,118800.0,93000,Website,Sale,25800.0,0.21717171717171718
ORD02321,2025-11-25,CUST1130,Webcam,Accessories,West,6.0,3200,0.2,15360.0,11400,App,Sale,3960.0,0.2578125
ORD02322,2025-09-10,CUST1143,Keyboard,Accessories,West,3.0,1500,0.1,4050.0,2550,App,Sale,1500.0,0.37037037037037035
ORD02323,2025-10-02,CUST1259,Webcam,Accessories,East,3.0,3200,0.2,7680.0,5700,App,Sale,1980.0,0.2578125
ORD02324,2025-04-28,CUST1426,Headphones,Accessories,West,6.0,2500,0.2,12000.0,8100,Website,Sale,3900.0,0.325
ORD02325,2025-06-03,CUST1186,Mouse,Accessories,North,2.0,800,0.0,1600.0,840,App,Sale,760.0,0.475
ORD02326,2025-08-11,CUST1336,Smartphone,Electronics,East,6.0,28000,0.15,142800.0,123000,Marketplace,Sale,19800.0,0.13865546218487396
ORD02327,2025-05-05,CUST1163,Headphones,Accessories,East,5.0,2500,0.0,12500.0,6750,Website,Sale,5750.0,0.46
ORD02328,2025-11-02,CUST1234,Keyboard,Accessories,South,4.0,1500,0.15,5100.0,3400,App,Sale,1700.0,0.3333333333333333
ORD02329,2025-11-04,CUST1432,Tablet,Electronics,East,4.0,22000,0.05,83600.0,62000,Marketplace,Sale,21600.0,0.2583732057416268
ORD02330,2025-11-22,CUST1171,Laptop,Electronics,East,2.0,55000,0.2,88000.0,72000,Website,Sale,16000.0,0.18181818181818182
ORD02331,2025-01-07,CUST1287,Smartphone,Electronics,South,6.0,28000,0.0,168000.0,123000,Marketplace,Sale,45000.0,0.26785714285714285
ORD02332,2025-04-27,CUST1422,Tablet,Electronics,West,5.0,22000,0.1,99000.0,77500,App,Sale,21500.0,0.21717171717171718
ORD02333,2025-06-19,CUST1140,Monitor,Electronics,South,1.0,12000,0.05,11400.0,7600,Website,Sale,3800.0,0.3333333333333333
ORD02334,2025-07-03,CUST1093,Tablet,Electronics,East,3.0,22000,0.05,62700.0,46500,Website,Sale,16200.0,0.2583732057416268
ORD02335,2025-12-21,CUST1178,Headphones,Accessories,North,4.0,2500,0.05,9500.0,5400,Marketplace,Sale,4100.0,0.43157894736842106
ORD02336,2025-11-20,CUST1176,Monitor,Electronics,East,5.0,12000,0.05,57000.0,38000,App,Sale,19000.0,0.3333333333333333
ORD02337,2025-12-19,CUST1212,Laptop,Electronics,South,4.0,55000,0.05,209000.0,144000,Website,Sale,65000.0,0.31100478468899523
ORD02338,2025-05-09,CUST1368,Smartphone,Electronics,East,1.0,28000,0.1,25200.0,20500,App,Sale,4700.0,0.1865079365079365
ORD02339,2025-08-06,CUST1261,Monitor,Electronics,South,2.0,12000,0.15,20400.0,15200,Website,Sale,5200.0,0.2549019607843137
ORD02340,2025-07-20,CUST1123,Laptop,Electronics,East,4.0,55000,0.2,176000.0,144000,App,Sale,32000.0,0.18181818181818182
ORD02341,2025-11-13,CUST1364,Monitor,Electronics,North,4.0,12000,0.15,40800.0,30400,App,Sale,10400.0,0.2549019607843137
ORD02342,2025-10-04,CUST1088,Smartphone,Electronics,South,6.0,28000,0.15,142800.0,123000,Marketplace,Sale,19800.0,0.13865546218487396
ORD02343,2025-04-28,CUST1332,Laptop,Electronics,South,3.0,55000,0.2,132000.0,108000,Marketplace,Sale,24000.0,0.18181818181818182
ORD02344,2025-08-11,CUST1402,Keyboard,Accessories,North,3.0,1500,0.0,4500.0,2550,App,Sale,1950.0,0.43333333333333335
ORD02345,2025-05-11,CUST1056,Headphones,Accessories,East,3.0,2500,0.15,6375.0,4050,App,Sale,2325.0,0.36470588235294116
ORD02346,2025-01-13,CUST1127,Keyboard,Accessories,North,2.0,1500,0.0,3000.0,1700,Marketplace,Sale,1300.0,0.43333333333333335
ORD02347,2025-04-26,CUST1060,Laptop,Electronics,North,6.0,55000,0.05,313500.0,216000,Marketplace,Sale,97500.0,0.31100478468899523
ORD02348,2025-01-09,CUST1414,Monitor,Electronics,West,6.0,12000,0.15,61200.0,45600,App,Sale,15600.0,0.2549019607843137
ORD02349,2025-03-24,CUST1117,Webcam,Accessories,South,2.0,3200,0.2,5120.0,3800,App,Sale,1320.0,0.2578125
ORD02350,2025-02-20,CUST1111,Mouse,Accessories,West,4.0,800,0.2,2560.0,1680,Website,Sale,880.0,0.34375
ORD02351,2025-02-28,CUST1329,Smartphone,Electronics,East,5.0,28000,0.2,112000.0,102500,App,Sale,9500.0,0.08482142857142858
ORD02352,2025-11-13,CUST1414,Headphones,Accessories,North,2.0,2500,0.0,5000.0,2700,App,Sale,2300.0,0.46
ORD02353,2025-11-27,CUST1381,Mouse,Accessories,South,5.0,800,0.15,3400.0,2100,Marketplace,Sale,1300.0,0.38235294117647056
ORD02354,2025-01-29,CUST1332,Headphones,Accessories,East,5.0,2500,0.15,10625.0,6750,Website,Sale,3875.0,0.36470588235294116
ORD02355,2025-11-06,CUST1152,Mouse,Accessories,North,3.0,800,0.15,2040.0,1260,App,Sale,780.0,0.38235294117647056
ORD02356,2025-03-05,CUST1228,Monitor,Electronics,North,1.0,12000,0.0,12000.0,7600,Marketplace,Sale,4400.0,0.36666666666666664
ORD02357,2025-02-21,CUST1001,Keyboard,Accessories,North,4.0,1500,0.0,6000.0,3400,App,Sale,2600.0,0.43333333333333335
ORD02358,2025-03-28,CUST1385,Mouse,Accessories,North,2.0,800,0.0,1600.0,840,Website,Sale,760.0,0.475
ORD02359,2025-11-23,CUST1332,Webcam,Accessories,West,1.0,3200,0.05,3040.0,1900,App,Sale,1140.0,0.375
ORD02360,2025-07-14,CUST1219,Tablet,Electronics,North,6.0,22000,0.2,105600.0,93000,Website,Sale,12600.0,0.11931818181818182
ORD02361,2025-01-12,CUST1233,Monitor,Electronics,South,3.0,12000,0.0,36000.0,22800,Marketplace,Sale,13200.0,0.36666666666666664
ORD02362,2025-10-15,CUST1110,Laptop,Electronics,North,6.0,55000,0.2,264000.0,216000,Marketplace,Sale,48000.0,0.18181818181818182
ORD02363,2025-02-11,CUST1186,Monitor,Electronics,West,5.0,12000,0.1,54000.0,38000,App,Sale,16000.0,0.2962962962962963
ORD02364,2025-11-12,CUST1040,Headphones,Accessories,West,4.0,2500,0.0,10000.0,5400,Website,Sale,4600.0,0.46
ORD02365,2025-12-19,CUST1068,Webcam,Accessories,East,2.0,3200,0.15,5440.0,3800,Website,Sale,1640.0,0.3014705882352941
ORD02366,2025-08-14,CUST1278,Laptop,Electronics,North,3.0,55000,0.1,148500.0,108000,Website,Sale,40500.0,0.2727272727272727
ORD02367,2025-05-27,CUST1152,Smartphone,Electronics,West,2.0,28000,0.1,50400.0,41000,App,Sale,9400.0,0.1865079365079365
ORD02368,2025-09-11,CUST1213,Mouse,Accessories,South,1.0,800,0.1,720.0,420,Marketplace,Sale,300.0,0.4166666666666667
ORD02369,2025-03-31,CUST1272,Monitor,Electronics,South,3.0,12000,0.05,34200.0,22800,Website,Sale,11400.0,0.3333333333333333
ORD02370,2025-05-15,CUST1303,Keyboard,Accessories,West,4.0,1500,0.1,5400.0,3400,Website,Sale,2000.0,0.37037037037037035
ORD02371,2025-04-21,CUST1205,Mouse,Accessories,South,1.0,800,0.0,800.0,420,Website,Sale,380.0,0.475
ORD02372,2025-06-26,CUST1029,Smartphone,Electronics,North,6.0,28000,0.2,134400.0,123000,App,Sale,11400.0,0.08482142857142858
ORD02373,2025-05-24,CUST1041,Keyboard,Accessories,South,1.0,1500,0.15,1275.0,850,App,Sale,425.0,0.3333333333333333
ORD02374,2025-09-20,CUST1228,Tablet,Electronics,East,1.0,22000,0.2,17600.0,15500,Website,Sale,2100.0,0.11931818181818182
ORD02375,2025-11-30,CUST1426,Tablet,Electronics,East,3.0,22000,0.15,56100.0,46500,App,Sale,9600.0,0.1711229946524064
ORD02376,2025-11-11,CUST1063,Laptop,Electronics,North,3.0,55000,0.05,156750.0,108000,Website,Sale,48750.0,0.31100478468899523
ORD02377,2025-06-21,CUST1221,Monitor,Electronics,South,5.0,12000,0.2,48000.0,38000,Marketplace,Sale,10000.0,0.20833333333333334
ORD02378,2025-07-28,CUST1426,Webcam,Accessories,East,2.0,3200,0.0,6400.0,3800,App,Sale,2600.0,0.40625
ORD02379,2025-08-01,CUST1045,Keyboard,Accessories,South,5.0,1500,0.15,6375.0,4250,App,Sale,2125.0,0.3333333333333333
ORD02380,2025-12-20,CUST1058,Laptop,Electronics,South,4.0,55000,0.2,176000.0,144000,Website,Sale,32000.0,0.18181818181818182
ORD02381,2025-09-13,CUST1199,Tablet,Electronics,South,3.0,22000,0.05,62700.0,46500,App,Sale,16200.0,0.2583732057416268
ORD02382,2025-08-04,CUST1296,Mouse,Accessories,East,1.0,800,0.15,680.0,420,Website,Sale,260.0,0.38235294117647056
ORD02383,2025-06-08,CUST1190,Laptop,Electronics,East,2.0,55000,0.15,93500.0,72000,App,Sale,21500.0,0.22994652406417113
ORD02384,2025-04-26,CUST1078,Webcam,Accessories,East,2.0,3200,0.2,5120.0,3800,App,Sale,1320.0,0.2578125
ORD02385,2025-11-06,CUST1426,Smartphone,Electronics,South,3.0,28000,0.1,75600.0,61500,App,Sale,14100.0,0.1865079365079365
ORD02386,2025-06-15,CUST1054,Monitor,Electronics,South,6.0,12000,0.1,64800.0,45600,App,Sale,19200.0,0.2962962962962963
ORD02387,2025-07-27,CUST1422,Webcam,Accessories,East,2.0,3200,0.2,5120.0,3800,App,Sale,1320.0,0.2578125
ORD02388,2025-09-05,CUST1004,Monitor,Electronics,East,3.0,12000,0.15,30600.0,22800,Website,Sale,7800.0,0.2549019607843137
ORD02389,2025-11-03,CUST1185,Headphones,Accessories,North,5.0,2500,0.0,12500.0,6750,App,Sale,5750.0,0.46
ORD02390,2025-08-26,CUST1359,Keyboard,Accessories,West,6.0,1500,0.0,9000.0,5100,App,Sale,3900.0,0.43333333333333335
ORD02391,2025-06-18,CUST1110,Monitor,Electronics,West,4.0,12000,0.15,40800.0,30400,App,Sale,10400.0,0.2549019607843137
ORD02392,2025-08-08,CUST1005,Tablet,Electronics,South,6.0,22000,0.05,125400.0,93000,Marketplace,Sale,32400.0,0.2583732057416268
ORD02393,2025-09-03,CUST1415,Smartphone,Electronics,West,6.0,28000,0.1,151200.0,123000,App,Sale,28200.0,0.1865079365079365
ORD02394,2025-04-05,CUST1332,Webcam,Accessories,East,3.0,3200,0.1,8640.0,5700,Marketplace,Sale,2940.0,0.3402777777777778
ORD02395,2025-03-28,CUST1003,Keyboard,Accessories,East,2.0,1500,0.0,3000.0,1700,Website,Sale,1300.0,0.43333333333333335
ORD02396,2025-07-30,CUST1213,Monitor,Electronics,North,1.0,12000,0.2,9600.0,7600,App,Sale,2000.0,0.20833333333333334
ORD02397,2025-10-22,CUST1098,Keyboard,Accessories,East,4.0,1500,0.1,5400.0,3400,Marketplace,Sale,2000.0,0.37037037037037035
ORD02398,2025-11-22,CUST1197,Headphones,Accessories,South,1.0,2500,0.2,2000.0,1350,Website,Sale,650.0,0.325
ORD02399,2025-01-14,CUST1018,Headphones,Accessories,South,4.0,2500,0.1,9000.0,5400,App,Sale,3600.0,0.4
ORD02400,2025-03-09,CUST1396,Webcam,Accessories,East,4.0,3200,0.2,10240.0,7600,App,Sale,2640.0,0.2578125
ORD02401,2025-04-29,CUST1311,Monitor,Electronics,East,5.0,12000,0.1,54000.0,38000,App,Sale,16000.0,0.2962962962962963
ORD02402,2025-04-29,CUST1262,Keyboard,Accessories,East,6.0,1500,0.05,8550.0,5100,Website,Sale,3450.0,0.40350877192982454
ORD02403,2025-08-04,CUST1131,Keyboard,Accessories,East,6.0,1500,0.2,7200.0,5100,Website,Sale,2100.0,0.2916666666666667
ORD02404,2025-09-27,CUST1415,Keyboard,Accessories,East,6.0,1500,0.0,9000.0,5100,App,Sale,3900.0,0.43333333333333335
ORD02405,2025-10-15,CUST1174,Smartphone,Electronics,North,5.0,28000,0.1,126000.0,102500,App,Sale,23500.0,0.1865079365079365
ORD02406,2025-06-27,CUST1127,Headphones,Accessories,East,5.0,2500,0.1,11250.0,6750,App,Sale,4500.0,0.4
ORD02407,2025-08-05,CUST1168,Mouse,Accessories,West,3.0,800,0.2,1920.0,1260,Website,Sale,660.0,0.34375
ORD02408,2025-09-10,CUST1281,Laptop,Electronics,West,1.0,55000,0.2,44000.0,36000,App,Sale,8000.0,0.18181818181818182
ORD02409,2025-05-21,CUST1301,Webcam,Accessories,North,6.0,3200,0.15,16320.0,11400,Marketplace,Sale,4920.0,0.3014705882352941
ORD02410,2025-08-22,CUST1299,Monitor,Electronics,East,4.0,12000,0.0,48000.0,30400,Marketplace,Sale,17600.0,0.36666666666666664
ORD02411,2025-11-15,CUST1407,Monitor,Electronics,South,1.0,12000,0.0,12000.0,7600,Website,Sale,4400.0,0.36666666666666664
ORD02412,2025-02-22,CUST1039,Tablet,Electronics,North,3.0,22000,0.15,56100.0,46500,Website,Sale,9600.0,0.1711229946524064
ORD02413,2025-11-01,CUST1104,Webcam,Accessories,South,4.0,3200,0.1,11520.0,7600,Marketplace,Sale,3920.0,0.3402777777777778
ORD02414,2025-11-09,CUST1400,Headphones,Accessories,East,1.0,2500,0.1,2250.0,1350,App,Sale,900.0,0.4
ORD02415,2025-04-28,CUST1091,Keyboard,Accessories,West,1.0,1500,0.05,1425.0,850,Website,Sale,575.0,0.40350877192982454
ORD02416,2025-08-30,CUST1169,Smartphone,Electronics,East,3.0,28000,0.15,71400.0,61500,App,Sale,9900.0,0.13865546218487396
ORD02417,2025-10-03,CUST1263,Tablet,Electronics,North,4.0,22000,0.05,83600.0,62000,Website,Sale,21600.0,0.2583732057416268
ORD02418,2025-05-08,CUST1343,Keyboard,Accessories,East,5.0,1500,0.05,7125.0,4250,App,Sale,2875.0,0.40350877192982454
ORD02419,2025-06-29,CUST1307,Monitor,Electronics,East,1.0,12000,0.0,12000.0,7600,App,Sale,4400.0,0.36666666666666664
ORD02420,2025-11-29,CUST1235,Keyboard,Accessories,West,6.0,1500,0.2,7200.0,5100,Website,Sale,2100.0,0.2916666666666667
ORD02421,2025-01-25,CUST1110,Headphones,Accessories,South,4.0,2500,0.05,9500.0,5400,Marketplace,Sale,4100.0,0.43157894736842106
ORD02422,2025-04-19,CUST1119,Keyboard,Accessories,North,4.0,1500,0.2,4800.0,3400,App,Sale,1400.0,0.2916666666666667
ORD02423,2025-04-11,CUST1229,Tablet,Electronics,East,6.0,22000,0.15,112200.0,93000,Website,Sale,19200.0,0.1711229946524064
ORD02424,2025-08-17,CUST1069,Headphones,Accessories,West,4.0,2500,0.15,8500.0,5400,Website,Sale,3100.0,0.36470588235294116
ORD02425,2025-10-03,CUST1416,Laptop,Electronics,East,5.0,55000,0.2,220000.0,180000,Website,Sale,40000.0,0.18181818181818182
ORD02426,2025-07-11,CUST1070,Keyboard,Accessories,East,6.0,1500,0.05,8550.0,5100,App,Sale,3450.0,0.40350877192982454
ORD02427,2025-08-17,CUST1144,Keyboard,Accessories,East,1.0,1500,0.05,1425.0,850,App,Sale,575.0,0.40350877192982454
ORD02428,2025-12-01,CUST1152,Tablet,Electronics,East,3.0,22000,0.0,66000.0,46500,Website,Sale,19500.0,0.29545454545454547
ORD02429,2025-04-17,CUST1292,Mouse,Accessories,South,1.0,800,0.2,640.0,420,Website,Sale,220.0,0.34375
ORD02430,2025-07-29,CUST1175,Headphones,Accessories,East,6.0,2500,0.2,12000.0,8100,Marketplace,Sale,3900.0,0.325
ORD02431,2025-02-12,CUST1210,Headphones,Accessories,North,2.0,2500,0.1,4500.0,2700,Website,Sale,1800.0,0.4
ORD02432,2025-01-19,CUST1299,Laptop,Electronics,South,5.0,55000,0.0,275000.0,180000,Marketplace,Sale,95000.0,0.34545454545454546
ORD02433,2025-08-04,CUST1257,Webcam,Accessories,West,3.0,3200,0.0,9600.0,5700,Marketplace,Sale,3900.0,0.40625
ORD02434,2025-07-25,CUST1261,Keyboard,Accessories,South,6.0,1500,0.1,8100.0,5100,Website,Sale,3000.0,0.37037037037037035
ORD02435,2025-09-19,CUST1280,Laptop,Electronics,South,3.0,55000,0.15,140250.0,108000,App,Sale,32250.0,0.22994652406417113
ORD02436,2025-01-09,CUST1008,Smartphone,Electronics,North,3.0,28000,0.15,71400.0,61500,Website,Sale,9900.0,0.13865546218487396
ORD02437,2025-05-22,CUST1254,Mouse,Accessories,East,6.0,800,0.05,4560.0,2520,Website,Sale,2040.0,0.4473684210526316
ORD02438,2025-11-06,CUST1034,Tablet,Electronics,East,6.0,22000,0.05,125400.0,93000,Website,Sale,32400.0,0.2583732057416268
ORD02439,2025-04-21,CUST1109,Webcam,Accessories,East,4.0,3200,0.0,12800.0,7600,Website,Sale,5200.0,0.40625
ORD02440,2025-10-05,CUST1001,Headphones,Accessories,North,2.0,2500,0.1,4500.0,2700,Marketplace,Sale,1800.0,0.4
ORD02441,2025-05-25,CUST1429,Smartphone,Electronics,North,6.0,28000,0.05,159600.0,123000,App,Sale,36600.0,0.22932330827067668
ORD02442,2025-12-16,CUST1154,Webcam,Accessories,North,4.0,3200,0.1,11520.0,7600,App,Sale,3920.0,0.3402777777777778
ORD02443,2025-07-07,CUST1214,Mouse,Accessories,North,1.0,800,0.05,760.0,420,Website,Sale,340.0,0.4473684210526316
ORD02444,2025-06-28,CUST1175,Headphones,Accessories,East,6.0,2500,0.05,14250.0,8100,App,Sale,6150.0,0.43157894736842106
ORD02445,2025-01-30,CUST1169,Keyboard,Accessories,North,6.0,1500,0.0,9000.0,5100,Website,Sale,3900.0,0.43333333333333335
ORD02446,2025-12-07,CUST1159,Smartphone,Electronics,North,2.0,28000,0.2,44800.0,41000,Website,Sale,3800.0,0.08482142857142858
ORD02447,2025-10-08,CUST1419,Laptop,Electronics,West,6.0,55000,0.0,330000.0,216000,App,Sale,114000.0,0.34545454545454546
ORD02448,2025-05-13,CUST1294,Smartphone,Electronics,East,3.0,28000,0.05,79800.0,61500,App,Sale,18300.0,0.22932330827067668
ORD02449,2025-01-27,CUST1151,Monitor,Electronics,North,2.0,12000,0.0,24000.0,15200,Marketplace,Sale,8800.0,0.36666666666666664
ORD02450,2025-07-25,CUST1434,Mouse,Accessories,North,1.0,800,0.1,720.0,420,Marketplace,Sale,300.0,0.4166666666666667
ORD02451,2025-04-25,CUST1343,Laptop,Electronics,North,3.0,55000,0.1,148500.0,108000,App,Sale,40500.0,0.2727272727272727
ORD02452,2025-07-28,CUST1121,Keyboard,Accessories,East,6.0,1500,0.1,8100.0,5100,Marketplace,Sale,3000.0,0.37037037037037035
ORD02453,2025-06-05,CUST1174,Smartphone,Electronics,West,5.0,28000,0.2,112000.0,102500,Marketplace,Sale,9500.0,0.08482142857142858
ORD02454,2025-12-17,CUST1328,Monitor,Electronics,North,1.0,12000,0.15,10200.0,7600,Website,Sale,2600.0,0.2549019607843137
ORD02455,2025-01-09,CUST1274,Smartphone,Electronics,East,2.0,28000,0.1,50400.0,41000,App,Sale,9400.0,0.1865079365079365
ORD02456,2025-06-03,CUST1332,Monitor,Electronics,East,6.0,12000,0.15,61200.0,45600,App,Sale,15600.0,0.2549019607843137
ORD02457,2025-10-19,CUST1381,Laptop,Electronics,East,5.0,55000,0.05,261250.0,180000,App,Sale,81250.0,0.31100478468899523
ORD02458,2025-04-28,CUST1025,Headphones,Accessories,South,4.0,2500,0.05,9500.0,5400,App,Sale,4100.0,0.43157894736842106
ORD02459,2025-01-16,CUST1130,Tablet,Electronics,North,3.0,22000,0.2,52800.0,46500,Website,Sale,6300.0,0.11931818181818182
ORD02460,2025-03-04,CUST1169,Headphones,Accessories,North,1.0,2500,0.1,2250.0,1350,Website,Sale,900.0,0.4
ORD02461,2025-12-28,CUST1405,Webcam,Accessories,South,1.0,3200,0.15,2720.0,1900,Marketplace,Sale,820.0,0.3014705882352941
ORD02462,2025-01-07,CUST1354,Headphones,Accessories,East,3.0,2500,0.15,6375.0,4050,Website,Sale,2325.0,0.36470588235294116
ORD02463,2025-10-24,CUST1223,Monitor,Electronics,South,6.0,12000,0.2,57600.0,45600,Marketplace,Sale,12000.0,0.20833333333333334
ORD02464,2025-04-15,CUST1271,Webcam,Accessories,North,3.0,3200,0.1,8640.0,5700,Website,Sale,2940.0,0.3402777777777778
ORD02465,2025-07-15,CUST1331,Mouse,Accessories,South,1.0,800,0.05,760.0,420,App,Sale,340.0,0.4473684210526316
ORD02466,2025-01-12,CUST1340,Mouse,Accessories,North,5.0,800,0.15,3400.0,2100,App,Sale,1300.0,0.38235294117647056
ORD02467,2025-11-12,CUST1438,Laptop,Electronics,North,2.0,55000,0.1,99000.0,72000,Marketplace,Sale,27000.0,0.2727272727272727
ORD02468,2025-05-06,CUST1235,Keyboard,Accessories,South,3.0,1500,0.0,4500.0,2550,Website,Sale,1950.0,0.43333333333333335
ORD02469,2025-07-05,CUST1376,Tablet,Electronics,South,2.0,22000,0.2,35200.0,31000,Website,Sale,4200.0,0.11931818181818182
ORD02470,2025-10-16,CUST1442,Mouse,Accessories,North,2.0,800,0.15,1360.0,840,Website,Sale,520.0,0.38235294117647056
ORD02471,2025-11-17,CUST1188,Webcam,Accessories,South,3.0,3200,0.15,8160.0,5700,App,Sale,2460.0,0.3014705882352941
ORD02472,2025-12-06,CUST1269,Smartphone,Electronics,South,5.0,28000,0.05,133000.0,102500,Marketplace,Sale,30500.0,0.22932330827067668
ORD02473,2025-04-18,CUST1248,Headphones,Accessories,South,4.0,2500,0.2,8000.0,5400,Website,Sale,2600.0,0.325
ORD02474,2025-09-15,CUST1375,Webcam,Accessories,East,3.0,3200,0.1,8640.0,5700,App,Sale,2940.0,0.3402777777777778
ORD02475,2025-09-01,CUST1165,Monitor,Electronics,South,2.0,12000,0.1,21600.0,15200,Marketplace,Sale,6400.0,0.2962962962962963
ORD02476,2025-11-04,CUST1351,Tablet,Electronics,South,3.0,22000,0.2,52800.0,46500,Marketplace,Sale,6300.0,0.11931818181818182
ORD02477,2025-09-27,CUST1404,Smartphone,Electronics,West,4.0,28000,0.15,95200.0,82000,Website,Sale,13200.0,0.13865546218487396
ORD02478,2025-05-12,CUST1398,Keyboard,Accessories,East,5.0,1500,0.15,6375.0,4250,Website,Sale,2125.0,0.3333333333333333
ORD02479,2025-10-11,CUST1179,Webcam,Accessories,East,2.0,3200,0.0,6400.0,3800,App,Sale,2600.0,0.40625
ORD02480,2025-02-01,CUST1333,Mouse,Accessories,South,1.0,800,0.0,800.0,420,Marketplace,Sale,380.0,0.475
ORD02481,2025-03-16,CUST1245,Keyboard,Accessories,North,5.0,1500,0.05,7125.0,4250,Website,Sale,2875.0,0.40350877192982454
ORD02482,2025-10-18,CUST1140,Keyboard,Accessories,South,4.0,1500,0.0,6000.0,3400,App,Sale,2600.0,0.43333333333333335
ORD02483,2025-06-03,CUST1204,Monitor,Electronics,West,3.0,12000,0.05,34200.0,22800,Website,Sale,11400.0,0.3333333333333333
ORD02484,2025-06-27,CUST1020,Keyboard,Accessories,West,4.0,1500,0.0,6000.0,3400,Website,Sale,2600.0,0.43333333333333335
ORD02485,2025-05-17,CUST1383,Webcam,Accessories,South,6.0,3200,0.05,18240.0,11400,Marketplace,Sale,6840.0,0.375
ORD02486,2025-11-16,CUST1209,Monitor,Electronics,South,5.0,12000,0.05,57000.0,38000,App,Sale,19000.0,0.3333333333333333
ORD02487,2025-09-14,CUST1369,Laptop,Electronics,East,2.0,55000,0.0,110000.0,72000,App,Sale,38000.0,0.34545454545454546
ORD02488,2025-10-13,CUST1045,Laptop,Electronics,West,6.0,55000,0.15,280500.0,216000,App,Sale,64500.0,0.22994652406417113
ORD02489,2025-08-02,CUST1001,Headphones,Accessories,North,4.0,2500,0.15,8500.0,5400,Website,Sale,3100.0,0.36470588235294116
ORD02490,2025-09-04,CUST1035,Monitor,Electronics,South,5.0,12000,0.2,48000.0,38000,Marketplace,Sale,10000.0,0.20833333333333334
ORD02491,2025-06-03,CUST1141,Keyboard,Accessories,South,5.0,1500,0.05,7125.0,4250,App,Sale,2875.0,0.40350877192982454
ORD02492,2025-12-11,CUST1179,Headphones,Accessories,East,6.0,2500,0.2,12000.0,8100,App,Sale,3900.0,0.325
ORD02493,2025-01-19,CUST1326,Headphones,Accessories,South,3.0,2500,0.1,6750.0,4050,Website,Sale,2700.0,0.4
ORD02494,2025-02-10,CUST1072,Tablet,Electronics,East,1.0,22000,0.1,19800.0,15500,App,Sale,4300.0,0.21717171717171718
ORD02495,2025-05-17,CUST1442,Laptop,Electronics,South,4.0,55000,0.15,187000.0,144000,Marketplace,Sale,43000.0,0.22994652406417113
ORD02496,2025-10-31,CUST1236,Monitor,Electronics,South,1.0,12000,0.0,12000.0,7600,Marketplace,Sale,4400.0,0.36666666666666664
ORD02497,2025-11-11,CUST1180,Monitor,Electronics,West,6.0,12000,0.1,64800.0,45600,App,Sale,19200.0,0.2962962962962963
ORD02498,2025-06-22,CUST1158,Monitor,Electronics,North,2.0,12000,0.1,21600.0,15200,Marketplace,Sale,6400.0,0.2962962962962963
ORD02499,2025-11-29,CUST1190,Mouse,Accessories,North,5.0,800,0.1,3600.0,2100,App,Sale,1500.0,0.4166666666666667
ORD02500,2025-06-26,CUST1206,Keyboard,Accessories,East,4.0,1500,0.1,5400.0,3400,App,Sale,2000.0,0.37037037037037035
ORD02501,2025-05-15,CUST1227,Monitor,Electronics,North,2.0,12000,0.15,20400.0,15200,Website,Sale,5200.0,0.2549019607843137
ORD02502,2025-02-22,CUST1368,Tablet,Electronics,East,6.0,22000,0.0,132000.0,93000,App,Sale,39000.0,0.29545454545454547
ORD02503,2025-05-29,CUST1255,Headphones,Accessories,East,6.0,2500,0.1,13500.0,8100,Website,Sale,5400.0,0.4
ORD02504,2025-01-19,CUST1235,Laptop,Electronics,South,2.0,55000,0.2,88000.0,72000,Website,Sale,16000.0,0.18181818181818182
ORD02505,2025-12-04,CUST1294,Monitor,Electronics,North,4.0,12000,0.0,48000.0,30400,Website,Sale,17600.0,0.36666666666666664
ORD02506,2025-12-25,CUST1383,Headphones,Accessories,North,3.0,2500,0.0,7500.0,4050,App,Sale,3450.0,0.46
ORD02507,2025-07-12,CUST1404,Webcam,Accessories,South,4.0,3200,0.15,10880.0,7600,Marketplace,Sale,3280.0,0.3014705882352941
ORD02508,2025-11-12,CUST1138,Webcam,Accessories,South,1.0,3200,0.15,2720.0,1900,App,Sale,820.0,0.3014705882352941
ORD02509,2025-06-26,CUST1438,Mouse,Accessories,West,5.0,800,0.0,4000.0,2100,Marketplace,Sale,1900.0,0.475
ORD02510,2025-11-11,CUST1226,Webcam,Accessories,North,6.0,3200,0.05,18240.0,11400,Marketplace,Sale,6840.0,0.375
ORD02511,2025-09-24,CUST1411,Laptop,Electronics,South,6.0,55000,0.0,330000.0,216000,Website,Sale,114000.0,0.34545454545454546
ORD02512,2025-07-06,CUST1092,Smartphone,Electronics,South,4.0,28000,0.0,112000.0,82000,Website,Sale,30000.0,0.26785714285714285
ORD02513,2025-05-02,CUST1219,Keyboard,Accessories,North,6.0,1500,0.0,9000.0,5100,Website,Sale,3900.0,0.43333333333333335
ORD02514,2025-03-06,CUST1443,Mouse,Accessories,West,2.0,800,0.0,1600.0,840,Website,Sale,760.0,0.475
ORD02515,2025-02-25,CUST1231,Smartphone,Electronics,South,3.0,28000,0.2,67200.0,61500,Marketplace,Sale,5700.0,0.08482142857142858
ORD02516,2025-07-13,CUST1039,Mouse,Accessories,North,2.0,800,0.1,1440.0,840,App,Sale,600.0,0.4166666666666667
ORD02517,2025-12-07,CUST1351,Monitor,Electronics,North,2.0,12000,0.15,20400.0,15200,App,Sale,5200.0,0.2549019607843137
ORD02518,2025-10-10,CUST1262,Monitor,Electronics,North,6.0,12000,0.2,57600.0,45600,App,Sale,12000.0,0.20833333333333334
ORD02519,2025-05-24,CUST1338,Keyboard,Accessories,South,4.0,1500,0.05,5700.0,3400,App,Sale,2300.0,0.40350877192982454
ORD02520,2025-06-15,CUST1005,Monitor,Electronics,North,1.0,12000,0.05,11400.0,7600,Website,Sale,3800.0,0.3333333333333333
ORD02521,2025-07-22,CUST1222,Tablet,Electronics,North,1.0,22000,0.2,17600.0,15500,App,Sale,2100.0,0.11931818181818182
ORD02522,2025-08-27,CUST1325,Headphones,Accessories,North,1.0,2500,0.15,2125.0,1350,Website,Sale,775.0,0.36470588235294116
ORD02523,2025-03-17,CUST1416,Webcam,Accessories,North,5.0,3200,0.0,16000.0,9500,App,Sale,6500.0,0.40625
ORD02524,2025-12-10,CUST1239,Keyboard,Accessories,North,6.0,1500,0.1,8100.0,5100,App,Sale,3000.0,0.37037037037037035
ORD02525,2025-02-12,CUST1407,Headphones,Accessories,North,6.0,2500,0.05,14250.0,8100,App,Sale,6150.0,0.43157894736842106
ORD02526,2025-12-30,CUST1361,Laptop,Electronics,West,2.0,55000,0.1,99000.0,72000,Website,Sale,27000.0,0.2727272727272727
ORD02527,2025-05-03,CUST1296,Headphones,Accessories,North,5.0,2500,0.2,10000.0,6750,Website,Sale,3250.0,0.325
ORD02528,2025-05-22,CUST1373,Headphones,Accessories,East,2.0,2500,0.0,5000.0,2700,Marketplace,Sale,2300.0,0.46
ORD02529,2025-03-29,CUST1281,Laptop,Electronics,West,2.0,55000,0.05,104500.0,72000,Marketplace,Sale,32500.0,0.31100478468899523
ORD02530,2025-05-22,CUST1387,Smartphone,Electronics,East,5.0,28000,0.05,133000.0,102500,App,Sale,30500.0,0.22932330827067668
ORD02531,2025-12-16,CUST1435,Monitor,Electronics,East,1.0,12000,0.15,10200.0,7600,Marketplace,Sale,2600.0,0.2549019607843137
ORD02532,2025-05-10,CUST1155,Mouse,Accessories,East,6.0,800,0.1,4320.0,2520,Website,Sale,1800.0,0.4166666666666667
ORD02533,2025-03-19,CUST1289,Mouse,Accessories,South,1.0,800,0.2,640.0,420,Marketplace,Sale,220.0,0.34375
ORD02534,2025-05-11,CUST1016,Tablet,Electronics,North,4.0,22000,0.0,88000.0,62000,Website,Sale,26000.0,0.29545454545454547
ORD02535,2025-01-30,CUST1168,Monitor,Electronics,West,2.0,12000,0.1,21600.0,15200,Marketplace,Sale,6400.0,0.2962962962962963
ORD02536,2025-10-04,CUST1387,Headphones,Accessories,East,2.0,2500,0.05,4750.0,2700,Website,Sale,2050.0,0.43157894736842106
ORD02537,2025-08-23,CUST1335,Webcam,Accessories,North,1.0,3200,0.0,3200.0,1900,Website,Sale,1300.0,0.40625
ORD02538,2025-12-13,CUST1090,Mouse,Accessories,East,1.0,800,0.15,680.0,420,Website,Sale,260.0,0.38235294117647056
ORD02539,2025-08-20,CUST1300,Tablet,Electronics,East,-2.0,22000,0.1,-39600.0,-31000,Website,Return,-8600.0,
ORD02540,2025-04-22,CUST1083,Monitor,Electronics,West,3.0,12000,0.15,30600.0,22800,App,Sale,7800.0,0.2549019607843137
ORD02541,2025-10-26,CUST1247,Keyboard,Accessories,North,4.0,1500,0.15,5100.0,3400,Website,Sale,1700.0,0.3333333333333333
ORD02542,2025-07-20,CUST1236,Tablet,Electronics,North,3.0,22000,0.1,59400.0,46500,Website,Sale,12900.0,0.21717171717171718
ORD02543,2025-03-19,CUST1388,Mouse,Accessories,North,3.0,800,0.2,1920.0,1260,App,Sale,660.0,0.34375
ORD02544,2025-09-17,CUST1370,Webcam,Accessories,North,-2.0,3200,0.1,-5760.0,-3800,App,Return,-1960.0,
ORD02545,2025-11-29,CUST1017,Webcam,Accessories,East,1.0,3200,0.05,3040.0,1900,Website,Sale,1140.0,0.375
ORD02546,2025-08-14,CUST1073,Headphones,Accessories,West,4.0,2500,0.0,10000.0,5400,Website,Sale,4600.0,0.46
ORD02547,2025-10-29,CUST1183,Tablet,Electronics,North,1.0,22000,0.0,22000.0,15500,App,Sale,6500.0,0.29545454545454547
ORD02548,2025-03-08,CUST1147,Laptop,Electronics,South,4.0,55000,0.2,176000.0,144000,App,Sale,32000.0,0.18181818181818182
ORD02549,2025-12-17,CUST1194,Smartphone,Electronics,West,2.0,28000,0.2,44800.0,41000,Website,Sale,3800.0,0.08482142857142858
ORD02550,2025-07-13,CUST1097,Mouse,Accessories,North,6.0,800,0.0,4800.0,2520,Website,Sale,2280.0,0.475
ORD02551,2025-06-15,CUST1016,Keyboard,Accessories,East,1.0,1500,0.05,1425.0,850,Marketplace,Sale,575.0,0.40350877192982454
ORD02552,2025-10-05,CUST1054,Headphones,Accessories,North,3.0,2500,0.2,6000.0,4050,App,Sale,1950.0,0.325
ORD02553,2025-01-06,CUST1165,Headphones,Accessories,West,3.0,2500,0.1,6750.0,4050,Website,Sale,2700.0,0.4
ORD02554,2025-06-04,CUST1281,Headphones,Accessories,West,1.0,2500,0.15,2125.0,1350,App,Sale,775.0,0.36470588235294116
ORD02555,2025-07-23,CUST1062,Smartphone,Electronics,North,1.0,28000,0.05,26600.0,20500,Website,Sale,6100.0,0.22932330827067668
ORD02556,2025-01-18,CUST1276,Headphones,Accessories,North,5.0,2500,0.15,10625.0,6750,App,Sale,3875.0,0.36470588235294116
ORD02557,2025-09-05,CUST1290,Tablet,Electronics,West,2.0,22000,0.0,44000.0,31000,App,Sale,13000.0,0.29545454545454547
ORD02558,2025-10-23,CUST1277,Webcam,Accessories,North,-1.0,3200,0.1,-2880.0,-1900,Website,Return,-980.0,
ORD02559,2025-01-03,CUST1350,Monitor,Electronics,North,6.0,12000,0.0,72000.0,45600,App,Sale,26400.0,0.36666666666666664
ORD02560,2025-12-15,CUST1034,Laptop,Electronics,North,1.0,55000,0.15,46750.0,36000,Website,Sale,10750.0,0.22994652406417113
ORD02561,2025-11-14,CUST1163,Monitor,Electronics,North,1.0,12000,0.1,10800.0,7600,Website,Sale,3200.0,0.2962962962962963
ORD02562,2025-07-02,CUST1028,Tablet,Electronics,East,3.0,22000,0.1,59400.0,46500,Marketplace,Sale,12900.0,0.21717171717171718
ORD02563,2025-05-30,CUST1072,Mouse,Accessories,South,2.0,800,0.0,1600.0,840,App,Sale,760.0,0.475
ORD02564,2025-04-21,CUST1228,Laptop,Electronics,South,4.0,55000,0.0,220000.0,144000,App,Sale,76000.0,0.34545454545454546
ORD02565,2025-03-10,CUST1003,Monitor,Electronics,North,3.0,12000,0.2,28800.0,22800,Website,Sale,6000.0,0.20833333333333334
ORD02566,2025-10-17,CUST1292,Tablet,Electronics,North,6.0,22000,0.05,125400.0,93000,App,Sale,32400.0,0.2583732057416268
ORD02567,2025-03-21,CUST1430,Headphones,Accessories,East,2.0,2500,0.05,4750.0,2700,App,Sale,2050.0,0.43157894736842106
ORD02568,2025-11-28,CUST1175,Tablet,Electronics,South,5.0,22000,0.1,99000.0,77500,Marketplace,Sale,21500.0,0.21717171717171718
ORD02569,2025-06-15,CUST1009,Webcam,Accessories,West,2.0,3200,0.2,5120.0,3800,Marketplace,Sale,1320.0,0.2578125
ORD02570,2025-08-24,CUST1298,Monitor,Electronics,West,3.0,12000,0.05,34200.0,22800,App,Sale,11400.0,0.3333333333333333
ORD02571,2025-06-27,CUST1372,Mouse,Accessories,East,6.0,800,0.0,4800.0,2520,Website,Sale,2280.0,0.475
ORD02572,2025-12-29,CUST1440,Smartphone,Electronics,West,3.0,28000,0.1,75600.0,61500,App,Sale,14100.0,0.1865079365079365
ORD02573,2025-09-11,CUST1114,Webcam,Accessories,East,3.0,3200,0.15,8160.0,5700,Website,Sale,2460.0,0.3014705882352941
ORD02574,2025-03-22,CUST1064,Laptop,Electronics,North,2.0,55000,0.1,99000.0,72000,Website,Sale,27000.0,0.2727272727272727
ORD02575,2025-01-26,CUST1247,Laptop,Electronics,West,5.0,55000,0.1,247500.0,180000,App,Sale,67500.0,0.2727272727272727
ORD02576,2025-05-28,CUST1016,Webcam,Accessories,East,6.0,3200,0.05,18240.0,11400,App,Sale,6840.0,0.375
ORD02577,2025-04-29,CUST1051,Monitor,Electronics,South,6.0,12000,0.1,64800.0,45600,Website,Sale,19200.0,0.2962962962962963
ORD02578,2025-05-04,CUST1132,Monitor,Electronics,East,4.0,12000,0.05,45600.0,30400,Marketplace,Sale,15200.0,0.3333333333333333
ORD02579,2025-04-08,CUST1111,Laptop,Electronics,North,1.0,55000,0.0,55000.0,36000,App,Sale,19000.0,0.34545454545454546
ORD02580,2025-05-20,CUST1315,Keyboard,Accessories,West,2.0,1500,0.05,2850.0,1700,Website,Sale,1150.0,0.40350877192982454
ORD02581,2025-02-09,CUST1379,Mouse,Accessories,South,5.0,800,0.0,4000.0,2100,App,Sale,1900.0,0.475
ORD02582,2025-07-26,CUST1360,Laptop,Electronics,North,6.0,55000,0.05,313500.0,216000,Website,Sale,97500.0,0.31100478468899523
ORD02583,2025-06-03,CUST1127,Monitor,Electronics,South,6.0,12000,0.1,64800.0,45600,Marketplace,Sale,19200.0,0.2962962962962963
ORD02584,2025-06-12,CUST1317,Laptop,Electronics,South,6.0,55000,0.1,297000.0,216000,Website,Sale,81000.0,0.2727272727272727
ORD02585,2025-10-08,CUST1350,Keyboard,Accessories,North,5.0,1500,0.05,7125.0,4250,Website,Sale,2875.0,0.40350877192982454
ORD02586,2025-05-22,CUST1089,Mouse,Accessories,North,6.0,800,0.2,3840.0,2520,App,Sale,1320.0,0.34375
ORD02587,2025-06-21,CUST1119,Mouse,Accessories,South,5.0,800,0.0,4000.0,2100,App,Sale,1900.0,0.475
ORD02588,2025-01-26,CUST1129,Webcam,Accessories,North,3.0,3200,0.0,9600.0,5700,App,Sale,3900.0,0.40625
ORD02589,2025-07-11,CUST1037,Tablet,Electronics,South,2.0,22000,0.0,44000.0,31000,App,Sale,13000.0,0.29545454545454547
ORD02590,2025-03-09,CUST1027,Laptop,Electronics,East,4.0,55000,0.0,220000.0,144000,Website,Sale,76000.0,0.34545454545454546
ORD02591,2025-05-20,CUST1190,Keyboard,Accessories,East,3.0,1500,0.15,3825.0,2550,Website,Sale,1275.0,0.3333333333333333
ORD02592,2025-09-03,CUST1421,Laptop,Electronics,East,4.0,55000,0.2,176000.0,144000,Website,Sale,32000.0,0.18181818181818182
ORD02593,2025-06-28,CUST1315,Mouse,Accessories,West,6.0,800,0.1,4320.0,2520,Website,Sale,1800.0,0.4166666666666667
ORD02594,2025-06-20,CUST1221,Headphones,Accessories,South,3.0,2500,0.15,6375.0,4050,App,Sale,2325.0,0.36470588235294116
ORD02595,2025-11-20,CUST1381,Keyboard,Accessories,East,4.0,1500,0.05,5700.0,3400,Website,Sale,2300.0,0.40350877192982454
ORD02596,2025-12-10,CUST1234,Headphones,Accessories,North,6.0,2500,0.15,12750.0,8100,Marketplace,Sale,4650.0,0.36470588235294116
ORD02597,2025-01-22,CUST1341,Laptop,Electronics,North,3.0,55000,0.2,132000.0,108000,Website,Sale,24000.0,0.18181818181818182
ORD02598,2025-08-24,CUST1381,Mouse,Accessories,North,6.0,800,0.05,4560.0,2520,Website,Sale,2040.0,0.4473684210526316
ORD02599,2025-01-23,CUST1248,Keyboard,Accessories,North,4.0,1500,0.0,6000.0,3400,App,Sale,2600.0,0.43333333333333335
ORD02600,2025-10-13,CUST1197,Mouse,Accessories,North,1.0,800,0.1,720.0,420,App,Sale,300.0,0.4166666666666667
ORD02601,2025-02-28,CUST1215,Tablet,Electronics,North,6.0,22000,0.2,105600.0,93000,Marketplace,Sale,12600.0,0.11931818181818182
ORD02602,2025-11-18,CUST1194,Webcam,Accessories,North,3.0,3200,0.15,8160.0,5700,Website,Sale,2460.0,0.3014705882352941
ORD02603,2025-01-07,CUST1344,Tablet,Electronics,East,2.0,22000,0.0,44000.0,31000,Marketplace,Sale,13000.0,0.29545454545454547
ORD02604,2025-08-18,CUST1264,Mouse,Accessories,South,4.0,800,0.05,3040.0,1680,Website,Sale,1360.0,0.4473684210526316
ORD02605,2025-10-01,CUST1052,Webcam,Accessories,East,5.0,3200,0.15,13600.0,9500,Marketplace,Sale,4100.0,0.3014705882352941
ORD02606,2025-11-08,CUST1222,Webcam,Accessories,North,4.0,3200,0.0,12800.0,7600,Website,Sale,5200.0,0.40625
ORD02607,2025-08-19,CUST1023,Headphones,Accessories,North,4.0,2500,0.0,10000.0,5400,Marketplace,Sale,4600.0,0.46
ORD02608,2025-07-25,CUST1107,Mouse,Accessories,South,1.0,800,0.2,640.0,420,Website,Sale,220.0,0.34375
ORD02609,2025-01-17,CUST1360,Headphones,Accessories,East,4.0,2500,0.1,9000.0,5400,App,Sale,3600.0,0.4
ORD02610,2025-10-01,CUST1429,Monitor,Electronics,East,4.0,12000,0.15,40800.0,30400,Marketplace,Sale,10400.0,0.2549019607843137
ORD02611,2025-08-10,CUST1191,Smartphone,Electronics,East,1.0,28000,0.0,28000.0,20500,Marketplace,Sale,7500.0,0.26785714285714285
ORD02612,2025-06-14,CUST1340,Laptop,Electronics,North,3.0,55000,0.1,148500.0,108000,App,Sale,40500.0,0.2727272727272727
ORD02613,2025-10-18,CUST1049,Tablet,Electronics,North,2.0,22000,0.2,35200.0,31000,App,Sale,4200.0,0.11931818181818182
ORD02614,2025-05-25,CUST1114,Mouse,Accessories,North,6.0,800,0.0,4800.0,2520,Marketplace,Sale,2280.0,0.475
ORD02615,2025-11-13,CUST1160,Tablet,Electronics,West,6.0,22000,0.1,118800.0,93000,Website,Sale,25800.0,0.21717171717171718
ORD02616,2025-03-20,CUST1080,Tablet,Electronics,South,6.0,22000,0.05,125400.0,93000,Website,Sale,32400.0,0.2583732057416268
ORD02617,2025-06-17,CUST1146,Laptop,Electronics,West,1.0,55000,0.05,52250.0,36000,Website,Sale,16250.0,0.31100478468899523
ORD02618,2025-08-20,CUST1052,Headphones,Accessories,East,1.0,2500,0.1,2250.0,1350,App,Sale,900.0,0.4
ORD02619,2025-09-17,CUST1435,Monitor,Electronics,North,4.0,12000,0.15,40800.0,30400,App,Sale,10400.0,0.2549019607843137
ORD02620,2025-09-07,CUST1409,Keyboard,Accessories,North,3.0,1500,0.15,3825.0,2550,Marketplace,Sale,1275.0,0.3333333333333333
ORD02621,2025-03-13,CUST1081,Headphones,Accessories,East,5.0,2500,0.1,11250.0,6750,App,Sale,4500.0,0.4
ORD02622,2025-03-18,CUST1039,Webcam,Accessories,North,2.0,3200,0.0,6400.0,3800,App,Sale,2600.0,0.40625
ORD02623,2025-02-07,CUST1134,Laptop,Electronics,North,6.0,55000,0.05,313500.0,216000,App,Sale,97500.0,0.31100478468899523
ORD02624,2025-12-09,CUST1447,Laptop,Electronics,East,4.0,55000,0.0,220000.0,144000,Website,Sale,76000.0,0.34545454545454546
ORD02625,2025-02-22,CUST1155,Smartphone,Electronics,West,6.0,28000,0.1,151200.0,123000,App,Sale,28200.0,0.1865079365079365
ORD02626,2025-10-10,CUST1143,Mouse,Accessories,East,3.0,800,0.0,2400.0,1260,Website,Sale,1140.0,0.475
ORD02627,2025-09-22,CUST1357,Monitor,Electronics,South,3.0,12000,0.0,36000.0,22800,Marketplace,Sale,13200.0,0.36666666666666664
ORD02628,2025-11-22,CUST1000,Laptop,Electronics,East,3.0,55000,0.1,148500.0,108000,Website,Sale,40500.0,0.2727272727272727
ORD02629,2025-07-17,CUST1101,Keyboard,Accessories,East,6.0,1500,0.2,7200.0,5100,Marketplace,Sale,2100.0,0.2916666666666667
ORD02630,2025-07-19,CUST1307,Tablet,Electronics,North,2.0,22000,0.05,41800.0,31000,Website,Sale,10800.0,0.2583732057416268
ORD02631,2025-05-18,CUST1001,Mouse,Accessories,South,4.0,800,0.1,2880.0,1680,App,Sale,1200.0,0.4166666666666667
ORD02632,2025-11-08,CUST1153,Mouse,Accessories,East,4.0,800,0.2,2560.0,1680,Website,Sale,880.0,0.34375
ORD02633,2025-01-09,CUST1178,Webcam,Accessories,West,4.0,3200,0.1,11520.0,7600,App,Sale,3920.0,0.3402777777777778
ORD02634,2025-02-14,CUST1151,Laptop,Electronics,North,1.0,55000,0.0,55000.0,36000,App,Sale,19000.0,0.34545454545454546
ORD02635,2025-06-14,CUST1266,Laptop,Electronics,North,4.0,55000,0.1,198000.0,144000,Marketplace,Sale,54000.0,0.2727272727272727
ORD02636,2025-10-15,CUST1207,Keyboard,Accessories,North,5.0,1500,0.1,6750.0,4250,Website,Sale,2500.0,0.37037037037037035
ORD02637,2025-08-22,CUST1334,Monitor,Electronics,North,4.0,12000,0.15,40800.0,30400,Marketplace,Sale,10400.0,0.2549019607843137
ORD02638,2025-11-01,CUST1226,Mouse,Accessories,South,1.0,800,0.15,680.0,420,Website,Sale,260.0,0.38235294117647056
ORD02639,2025-01-27,CUST1171,Laptop,Electronics,West,2.0,55000,0.0,110000.0,72000,Website,Sale,38000.0,0.34545454545454546
ORD02640,2025-05-24,CUST1359,Mouse,Accessories,East,6.0,800,0.2,3840.0,2520,App,Sale,1320.0,0.34375
ORD02641,2025-04-28,CUST1124,Tablet,Electronics,East,6.0,22000,0.0,132000.0,93000,Website,Sale,39000.0,0.29545454545454547
ORD02642,2025-06-09,CUST1367,Smartphone,Electronics,South,4.0,28000,0.15,95200.0,82000,App,Sale,13200.0,0.13865546218487396
ORD02643,2025-09-02,CUST1390,Tablet,Electronics,South,2.0,22000,0.0,44000.0,31000,Marketplace,Sale,13000.0,0.29545454545454547
ORD02644,2025-09-17,CUST1439,Smartphone,Electronics,South,2.0,28000,0.2,44800.0,41000,App,Sale,3800.0,0.08482142857142858
ORD02645,2025-11-15,CUST1359,Tablet,Electronics,South,6.0,22000,0.15,112200.0,93000,Marketplace,Sale,19200.0,0.1711229946524064
ORD02646,2025-10-23,CUST1003,Monitor,Electronics,North,4.0,12000,0.2,38400.0,30400,Website,Sale,8000.0,0.20833333333333334
ORD02647,2025-09-02,CUST1198,Headphones,Accessories,North,4.0,2500,0.2,8000.0,5400,Website,Sale,2600.0,0.325
ORD02648,2025-12-24,CUST1007,Mouse,Accessories,East,3.0,800,0.1,2160.0,1260,Marketplace,Sale,900.0,0.4166666666666667
ORD02649,2025-07-04,CUST1370,Mouse,Accessories,West,5.0,800,0.05,3800.0,2100,Website,Sale,1700.0,0.4473684210526316
ORD02650,2025-10-26,CUST1012,Headphones,Accessories,South,2.0,2500,0.2,4000.0,2700,Website,Sale,1300.0,0.325
ORD02651,2025-01-28,CUST1212,Monitor,Electronics,North,1.0,12000,0.0,12000.0,7600,Website,Sale,4400.0,0.36666666666666664
ORD02652,2025-04-09,CUST1437,Keyboard,Accessories,North,6.0,1500,0.2,7200.0,5100,App,Sale,2100.0,0.2916666666666667
ORD02653,2025-09-20,CUST1391,Mouse,Accessories,South,5.0,800,0.1,3600.0,2100,App,Sale,1500.0,0.4166666666666667
ORD02654,2025-07-27,CUST1270,Mouse,Accessories,South,6.0,800,0.05,4560.0,2520,Website,Sale,2040.0,0.4473684210526316
ORD02655,2025-11-18,CUST1064,Webcam,Accessories,East,3.0,3200,0.1,8640.0,5700,App,Sale,2940.0,0.3402777777777778
ORD02656,2025-10-08,CUST1420,Smartphone,Electronics,West,1.0,28000,0.15,23800.0,20500,Website,Sale,3300.0,0.13865546218487396
ORD02657,2025-02-02,CUST1353,Mouse,Accessories,North,1.0,800,0.05,760.0,420,App,Sale,340.0,0.4473684210526316
ORD02658,2025-08-05,CUST1222,Headphones,Accessories,East,6.0,2500,0.2,12000.0,8100,App,Sale,3900.0,0.325
ORD02659,2025-03-17,CUST1071,Monitor,Electronics,North,6.0,12000,0.2,57600.0,45600,App,Sale,12000.0,0.20833333333333334
ORD02660,2025-11-22,CUST1298,Tablet,Electronics,East,1.0,22000,0.05,20900.0,15500,App,Sale,5400.0,0.2583732057416268
ORD02661,2025-10-18,CUST1132,Smartphone,Electronics,North,2.0,28000,0.1,50400.0,41000,Marketplace,Sale,9400.0,0.1865079365079365
ORD02662,2025-05-08,CUST1038,Webcam,Accessories,South,6.0,3200,0.2,15360.0,11400,App,Sale,3960.0,0.2578125
ORD02663,2025-01-24,CUST1043,Laptop,Electronics,East,5.0,55000,0.2,220000.0,180000,Marketplace,Sale,40000.0,0.18181818181818182
ORD02664,2025-11-01,CUST1271,Laptop,Electronics,North,6.0,55000,0.15,280500.0,216000,Website,Sale,64500.0,0.22994652406417113
ORD02665,2025-03-29,CUST1120,Monitor,Electronics,North,6.0,12000,0.05,68400.0,45600,Website,Sale,22800.0,0.3333333333333333
ORD02666,2025-04-02,CUST1037,Webcam,Accessories,North,6.0,3200,0.0,19200.0,11400,App,Sale,7800.0,0.40625
ORD02667,2025-11-15,CUST1308,Tablet,Electronics,West,4.0,22000,0.05,83600.0,62000,App,Sale,21600.0,0.2583732057416268
ORD02668,2025-06-11,CUST1245,Smartphone,Electronics,West,3.0,28000,0.15,71400.0,61500,Website,Sale,9900.0,0.13865546218487396
ORD02669,2025-01-07,CUST1053,Webcam,Accessories,East,2.0,3200,0.1,5760.0,3800,App,Sale,1960.0,0.3402777777777778
ORD02670,2025-05-30,CUST1203,Smartphone,Electronics,North,-1.0,28000,0.05,-26600.0,-20500,App,Return,-6100.0,
ORD02671,2025-12-25,CUST1114,Smartphone,Electronics,East,6.0,28000,0.1,151200.0,123000,App,Sale,28200.0,0.1865079365079365
ORD02672,2025-02-26,CUST1117,Tablet,Electronics,East,6.0,22000,0.2,105600.0,93000,Marketplace,Sale,12600.0,0.11931818181818182
ORD02673,2025-10-06,CUST1432,Smartphone,Electronics,East,1.0,28000,0.15,23800.0,20500,App,Sale,3300.0,0.13865546218487396
ORD02674,2025-06-10,CUST1322,Monitor,Electronics,North,4.0,12000,0.05,45600.0,30400,App,Sale,15200.0,0.3333333333333333
ORD02675,2025-11-16,CUST1186,Headphones,Accessories,North,3.0,2500,0.1,6750.0,4050,App,Sale,2700.0,0.4
ORD02676,2025-02-28,CUST1353,Keyboard,Accessories,South,6.0,1500,0.05,8550.0,5100,Website,Sale,3450.0,0.40350877192982454
ORD02677,2025-06-01,CUST1001,Smartphone,Electronics,South,2.0,28000,0.1,50400.0,41000,Marketplace,Sale,9400.0,0.1865079365079365
ORD02678,2025-12-16,CUST1222,Keyboard,Accessories,South,2.0,1500,0.15,2550.0,1700,App,Sale,850.0,0.3333333333333333
ORD02679,2025-01-16,CUST1313,Webcam,Accessories,North,6.0,3200,0.15,16320.0,11400,Website,Sale,4920.0,0.3014705882352941
ORD02680,2025-12-13,CUST1032,Mouse,Accessories,West,2.0,800,0.0,1600.0,840,Website,Sale,760.0,0.475
ORD02681,2025-08-12,CUST1282,Tablet,Electronics,East,1.0,22000,0.0,22000.0,15500,Website,Sale,6500.0,0.29545454545454547
ORD02682,2025-09-08,CUST1300,Smartphone,Electronics,North,5.0,28000,0.15,119000.0,102500,Website,Sale,16500.0,0.13865546218487396
ORD02683,2025-07-03,CUST1050,Laptop,Electronics,East,6.0,55000,0.2,264000.0,216000,App,Sale,48000.0,0.18181818181818182
ORD02684,2025-04-03,CUST1068,Smartphone,Electronics,North,6.0,28000,0.1,151200.0,123000,Website,Sale,28200.0,0.1865079365079365
ORD02685,2025-06-16,CUST1378,Mouse,Accessories,South,4.0,800,0.15,2720.0,1680,Marketplace,Sale,1040.0,0.38235294117647056
ORD02686,2025-09-12,CUST1044,Headphones,Accessories,East,6.0,2500,0.05,14250.0,8100,App,Sale,6150.0,0.43157894736842106
ORD02687,2025-06-16,CUST1205,Webcam,Accessories,North,2.0,3200,0.15,5440.0,3800,Website,Sale,1640.0,0.3014705882352941
ORD02688,2025-05-22,CUST1361,Laptop,Electronics,West,2.0,55000,0.0,110000.0,72000,Website,Sale,38000.0,0.34545454545454546
ORD02689,2025-10-06,CUST1359,Keyboard,Accessories,South,2.0,1500,0.05,2850.0,1700,Marketplace,Sale,1150.0,0.40350877192982454
ORD02690,2025-12-05,CUST1226,Smartphone,Electronics,West,1.0,28000,0.1,25200.0,20500,App,Sale,4700.0,0.1865079365079365
ORD02691,2025-11-07,CUST1388,Mouse,Accessories,West,4.0,800,0.2,2560.0,1680,App,Sale,880.0,0.34375
ORD02692,2025-08-15,CUST1271,Monitor,Electronics,North,1.0,12000,0.15,10200.0,7600,Website,Sale,2600.0,0.2549019607843137
ORD02693,2025-06-28,CUST1031,Smartphone,Electronics,North,2.0,28000,0.0,56000.0,41000,App,Sale,15000.0,0.26785714285714285
ORD02694,2025-05-20,CUST1003,Monitor,Electronics,West,2.0,12000,0.2,19200.0,15200,Marketplace,Sale,4000.0,0.20833333333333334
ORD02695,2025-07-19,CUST1295,Monitor,Electronics,East,6.0,12000,0.05,68400.0,45600,App,Sale,22800.0,0.3333333333333333
ORD02696,2025-06-03,CUST1108,Headphones,Accessories,West,6.0,2500,0.15,12750.0,8100,App,Sale,4650.0,0.36470588235294116
ORD02697,2025-09-23,CUST1262,Smartphone,Electronics,North,5.0,28000,0.1,126000.0,102500,Marketplace,Sale,23500.0,0.1865079365079365
ORD02698,2025-05-01,CUST1330,Webcam,Accessories,South,6.0,3200,0.05,18240.0,11400,Website,Sale,6840.0,0.375
ORD02699,2025-10-28,CUST1445,Keyboard,Accessories,East,3.0,1500,0.1,4050.0,2550,Website,Sale,1500.0,0.37037037037037035
ORD02700,2025-01-23,CUST1145,Smartphone,Electronics,East,6.0,28000,0.15,142800.0,123000,Website,Sale,19800.0,0.13865546218487396
ORD02701,2025-01-07,CUST1312,Webcam,Accessories,South,1.0,3200,0.1,2880.0,1900,App,Sale,980.0,0.3402777777777778
ORD02702,2025-01-28,CUST1344,Webcam,Accessories,West,3.0,3200,0.2,7680.0,5700,App,Sale,1980.0,0.2578125
ORD02703,2025-06-02,CUST1029,Keyboard,Accessories,South,2.0,1500,0.1,2700.0,1700,Website,Sale,1000.0,0.37037037037037035
ORD02704,2025-12-18,CUST1251,Webcam,Accessories,South,1.0,3200,0.05,3040.0,1900,Website,Sale,1140.0,0.375
ORD02705,2025-10-26,CUST1297,Mouse,Accessories,East,-1.0,800,0.2,-640.0,-420,App,Return,-220.0,
ORD02706,2025-11-10,CUST1420,Laptop,Electronics,West,6.0,55000,0.05,313500.0,216000,Marketplace,Sale,97500.0,0.31100478468899523
ORD02707,2025-04-11,CUST1079,Mouse,Accessories,South,3.0,800,0.1,2160.0,1260,Website,Sale,900.0,0.4166666666666667
ORD02708,2025-04-07,CUST1017,Mouse,Accessories,South,3.0,800,0.15,2040.0,1260,Marketplace,Sale,780.0,0.38235294117647056
ORD02709,2025-06-10,CUST1128,Tablet,Electronics,West,1.0,22000,0.05,20900.0,15500,Marketplace,Sale,5400.0,0.2583732057416268
ORD02710,2025-05-16,CUST1339,Keyboard,Accessories,South,4.0,1500,0.15,5100.0,3400,App,Sale,1700.0,0.3333333333333333
ORD02711,2025-09-02,CUST1078,Laptop,Electronics,South,4.0,55000,0.1,198000.0,144000,App,Sale,54000.0,0.2727272727272727
ORD02712,2025-11-29,CUST1127,Laptop,Electronics,East,3.0,55000,0.15,140250.0,108000,Marketplace,Sale,32250.0,0.22994652406417113
ORD02713,2025-09-07,CUST1361,Headphones,Accessories,North,5.0,2500,0.1,11250.0,6750,Website,Sale,4500.0,0.4
ORD02714,2025-09-13,CUST1295,Keyboard,Accessories,North,2.0,1500,0.05,2850.0,1700,Marketplace,Sale,1150.0,0.40350877192982454
ORD02715,2025-12-14,CUST1289,Laptop,Electronics,South,5.0,55000,0.05,261250.0,180000,App,Sale,81250.0,0.31100478468899523
ORD02716,2025-08-06,CUST1172,Smartphone,Electronics,West,6.0,28000,0.05,159600.0,123000,Website,Sale,36600.0,0.22932330827067668
ORD02717,2025-08-23,CUST1347,Webcam,Accessories,North,6.0,3200,0.15,16320.0,11400,Website,Sale,4920.0,0.3014705882352941
ORD02718,2025-04-17,CUST1083,Mouse,Accessories,West,3.0,800,0.1,2160.0,1260,App,Sale,900.0,0.4166666666666667
ORD02719,2025-02-07,CUST1379,Mouse,Accessories,North,6.0,800,0.05,4560.0,2520,Website,Sale,2040.0,0.4473684210526316
ORD02720,2025-11-29,CUST1088,Monitor,Electronics,North,1.0,12000,0.1,10800.0,7600,Website,Sale,3200.0,0.2962962962962963
ORD02721,2025-10-14,CUST1093,Smartphone,Electronics,North,5.0,28000,0.05,133000.0,102500,Marketplace,Sale,30500.0,0.22932330827067668
ORD02722,2025-05-27,CUST1280,Headphones,Accessories,North,4.0,2500,0.2,8000.0,5400,Website,Sale,2600.0,0.325
ORD02723,2025-04-10,CUST1149,Laptop,Electronics,South,1.0,55000,0.05,52250.0,36000,Website,Sale,16250.0,0.31100478468899523
ORD02724,2025-07-07,CUST1331,Headphones,Accessories,East,-2.0,2500,0.1,-4500.0,-2700,Marketplace,Return,-1800.0,
ORD02725,2025-08-14,CUST1355,Keyboard,Accessories,West,3.0,1500,0.05,4275.0,2550,App,Sale,1725.0,0.40350877192982454
ORD02726,2025-10-02,CUST1234,Tablet,Electronics,North,1.0,22000,0.2,17600.0,15500,Website,Sale,2100.0,0.11931818181818182
ORD02727,2025-02-14,CUST1407,Tablet,Electronics,North,2.0,22000,0.2,35200.0,31000,App,Sale,4200.0,0.11931818181818182
ORD02728,2025-07-25,CUST1174,Monitor,Electronics,West,6.0,12000,0.15,61200.0,45600,Website,Sale,15600.0,0.2549019607843137
ORD02729,2025-11-27,CUST1406,Laptop,Electronics,South,3.0,55000,0.15,140250.0,108000,Website,Sale,32250.0,0.22994652406417113
ORD02730,2025-07-13,CUST1063,Headphones,Accessories,East,6.0,2500,0.0,15000.0,8100,Marketplace,Sale,6900.0,0.46
ORD02731,2025-03-10,CUST1405,Headphones,Accessories,North,2.0,2500,0.1,4500.0,2700,App,Sale,1800.0,0.4
ORD02732,2025-02-13,CUST1000,Keyboard,Accessories,East,-1.0,1500,0.0,-1500.0,-850,Website,Return,-650.0,
ORD02733,2025-09-06,CUST1241,Smartphone,Electronics,North,1.0,28000,0.15,23800.0,20500,Marketplace,Sale,3300.0,0.13865546218487396
ORD02734,2025-04-26,CUST1331,Headphones,Accessories,West,6.0,2500,0.15,12750.0,8100,Website,Sale,4650.0,0.36470588235294116
ORD02735,2025-12-09,CUST1026,Monitor,Electronics,North,1.0,12000,0.0,12000.0,7600,Website,Sale,4400.0,0.36666666666666664
ORD02736,2025-09-12,CUST1340,Headphones,Accessories,West,1.0,2500,0.05,2375.0,1350,App,Sale,1025.0,0.43157894736842106
ORD02737,2025-12-18,CUST1186,Smartphone,Electronics,East,1.0,28000,0.0,28000.0,20500,App,Sale,7500.0,0.26785714285714285
ORD02738,2025-08-31,CUST1164,Tablet,Electronics,South,6.0,22000,0.1,118800.0,93000,Website,Sale,25800.0,0.21717171717171718
ORD02739,2025-06-08,CUST1342,Smartphone,Electronics,North,3.0,28000,0.05,79800.0,61500,Marketplace,Sale,18300.0,0.22932330827067668
ORD02740,2025-02-12,CUST1047,Monitor,Electronics,South,3.0,12000,0.05,34200.0,22800,App,Sale,11400.0,0.3333333333333333
ORD02741,2025-08-23,CUST1194,Mouse,Accessories,South,4.0,800,0.15,2720.0,1680,Website,Sale,1040.0,0.38235294117647056
ORD02742,2025-01-03,CUST1409,Headphones,Accessories,East,4.0,2500,0.0,10000.0,5400,App,Sale,4600.0,0.46
ORD02743,2025-07-20,CUST1108,Monitor,Electronics,East,3.0,12000,0.1,32400.0,22800,Marketplace,Sale,9600.0,0.2962962962962963
ORD02744,2025-09-15,CUST1169,Keyboard,Accessories,North,6.0,1500,0.0,9000.0,5100,App,Sale,3900.0,0.43333333333333335
ORD02745,2025-10-13,CUST1377,Smartphone,Electronics,North,3.0,28000,0.1,75600.0,61500,Website,Sale,14100.0,0.1865079365079365
ORD02746,2025-02-16,CUST1261,Headphones,Accessories,South,6.0,2500,0.0,15000.0,8100,Marketplace,Sale,6900.0,0.46
ORD02747,2025-11-02,CUST1256,Smartphone,Electronics,North,1.0,28000,0.05,26600.0,20500,Website,Sale,6100.0,0.22932330827067668
ORD02748,2025-12-22,CUST1075,Keyboard,Accessories,West,6.0,1500,0.2,7200.0,5100,Marketplace,Sale,2100.0,0.2916666666666667
ORD02749,2025-03-21,CUST1279,Tablet,Electronics,East,6.0,22000,0.05,125400.0,93000,App,Sale,32400.0,0.2583732057416268
ORD02750,2025-09-22,CUST1240,Monitor,Electronics,East,6.0,12000,0.2,57600.0,45600,App,Sale,12000.0,0.20833333333333334
ORD02751,2025-10-04,CUST1053,Keyboard,Accessories,North,4.0,1500,0.0,6000.0,3400,Marketplace,Sale,2600.0,0.43333333333333335
ORD02752,2025-12-16,CUST1172,Smartphone,Electronics,East,1.0,28000,0.1,25200.0,20500,Marketplace,Sale,4700.0,0.1865079365079365
ORD02753,2025-06-26,CUST1301,Smartphone,Electronics,North,4.0,28000,0.15,95200.0,82000,Website,Sale,13200.0,0.13865546218487396
ORD02754,2025-08-29,CUST1035,Keyboard,Accessories,North,3.0,1500,0.2,3600.0,2550,Website,Sale,1050.0,0.2916666666666667
ORD02755,2025-11-09,CUST1093,Mouse,Accessories,East,4.0,800,0.0,3200.0,1680,Website,Sale,1520.0,0.475
ORD02756,2025-12-24,CUST1430,Keyboard,Accessories,North,4.0,1500,0.05,5700.0,3400,Marketplace,Sale,2300.0,0.40350877192982454
ORD02757,2025-05-31,CUST1184,Mouse,Accessories,East,4.0,800,0.1,2880.0,1680,Website,Sale,1200.0,0.4166666666666667
ORD02758,2025-03-11,CUST1265,Mouse,Accessories,East,1.0,800,0.15,680.0,420,App,Sale,260.0,0.38235294117647056
ORD02759,2025-02-22,CUST1127,Smartphone,Electronics,East,6.0,28000,0.05,159600.0,123000,Website,Sale,36600.0,0.22932330827067668
ORD02760,2025-12-12,CUST1152,Tablet,Electronics,East,1.0,22000,0.2,17600.0,15500,Marketplace,Sale,2100.0,0.11931818181818182
ORD02761,2025-08-03,CUST1251,Monitor,Electronics,South,1.0,12000,0.05,11400.0,7600,App,Sale,3800.0,0.3333333333333333
ORD02762,2025-09-07,CUST1177,Laptop,Electronics,North,4.0,55000,0.15,187000.0,144000,Marketplace,Sale,43000.0,0.22994652406417113
ORD02763,2025-09-20,CUST1267,Mouse,Accessories,South,3.0,800,0.15,2040.0,1260,App,Sale,780.0,0.38235294117647056
ORD02764,2025-12-15,CUST1221,Headphones,Accessories,East,2.0,2500,0.0,5000.0,2700,App,Sale,2300.0,0.46
ORD02765,2025-05-20,CUST1229,Keyboard,Accessories,East,2.0,1500,0.2,2400.0,1700,App,Sale,700.0,0.2916666666666667
ORD02766,2025-01-23,CUST1046,Mouse,Accessories,East,6.0,800,0.05,4560.0,2520,App,Sale,2040.0,0.4473684210526316
ORD02767,2025-04-18,CUST1064,Laptop,Electronics,East,2.0,55000,0.15,93500.0,72000,Website,Sale,21500.0,0.22994652406417113
ORD02768,2025-10-07,CUST1378,Webcam,Accessories,North,5.0,3200,0.1,14400.0,9500,App,Sale,4900.0,0.3402777777777778
ORD02769,2025-03-18,CUST1380,Tablet,Electronics,South,4.0,22000,0.2,70400.0,62000,App,Sale,8400.0,0.11931818181818182
ORD02770,2025-04-27,CUST1088,Headphones,Accessories,South,6.0,2500,0.1,13500.0,8100,App,Sale,5400.0,0.4
ORD02771,2025-08-20,CUST1361,Laptop,Electronics,South,1.0,55000,0.1,49500.0,36000,Website,Sale,13500.0,0.2727272727272727
ORD02772,2025-03-06,CUST1011,Smartphone,Electronics,South,2.0,28000,0.2,44800.0,41000,Marketplace,Sale,3800.0,0.08482142857142858
ORD02773,2025-01-22,CUST1296,Headphones,Accessories,West,3.0,2500,0.1,6750.0,4050,Website,Sale,2700.0,0.4
ORD02774,2025-05-31,CUST1403,Webcam,Accessories,South,4.0,3200,0.2,10240.0,7600,Marketplace,Sale,2640.0,0.2578125
ORD02775,2025-07-24,CUST1194,Mouse,Accessories,East,5.0,800,0.15,3400.0,2100,Marketplace,Sale,1300.0,0.38235294117647056
ORD02776,2025-09-21,CUST1364,Keyboard,Accessories,East,6.0,1500,0.15,7650.0,5100,Website,Sale,2550.0,0.3333333333333333
ORD02777,2025-12-20,CUST1005,Headphones,Accessories,West,3.0,2500,0.2,6000.0,4050,App,Sale,1950.0,0.325
ORD02778,2025-05-03,CUST1081,Keyboard,Accessories,North,3.0,1500,0.2,3600.0,2550,Website,Sale,1050.0,0.2916666666666667
ORD02779,2025-07-31,CUST1115,Headphones,Accessories,South,2.0,2500,0.0,5000.0,2700,App,Sale,2300.0,0.46
ORD02780,2025-09-19,CUST1073,Monitor,Electronics,South,2.0,12000,0.2,19200.0,15200,Marketplace,Sale,4000.0,0.20833333333333334
ORD02781,2025-08-06,CUST1059,Laptop,Electronics,South,3.0,55000,0.2,132000.0,108000,App,Sale,24000.0,0.18181818181818182
ORD02782,2025-08-23,CUST1251,Mouse,Accessories,East,3.0,800,0.15,2040.0,1260,Website,Sale,780.0,0.38235294117647056
ORD02783,2025-02-06,CUST1356,Webcam,Accessories,South,3.0,3200,0.2,7680.0,5700,Marketplace,Sale,1980.0,0.2578125
ORD02784,2025-06-30,CUST1165,Headphones,Accessories,South,5.0,2500,0.2,10000.0,6750,Website,Sale,3250.0,0.325
ORD02785,2025-03-10,CUST1038,Monitor,Electronics,North,4.0,12000,0.0,48000.0,30400,Marketplace,Sale,17600.0,0.36666666666666664
ORD02786,2025-03-24,CUST1342,Smartphone,Electronics,South,6.0,28000,0.1,151200.0,123000,App,Sale,28200.0,0.1865079365079365
ORD02787,2025-03-25,CUST1153,Headphones,Accessories,East,1.0,2500,0.0,2500.0,1350,Website,Sale,1150.0,0.46
ORD02788,2025-01-06,CUST1242,Headphones,Accessories,East,2.0,2500,0.0,5000.0,2700,App,Sale,2300.0,0.46
ORD02789,2025-05-15,CUST1421,Laptop,Electronics,South,5.0,55000,0.2,220000.0,180000,App,Sale,40000.0,0.18181818181818182
ORD02790,2025-03-30,CUST1298,Monitor,Electronics,East,2.0,12000,0.1,21600.0,15200,Website,Sale,6400.0,0.2962962962962963
ORD02791,2025-04-30,CUST1421,Laptop,Electronics,North,5.0,55000,0.1,247500.0,180000,Marketplace,Sale,67500.0,0.2727272727272727
ORD02792,2025-12-04,CUST1144,Tablet,Electronics,West,5.0,22000,0.1,99000.0,77500,App,Sale,21500.0,0.21717171717171718
ORD02793,2025-05-10,CUST1104,Mouse,Accessories,South,-1.0,800,0.1,-720.0,-420,App,Return,-300.0,
ORD02794,2025-05-15,CUST1354,Headphones,Accessories,West,4.0,2500,0.0,10000.0,5400,Website,Sale,4600.0,0.46
ORD02795,2025-10-07,CUST1077,Smartphone,Electronics,South,4.0,28000,0.05,106400.0,82000,App,Sale,24400.0,0.22932330827067668
ORD02796,2025-02-14,CUST1303,Mouse,Accessories,North,5.0,800,0.0,4000.0,2100,Website,Sale,1900.0,0.475
ORD02797,2025-03-25,CUST1346,Laptop,Electronics,East,5.0,55000,0.2,220000.0,180000,Marketplace,Sale,40000.0,0.18181818181818182
ORD02798,2025-03-22,CUST1035,Monitor,Electronics,South,6.0,12000,0.2,57600.0,45600,Marketplace,Sale,12000.0,0.20833333333333334
ORD02799,2025-07-20,CUST1441,Mouse,Accessories,West,1.0,800,0.15,680.0,420,Website,Sale,260.0,0.38235294117647056
ORD02800,2025-06-03,CUST1316,Monitor,Electronics,North,4.0,12000,0.0,48000.0,30400,Website,Sale,17600.0,0.36666666666666664
ORD02801,2025-05-29,CUST1390,Laptop,Electronics,South,1.0,55000,0.05,52250.0,36000,Marketplace,Sale,16250.0,0.31100478468899523
ORD02802,2025-05-15,CUST1394,Webcam,Accessories,North,1.0,3200,0.15,2720.0,1900,Website,Sale,820.0,0.3014705882352941
ORD02803,2025-08-21,CUST1387,Smartphone,Electronics,North,3.0,28000,0.15,71400.0,61500,Website,Sale,9900.0,0.13865546218487396
ORD02804,2025-01-14,CUST1161,Tablet,Electronics,South,6.0,22000,0.2,105600.0,93000,Website,Sale,12600.0,0.11931818181818182
ORD02805,2025-01-16,CUST1006,Webcam,Accessories,North,2.0,3200,0.0,6400.0,3800,Marketplace,Sale,2600.0,0.40625
ORD02806,2025-07-26,CUST1111,Webcam,Accessories,North,4.0,3200,0.2,10240.0,7600,Website,Sale,2640.0,0.2578125
ORD02807,2025-09-10,CUST1140,Headphones,Accessories,North,5.0,2500,0.0,12500.0,6750,Website,Sale,5750.0,0.46
ORD02808,2025-04-12,CUST1172,Mouse,Accessories,East,3.0,800,0.05,2280.0,1260,Website,Sale,1020.0,0.4473684210526316
ORD02809,2025-05-31,CUST1430,Mouse,Accessories,South,5.0,800,0.05,3800.0,2100,App,Sale,1700.0,0.4473684210526316
ORD02810,2025-09-26,CUST1182,Smartphone,Electronics,East,6.0,28000,0.1,151200.0,123000,Website,Sale,28200.0,0.1865079365079365
ORD02811,2025-04-19,CUST1265,Monitor,Electronics,East,5.0,12000,0.15,51000.0,38000,App,Sale,13000.0,0.2549019607843137
ORD02812,2025-08-08,CUST1074,Mouse,Accessories,North,5.0,800,0.15,3400.0,2100,Website,Sale,1300.0,0.38235294117647056
ORD02813,2025-01-17,CUST1215,Mouse,Accessories,East,4.0,800,0.1,2880.0,1680,App,Sale,1200.0,0.4166666666666667
ORD02814,2025-09-08,CUST1019,Keyboard,Accessories,North,1.0,1500,0.15,1275.0,850,Website,Sale,425.0,0.3333333333333333
ORD02815,2025-06-20,CUST1183,Smartphone,Electronics,North,5.0,28000,0.15,119000.0,102500,App,Sale,16500.0,0.13865546218487396
ORD02816,2025-02-22,CUST1361,Keyboard,Accessories,South,3.0,1500,0.0,4500.0,2550,Website,Sale,1950.0,0.43333333333333335
ORD02817,2025-05-02,CUST1449,Webcam,Accessories,North,1.0,3200,0.0,3200.0,1900,App,Sale,1300.0,0.40625
ORD02818,2025-11-08,CUST1179,Laptop,Electronics,South,3.0,55000,0.1,148500.0,108000,Website,Sale,40500.0,0.2727272727272727
ORD02819,2025-09-14,CUST1101,Keyboard,Accessories,East,2.0,1500,0.15,2550.0,1700,Marketplace,Sale,850.0,0.3333333333333333
ORD02820,2025-11-20,CUST1014,Keyboard,Accessories,North,3.0,1500,0.2,3600.0,2550,Website,Sale,1050.0,0.2916666666666667
ORD02821,2025-02-17,CUST1409,Smartphone,Electronics,East,2.0,28000,0.15,47600.0,41000,App,Sale,6600.0,0.13865546218487396
ORD02822,2025-12-20,CUST1336,Tablet,Electronics,North,6.0,22000,0.05,125400.0,93000,App,Sale,32400.0,0.2583732057416268
ORD02823,2025-06-16,CUST1208,Tablet,Electronics,East,1.0,22000,0.2,17600.0,15500,Website,Sale,2100.0,0.11931818181818182
ORD02824,2025-10-06,CUST1123,Mouse,Accessories,North,4.0,800,0.1,2880.0,1680,Marketplace,Sale,1200.0,0.4166666666666667
ORD02825,2025-10-15,CUST1292,Tablet,Electronics,South,4.0,22000,0.0,88000.0,62000,App,Sale,26000.0,0.29545454545454547
ORD02826,2025-06-21,CUST1219,Keyboard,Accessories,East,2.0,1500,0.2,2400.0,1700,App,Sale,700.0,0.2916666666666667
ORD02827,2025-02-13,CUST1086,Tablet,Electronics,North,6.0,22000,0.1,118800.0,93000,Website,Sale,25800.0,0.21717171717171718
ORD02828,2025-08-01,CUST1356,Monitor,Electronics,North,6.0,12000,0.15,61200.0,45600,App,Sale,15600.0,0.2549019607843137
ORD02829,2025-04-30,CUST1142,Monitor,Electronics,North,4.0,12000,0.05,45600.0,30400,App,Sale,15200.0,0.3333333333333333
ORD02830,2025-09-07,CUST1064,Laptop,Electronics,North,1.0,55000,0.0,55000.0,36000,Marketplace,Sale,19000.0,0.34545454545454546
ORD02831,2025-11-22,CUST1447,Tablet,Electronics,North,4.0,22000,0.0,88000.0,62000,Marketplace,Sale,26000.0,0.29545454545454547
ORD02832,2025-10-14,CUST1403,Keyboard,Accessories,East,2.0,1500,0.05,2850.0,1700,App,Sale,1150.0,0.40350877192982454
ORD02833,2025-04-14,CUST1337,Tablet,Electronics,North,2.0,22000,0.2,35200.0,31000,Website,Sale,4200.0,0.11931818181818182
ORD02834,2025-12-04,CUST1049,Smartphone,Electronics,East,4.0,28000,0.1,100800.0,82000,App,Sale,18800.0,0.1865079365079365
ORD02835,2025-10-14,CUST1037,Monitor,Electronics,North,5.0,12000,0.15,51000.0,38000,Website,Sale,13000.0,0.2549019607843137
ORD02836,2025-10-23,CUST1195,Webcam,Accessories,North,1.0,3200,0.0,3200.0,1900,Website,Sale,1300.0,0.40625
ORD02837,2025-10-26,CUST1447,Laptop,Electronics,South,5.0,55000,0.15,233750.0,180000,App,Sale,53750.0,0.22994652406417113
ORD02838,2025-10-07,CUST1149,Headphones,Accessories,East,6.0,2500,0.05,14250.0,8100,Website,Sale,6150.0,0.43157894736842106
ORD02839,2025-08-23,CUST1124,Tablet,Electronics,North,5.0,22000,0.2,88000.0,77500,App,Sale,10500.0,0.11931818181818182
ORD02840,2025-02-14,CUST1314,Laptop,Electronics,West,5.0,55000,0.05,261250.0,180000,Website,Sale,81250.0,0.31100478468899523
ORD02841,2025-01-10,CUST1235,Webcam,Accessories,East,3.0,3200,0.05,9120.0,5700,Website,Sale,3420.0,0.375
ORD02842,2025-12-09,CUST1004,Monitor,Electronics,South,6.0,12000,0.0,72000.0,45600,App,Sale,26400.0,0.36666666666666664
ORD02843,2025-01-11,CUST1365,Mouse,Accessories,West,4.0,800,0.2,2560.0,1680,App,Sale,880.0,0.34375
ORD02844,2025-04-26,CUST1139,Tablet,Electronics,North,6.0,22000,0.0,132000.0,93000,App,Sale,39000.0,0.29545454545454547
ORD02845,2025-11-12,CUST1315,Webcam,Accessories,North,4.0,3200,0.1,11520.0,7600,Website,Sale,3920.0,0.3402777777777778
ORD02846,2025-05-27,CUST1202,Keyboard,Accessories,East,3.0,1500,0.15,3825.0,2550,Website,Sale,1275.0,0.3333333333333333
ORD02847,2025-11-03,CUST1001,Monitor,Electronics,East,4.0,12000,0.2,38400.0,30400,Website,Sale,8000.0,0.20833333333333334
ORD02848,2025-04-10,CUST1313,Smartphone,Electronics,South,2.0,28000,0.0,56000.0,41000,Website,Sale,15000.0,0.26785714285714285
ORD02849,2025-04-21,CUST1226,Webcam,Accessories,North,6.0,3200,0.1,17280.0,11400,App,Sale,5880.0,0.3402777777777778
ORD02850,2025-01-17,CUST1075,Keyboard,Accessories,East,1.0,1500,0.15,1275.0,850,Website,Sale,425.0,0.3333333333333333
ORD02851,2025-07-24,CUST1389,Headphones,Accessories,North,1.0,2500,0.05,2375.0,1350,Website,Sale,1025.0,0.43157894736842106
ORD02852,2025-01-02,CUST1099,Headphones,Accessories,West,2.0,2500,0.15,4250.0,2700,App,Sale,1550.0,0.36470588235294116
ORD02853,2025-04-22,CUST1238,Smartphone,Electronics,East,5.0,28000,0.1,126000.0,102500,App,Sale,23500.0,0.1865079365079365
ORD02854,2025-12-09,CUST1367,Smartphone,Electronics,East,3.0,28000,0.2,67200.0,61500,Website,Sale,5700.0,0.08482142857142858
ORD02855,2025-04-01,CUST1380,Keyboard,Accessories,East,2.0,1500,0.05,2850.0,1700,App,Sale,1150.0,0.40350877192982454
ORD02856,2025-08-04,CUST1273,Mouse,Accessories,West,6.0,800,0.0,4800.0,2520,Website,Sale,2280.0,0.475
ORD02857,2025-03-07,CUST1303,Tablet,Electronics,South,5.0,22000,0.0,110000.0,77500,Marketplace,Sale,32500.0,0.29545454545454547
ORD02858,2025-12-18,CUST1151,Tablet,Electronics,South,4.0,22000,0.2,70400.0,62000,Marketplace,Sale,8400.0,0.11931818181818182
ORD02859,2025-07-06,CUST1237,Smartphone,Electronics,South,1.0,28000,0.1,25200.0,20500,Website,Sale,4700.0,0.1865079365079365
ORD02860,2025-05-29,CUST1267,Mouse,Accessories,North,6.0,800,0.05,4560.0,2520,App,Sale,2040.0,0.4473684210526316
ORD02861,2025-05-15,CUST1346,Mouse,Accessories,East,6.0,800,0.2,3840.0,2520,App,Sale,1320.0,0.34375
ORD02862,2025-12-13,CUST1387,Headphones,Accessories,South,1.0,2500,0.05,2375.0,1350,Website,Sale,1025.0,0.43157894736842106
ORD02863,2025-06-26,CUST1448,Monitor,Electronics,South,-2.0,12000,0.0,-24000.0,-15200,App,Return,-8800.0,
ORD02864,2025-07-27,CUST1241,Laptop,Electronics,East,4.0,55000,0.15,187000.0,144000,App,Sale,43000.0,0.22994652406417113
ORD02865,2025-10-23,CUST1374,Webcam,Accessories,North,2.0,3200,0.05,6080.0,3800,Marketplace,Sale,2280.0,0.375
ORD02866,2025-04-05,CUST1123,Tablet,Electronics,West,4.0,22000,0.05,83600.0,62000,Marketplace,Sale,21600.0,0.2583732057416268
ORD02867,2025-04-16,CUST1003,Webcam,Accessories,North,2.0,3200,0.2,5120.0,3800,Marketplace,Sale,1320.0,0.2578125
ORD02868,2025-06-14,CUST1038,Webcam,Accessories,North,3.0,3200,0.15,8160.0,5700,Website,Sale,2460.0,0.3014705882352941
ORD02869,2025-04-22,CUST1104,Smartphone,Electronics,West,6.0,28000,0.0,168000.0,123000,App,Sale,45000.0,0.26785714285714285
ORD02870,2025-12-16,CUST1087,Headphones,Accessories,South,6.0,2500,0.15,12750.0,8100,Marketplace,Sale,4650.0,0.36470588235294116
ORD02871,2025-09-16,CUST1297,Mouse,Accessories,North,5.0,800,0.0,4000.0,2100,Website,Sale,1900.0,0.475
ORD02872,2025-04-06,CUST1211,Webcam,Accessories,East,4.0,3200,0.0,12800.0,7600,Website,Sale,5200.0,0.40625
ORD02873,2025-10-13,CUST1046,Mouse,Accessories,West,6.0,800,0.15,4080.0,2520,Website,Sale,1560.0,0.38235294117647056
ORD02874,2025-11-12,CUST1326,Mouse,Accessories,North,4.0,800,0.0,3200.0,1680,Website,Sale,1520.0,0.475
ORD02875,2025-05-27,CUST1130,Tablet,Electronics,East,2.0,22000,0.1,39600.0,31000,App,Sale,8600.0,0.21717171717171718
ORD02876,2025-12-19,CUST1066,Tablet,Electronics,North,5.0,22000,0.0,110000.0,77500,Website,Sale,32500.0,0.29545454545454547
ORD02877,2025-12-04,CUST1378,Webcam,Accessories,North,3.0,3200,0.0,9600.0,5700,App,Sale,3900.0,0.40625
ORD02878,2025-09-28,CUST1310,Mouse,Accessories,North,4.0,800,0.1,2880.0,1680,Marketplace,Sale,1200.0,0.4166666666666667
ORD02879,2025-11-13,CUST1023,Laptop,Electronics,North,4.0,55000,0.05,209000.0,144000,App,Sale,65000.0,0.31100478468899523
ORD02880,2025-11-12,CUST1183,Webcam,Accessories,West,5.0,3200,0.05,15200.0,9500,App,Sale,5700.0,0.375
ORD02881,2025-06-18,CUST1032,Smartphone,Electronics,North,1.0,28000,0.1,25200.0,20500,Website,Sale,4700.0,0.1865079365079365
ORD02882,2025-04-18,CUST1300,Keyboard,Accessories,South,4.0,1500,0.2,4800.0,3400,Website,Sale,1400.0,0.2916666666666667
ORD02883,2025-07-26,CUST1218,Keyboard,Accessories,South,4.0,1500,0.15,5100.0,3400,Website,Sale,1700.0,0.3333333333333333
ORD02884,2025-06-23,CUST1179,Mouse,Accessories,West,6.0,800,0.2,3840.0,2520,App,Sale,1320.0,0.34375
ORD02885,2025-12-31,CUST1110,Laptop,Electronics,South,1.0,55000,0.1,49500.0,36000,App,Sale,13500.0,0.2727272727272727
ORD02886,2025-08-01,CUST1383,Webcam,Accessories,East,1.0,3200,0.0,3200.0,1900,Website,Sale,1300.0,0.40625
ORD02887,2025-03-27,CUST1035,Tablet,Electronics,East,2.0,22000,0.2,35200.0,31000,Marketplace,Sale,4200.0,0.11931818181818182
ORD02888,2025-08-27,CUST1306,Monitor,Electronics,North,3.0,12000,0.2,28800.0,22800,App,Sale,6000.0,0.20833333333333334
ORD02889,2025-03-01,CUST1294,Webcam,Accessories,East,6.0,3200,0.1,17280.0,11400,App,Sale,5880.0,0.3402777777777778
ORD02890,2025-04-24,CUST1247,Tablet,Electronics,North,1.0,22000,0.2,17600.0,15500,Marketplace,Sale,2100.0,0.11931818181818182
ORD02891,2025-11-09,CUST1008,Mouse,Accessories,South,6.0,800,0.05,4560.0,2520,Website,Sale,2040.0,0.4473684210526316
ORD02892,2025-04-11,CUST1143,Smartphone,Electronics,South,5.0,28000,0.05,133000.0,102500,App,Sale,30500.0,0.22932330827067668
ORD02893,2025-01-22,CUST1446,Keyboard,Accessories,West,1.0,1500,0.0,1500.0,850,Website,Sale,650.0,0.43333333333333335
ORD02894,2025-07-05,CUST1198,Headphones,Accessories,North,4.0,2500,0.05,9500.0,5400,App,Sale,4100.0,0.43157894736842106
ORD02895,2025-08-01,CUST1037,Laptop,Electronics,West,6.0,55000,0.05,313500.0,216000,Website,Sale,97500.0,0.31100478468899523
ORD02896,2025-03-28,CUST1442,Webcam,Accessories,South,1.0,3200,0.0,3200.0,1900,App,Sale,1300.0,0.40625
ORD02897,2025-12-14,CUST1297,Mouse,Accessories,South,2.0,800,0.0,1600.0,840,Website,Sale,760.0,0.475
ORD02898,2025-08-08,CUST1433,Monitor,Electronics,North,3.0,12000,0.1,32400.0,22800,Website,Sale,9600.0,0.2962962962962963
ORD02899,2025-11-21,CUST1083,Webcam,Accessories,South,5.0,3200,0.0,16000.0,9500,Website,Sale,6500.0,0.40625
ORD02900,2025-04-22,CUST1129,Monitor,Electronics,East,4.0,12000,0.1,43200.0,30400,Website,Sale,12800.0,0.2962962962962963
ORD02901,2025-01-22,CUST1411,Monitor,Electronics,East,6.0,12000,0.2,57600.0,45600,App,Sale,12000.0,0.20833333333333334
ORD02902,2025-05-20,CUST1005,Headphones,Accessories,East,3.0,2500,0.1,6750.0,4050,Marketplace,Sale,2700.0,0.4
ORD02903,2025-09-14,CUST1350,Smartphone,Electronics,North,6.0,28000,0.15,142800.0,123000,Marketplace,Sale,19800.0,0.13865546218487396
ORD02904,2025-10-20,CUST1073,Tablet,Electronics,South,3.0,22000,0.05,62700.0,46500,Website,Sale,16200.0,0.2583732057416268
ORD02905,2025-05-29,CUST1345,Tablet,Electronics,North,6.0,22000,0.15,112200.0,93000,Marketplace,Sale,19200.0,0.1711229946524064
ORD02906,2025-08-21,CUST1022,Webcam,Accessories,East,5.0,3200,0.0,16000.0,9500,Marketplace,Sale,6500.0,0.40625
ORD02907,2025-09-11,CUST1265,Webcam,Accessories,North,1.0,3200,0.15,2720.0,1900,App,Sale,820.0,0.3014705882352941
ORD02908,2025-12-18,CUST1393,Tablet,Electronics,West,4.0,22000,0.0,88000.0,62000,Website,Sale,26000.0,0.29545454545454547
ORD02909,2025-01-05,CUST1247,Smartphone,Electronics,North,3.0,28000,0.15,71400.0,61500,Website,Sale,9900.0,0.13865546218487396
ORD02910,2025-09-07,CUST1032,Tablet,Electronics,East,6.0,22000,0.15,112200.0,93000,Website,Sale,19200.0,0.1711229946524064
ORD02911,2025-03-09,CUST1077,Smartphone,Electronics,South,3.0,28000,0.05,79800.0,61500,Website,Sale,18300.0,0.22932330827067668
ORD02912,2025-01-18,CUST1449,Headphones,Accessories,South,6.0,2500,0.2,12000.0,8100,Website,Sale,3900.0,0.325
ORD02913,2025-07-05,CUST1101,Smartphone,Electronics,South,1.0,28000,0.1,25200.0,20500,Website,Sale,4700.0,0.1865079365079365
ORD02914,2025-09-21,CUST1147,Webcam,Accessories,South,1.0,3200,0.1,2880.0,1900,App,Sale,980.0,0.3402777777777778
ORD02915,2025-03-06,CUST1132,Monitor,Electronics,South,1.0,12000,0.2,9600.0,7600,Website,Sale,2000.0,0.20833333333333334
ORD02916,2025-05-22,CUST1262,Monitor,Electronics,South,3.0,12000,0.0,36000.0,22800,App,Sale,13200.0,0.36666666666666664
ORD02917,2025-12-15,CUST1387,Tablet,Electronics,North,5.0,22000,0.2,88000.0,77500,Website,Sale,10500.0,0.11931818181818182
ORD02918,2025-09-29,CUST1257,Monitor,Electronics,North,2.0,12000,0.15,20400.0,15200,Website,Sale,5200.0,0.2549019607843137
ORD02919,2025-12-15,CUST1265,Smartphone,Electronics,East,3.0,28000,0.05,79800.0,61500,Website,Sale,18300.0,0.22932330827067668
ORD02920,2025-04-22,CUST1443,Headphones,Accessories,South,5.0,2500,0.15,10625.0,6750,Marketplace,Sale,3875.0,0.36470588235294116
ORD02921,2025-09-15,CUST1151,Smartphone,Electronics,South,2.0,28000,0.15,47600.0,41000,Marketplace,Sale,6600.0,0.13865546218487396
ORD02922,2025-04-14,CUST1169,Monitor,Electronics,South,4.0,12000,0.2,38400.0,30400,Marketplace,Sale,8000.0,0.20833333333333334
ORD02923,2025-06-22,CUST1203,Smartphone,Electronics,West,5.0,28000,0.15,119000.0,102500,Website,Sale,16500.0,0.13865546218487396
ORD02924,2025-12-29,CUST1040,Smartphone,Electronics,South,5.0,28000,0.2,112000.0,102500,Website,Sale,9500.0,0.08482142857142858
ORD02925,2025-11-17,CUST1309,Mouse,Accessories,East,1.0,800,0.05,760.0,420,App,Sale,340.0,0.4473684210526316
ORD02926,2025-07-22,CUST1404,Laptop,Electronics,South,4.0,55000,0.1,198000.0,144000,Website,Sale,54000.0,0.2727272727272727
ORD02927,2025-11-22,CUST1156,Webcam,Accessories,West,1.0,3200,0.1,2880.0,1900,Marketplace,Sale,980.0,0.3402777777777778
ORD02928,2025-05-19,CUST1349,Monitor,Electronics,South,5.0,12000,0.2,48000.0,38000,App,Sale,10000.0,0.20833333333333334
ORD02929,2025-05-05,CUST1047,Tablet,Electronics,North,2.0,22000,0.2,35200.0,31000,App,Sale,4200.0,0.11931818181818182
ORD02930,2025-11-21,CUST1416,Keyboard,Accessories,West,3.0,1500,0.2,3600.0,2550,Website,Sale,1050.0,0.2916666666666667
ORD02931,2025-09-29,CUST1059,Monitor,Electronics,North,4.0,12000,0.2,38400.0,30400,App,Sale,8000.0,0.20833333333333334
ORD02932,2025-09-13,CUST1251,Mouse,Accessories,North,4.0,800,0.15,2720.0,1680,Website,Sale,1040.0,0.38235294117647056
ORD02933,2025-04-18,CUST1285,Smartphone,Electronics,West,2.0,28000,0.05,53200.0,41000,Website,Sale,12200.0,0.22932330827067668
ORD02934,2025-05-29,CUST1158,Monitor,Electronics,South,3.0,12000,0.2,28800.0,22800,Website,Sale,6000.0,0.20833333333333334
ORD02935,2025-05-11,CUST1205,Laptop,Electronics,South,2.0,55000,0.15,93500.0,72000,Website,Sale,21500.0,0.22994652406417113
ORD02936,2025-07-13,CUST1061,Smartphone,Electronics,South,5.0,28000,0.05,133000.0,102500,App,Sale,30500.0,0.22932330827067668
ORD02937,2025-08-01,CUST1362,Tablet,Electronics,North,5.0,22000,0.1,99000.0,77500,App,Sale,21500.0,0.21717171717171718
ORD02938,2025-04-12,CUST1291,Keyboard,Accessories,East,6.0,1500,0.1,8100.0,5100,Website,Sale,3000.0,0.37037037037037035
ORD02939,2025-07-25,CUST1093,Webcam,Accessories,South,1.0,3200,0.1,2880.0,1900,Marketplace,Sale,980.0,0.3402777777777778
ORD02940,2025-04-16,CUST1440,Keyboard,Accessories,East,5.0,1500,0.2,6000.0,4250,Website,Sale,1750.0,0.2916666666666667
ORD02941,2025-03-20,CUST1242,Monitor,Electronics,North,1.0,12000,0.15,10200.0,7600,Marketplace,Sale,2600.0,0.2549019607843137
ORD02942,2025-10-14,CUST1352,Mouse,Accessories,East,4.0,800,0.1,2880.0,1680,App,Sale,1200.0,0.4166666666666667
ORD02943,2025-06-29,CUST1293,Headphones,Accessories,North,5.0,2500,0.1,11250.0,6750,App,Sale,4500.0,0.4
ORD02944,2025-07-29,CUST1218,Webcam,Accessories,West,3.0,3200,0.2,7680.0,5700,Website,Sale,1980.0,0.2578125
ORD02945,2025-07-07,CUST1045,Headphones,Accessories,North,5.0,2500,0.15,10625.0,6750,Website,Sale,3875.0,0.36470588235294116
ORD02946,2025-10-27,CUST1437,Laptop,Electronics,South,5.0,55000,0.2,220000.0,180000,App,Sale,40000.0,0.18181818181818182
ORD02947,2025-11-07,CUST1038,Tablet,Electronics,North,4.0,22000,0.0,88000.0,62000,Website,Sale,26000.0,0.29545454545454547
ORD02948,2025-06-21,CUST1255,Laptop,Electronics,East,3.0,55000,0.1,148500.0,108000,Website,Sale,40500.0,0.2727272727272727
ORD02949,2025-05-14,CUST1049,Laptop,Electronics,West,1.0,55000,0.0,55000.0,36000,Marketplace,Sale,19000.0,0.34545454545454546
ORD02950,2025-08-24,CUST1114,Laptop,Electronics,North,3.0,55000,0.2,132000.0,108000,Website,Sale,24000.0,0.18181818181818182
ORD02951,2025-08-21,CUST1299,Webcam,Accessories,North,4.0,3200,0.05,12160.0,7600,Website,Sale,4560.0,0.375
ORD02952,2025-04-03,CUST1260,Smartphone,Electronics,North,4.0,28000,0.1,100800.0,82000,App,Sale,18800.0,0.1865079365079365
ORD02953,2025-08-13,CUST1185,Keyboard,Accessories,West,3.0,1500,0.2,3600.0,2550,App,Sale,1050.0,0.2916666666666667
ORD02954,2025-04-11,CUST1347,Tablet,Electronics,East,4.0,22000,0.0,88000.0,62000,Website,Sale,26000.0,0.29545454545454547
ORD02955,2025-12-13,CUST1260,Smartphone,Electronics,North,6.0,28000,0.15,142800.0,123000,App,Sale,19800.0,0.13865546218487396
ORD02956,2025-12-19,CUST1102,Webcam,Accessories,North,1.0,3200,0.0,3200.0,1900,Website,Sale,1300.0,0.40625
ORD02957,2025-09-03,CUST1254,Mouse,Accessories,West,6.0,800,0.05,4560.0,2520,App,Sale,2040.0,0.4473684210526316
ORD02958,2025-03-18,CUST1304,Tablet,Electronics,East,6.0,22000,0.15,112200.0,93000,Marketplace,Sale,19200.0,0.1711229946524064
ORD02959,2025-06-21,CUST1226,Webcam,Accessories,East,4.0,3200,0.2,10240.0,7600,Marketplace,Sale,2640.0,0.2578125
ORD02960,2025-11-18,CUST1129,Keyboard,Accessories,East,4.0,1500,0.1,5400.0,3400,App,Sale,2000.0,0.37037037037037035
ORD02961,2025-08-15,CUST1161,Laptop,Electronics,South,5.0,55000,0.1,247500.0,180000,App,Sale,67500.0,0.2727272727272727
ORD02962,2025-05-13,CUST1395,Laptop,Electronics,North,2.0,55000,0.15,93500.0,72000,Website,Sale,21500.0,0.22994652406417113
ORD02963,2025-11-07,CUST1095,Mouse,Accessories,North,2.0,800,0.2,1280.0,840,App,Sale,440.0,0.34375
ORD02964,2025-07-28,CUST1243,Keyboard,Accessories,South,6.0,1500,0.2,7200.0,5100,Website,Sale,2100.0,0.2916666666666667
ORD02965,2025-05-21,CUST1429,Laptop,Electronics,North,6.0,55000,0.15,280500.0,216000,Website,Sale,64500.0,0.22994652406417113
ORD02966,2025-03-14,CUST1149,Mouse,Accessories,West,5.0,800,0.15,3400.0,2100,Marketplace,Sale,1300.0,0.38235294117647056
ORD02967,2025-11-28,CUST1248,Webcam,Accessories,East,4.0,3200,0.0,12800.0,7600,App,Sale,5200.0,0.40625
ORD02968,2025-11-14,CUST1418,Monitor,Electronics,North,3.0,12000,0.2,28800.0,22800,Website,Sale,6000.0,0.20833333333333334
ORD02969,2025-01-11,CUST1058,Tablet,Electronics,North,4.0,22000,0.0,88000.0,62000,Marketplace,Sale,26000.0,0.29545454545454547
ORD02970,2025-10-31,CUST1218,Tablet,Electronics,East,2.0,22000,0.2,35200.0,31000,App,Sale,4200.0,0.11931818181818182
ORD02971,2025-06-14,CUST1011,Headphones,Accessories,East,3.0,2500,0.15,6375.0,4050,App,Sale,2325.0,0.36470588235294116
ORD02972,2025-07-29,CUST1387,Tablet,Electronics,West,1.0,22000,0.15,18700.0,15500,Website,Sale,3200.0,0.1711229946524064
ORD02973,2025-11-22,CUST1048,Monitor,Electronics,North,2.0,12000,0.2,19200.0,15200,Website,Sale,4000.0,0.20833333333333334
ORD02974,2025-03-07,CUST1344,Tablet,Electronics,South,3.0,22000,0.1,59400.0,46500,App,Sale,12900.0,0.21717171717171718
ORD02975,2025-05-08,CUST1250,Tablet,Electronics,East,1.0,22000,0.1,19800.0,15500,Website,Sale,4300.0,0.21717171717171718
ORD02976,2025-11-18,CUST1018,Headphones,Accessories,North,1.0,2500,0.0,2500.0,1350,App,Sale,1150.0,0.46
ORD02977,2025-03-10,CUST1412,Keyboard,Accessories,East,4.0,1500,0.2,4800.0,3400,App,Sale,1400.0,0.2916666666666667
ORD02978,2025-06-29,CUST1317,Webcam,Accessories,South,-2.0,3200,0.1,-5760.0,-3800,App,Return,-1960.0,
ORD02979,2025-01-30,CUST1405,Mouse,Accessories,West,1.0,800,0.15,680.0,420,Marketplace,Sale,260.0,0.38235294117647056
ORD02980,2025-05-06,CUST1133,Webcam,Accessories,North,4.0,3200,0.2,10240.0,7600,App,Sale,2640.0,0.2578125
ORD02981,2025-10-15,CUST1320,Headphones,Accessories,South,6.0,2500,0.2,12000.0,8100,Marketplace,Sale,3900.0,0.325
ORD02982,2025-08-12,CUST1380,Headphones,Accessories,South,2.0,2500,0.15,4250.0,2700,Website,Sale,1550.0,0.36470588235294116
ORD02983,2025-08-03,CUST1125,Webcam,Accessories,West,4.0,3200,0.05,12160.0,7600,Marketplace,Sale,4560.0,0.375
ORD02984,2025-05-16,CUST1140,Laptop,Electronics,East,4.0,55000,0.2,176000.0,144000,Website,Sale,32000.0,0.18181818181818182
ORD02985,2025-04-03,CUST1110,Mouse,Accessories,East,2.0,800,0.0,1600.0,840,Website,Sale,760.0,0.475
ORD02986,2025-01-12,CUST1264,Mouse,Accessories,North,1.0,800,0.2,640.0,420,Marketplace,Sale,220.0,0.34375
ORD02987,2025-09-28,CUST1152,Laptop,Electronics,South,5.0,55000,0.05,261250.0,180000,Website,Sale,81250.0,0.31100478468899523
ORD02988,2025-04-22,CUST1138,Tablet,Electronics,East,4.0,22000,0.2,70400.0,62000,Marketplace,Sale,8400.0,0.11931818181818182
ORD02989,2025-02-05,CUST1391,Monitor,Electronics,South,3.0,12000,0.0,36000.0,22800,Website,Sale,13200.0,0.36666666666666664
ORD02990,2025-05-21,CUST1331,Headphones,Accessories,West,1.0,2500,0.2,2000.0,1350,App,Sale,650.0,0.325
ORD02991,2025-09-27,CUST1294,Monitor,Electronics,South,3.0,12000,0.1,32400.0,22800,App,Sale,9600.0,0.2962962962962963
ORD02992,2025-06-18,CUST1262,Tablet,Electronics,North,4.0,22000,0.0,88000.0,62000,Website,Sale,26000.0,0.29545454545454547
ORD02993,2025-06-16,CUST1121,Smartphone,Electronics,North,6.0,28000,0.1,151200.0,123000,Website,Sale,28200.0,0.1865079365079365
ORD02994,2025-07-31,CUST1188,Headphones,Accessories,North,3.0,2500,0.1,6750.0,4050,App,Sale,2700.0,0.4
ORD02995,2025-02-09,CUST1228,Smartphone,Electronics,West,6.0,28000,0.05,159600.0,123000,Website,Sale,36600.0,0.22932330827067668
ORD02996,2025-10-09,CUST1263,Smartphone,Electronics,East,3.0,28000,0.1,75600.0,61500,Marketplace,Sale,14100.0,0.1865079365079365
ORD02997,2025-10-28,CUST1447,Tablet,Electronics,East,5.0,22000,0.0,110000.0,77500,App,Sale,32500.0,0.29545454545454547
ORD02998,2025-05-26,CUST1223,Keyboard,Accessories,South,5.0,1500,0.15,6375.0,4250,App,Sale,2125.0,0.3333333333333333
ORD02999,2025-06-24,CUST1015,Tablet,Electronics,East,1.0,22000,0.05,20900.0,15500,Website,Sale,5400.0,0.2583732057416268
ORD03000,2025-09-08,CUST1251,Laptop,Electronics,West,4.0,55000,0.1,198000.0,144000,Website,Sale,54000.0,0.2727272727272727
ORD03001,2025-04-07,CUST1141,Monitor,Electronics,South,3.0,12000,0.1,32400.0,22800,Website,Sale,9600.0,0.2962962962962963
ORD03002,2025-01-29,CUST1318,Headphones,Accessories,East,3.0,2500,0.2,6000.0,4050,Marketplace,Sale,1950.0,0.325
ORD03003,2025-08-11,CUST1358,Webcam,Accessories,East,5.0,3200,0.05,15200.0,9500,Website,Sale,5700.0,0.375
ORD03004,2025-08-01,CUST1015,Headphones,Accessories,East,1.0,2500,0.1,2250.0,1350,Website,Sale,900.0,0.4
ORD03005,2025-05-31,CUST1392,Tablet,Electronics,South,1.0,22000,0.1,19800.0,15500,App,Sale,4300.0,0.21717171717171718
ORD03006,2025-08-22,CUST1445,Mouse,Accessories,South,4.0,800,0.2,2560.0,1680,Website,Sale,880.0,0.34375
ORD03007,2025-01-19,CUST1404,Headphones,Accessories,South,6.0,2500,0.0,15000.0,8100,App,Sale,6900.0,0.46
ORD03008,2025-02-10,CUST1016,Headphones,Accessories,South,2.0,2500,0.05,4750.0,2700,App,Sale,2050.0,0.43157894736842106
ORD03009,2025-12-29,CUST1340,Webcam,Accessories,South,2.0,3200,0.15,5440.0,3800,App,Sale,1640.0,0.3014705882352941
ORD03010,2025-10-14,CUST1145,Smartphone,Electronics,West,6.0,28000,0.0,168000.0,123000,App,Sale,45000.0,0.26785714285714285
ORD03011,2025-02-20,CUST1378,Tablet,Electronics,South,4.0,22000,0.15,74800.0,62000,Marketplace,Sale,12800.0,0.1711229946524064
ORD03012,2025-09-20,CUST1246,Smartphone,Electronics,South,3.0,28000,0.05,79800.0,61500,Website,Sale,18300.0,0.22932330827067668
ORD03013,2025-07-06,CUST1389,Laptop,Electronics,East,3.0,55000,0.15,140250.0,108000,Website,Sale,32250.0,0.22994652406417113
ORD03014,2025-07-28,CUST1422,Headphones,Accessories,East,5.0,2500,0.0,12500.0,6750,App,Sale,5750.0,0.46
ORD03015,2025-10-18,CUST1196,Webcam,Accessories,South,5.0,3200,0.15,13600.0,9500,App,Sale,4100.0,0.3014705882352941
ORD03016,2025-11-12,CUST1334,Mouse,Accessories,North,1.0,800,0.1,720.0,420,Marketplace,Sale,300.0,0.4166666666666667
ORD03017,2025-01-06,CUST1137,Webcam,Accessories,North,5.0,3200,0.0,16000.0,9500,Website,Sale,6500.0,0.40625
ORD03018,2025-07-19,CUST1124,Monitor,Electronics,South,1.0,12000,0.2,9600.0,7600,App,Sale,2000.0,0.20833333333333334
ORD03019,2025-05-17,CUST1117,Tablet,Electronics,North,2.0,22000,0.05,41800.0,31000,Marketplace,Sale,10800.0,0.2583732057416268
ORD03020,2025-01-28,CUST1253,Monitor,Electronics,North,2.0,12000,0.2,19200.0,15200,Marketplace,Sale,4000.0,0.20833333333333334
ORD03021,2025-06-18,CUST1333,Webcam,Accessories,East,6.0,3200,0.1,17280.0,11400,Marketplace,Sale,5880.0,0.3402777777777778
ORD03022,2025-08-24,CUST1202,Laptop,Electronics,West,1.0,55000,0.1,49500.0,36000,Website,Sale,13500.0,0.2727272727272727
ORD03023,2025-05-14,CUST1188,Keyboard,Accessories,East,2.0,1500,0.15,2550.0,1700,Website,Sale,850.0,0.3333333333333333
ORD03024,2025-07-01,CUST1350,Keyboard,Accessories,West,3.0,1500,0.05,4275.0,2550,Marketplace,Sale,1725.0,0.40350877192982454
ORD03025,2025-08-22,CUST1292,Headphones,Accessories,East,2.0,2500,0.0,5000.0,2700,Website,Sale,2300.0,0.46
ORD03026,2025-06-24,CUST1025,Monitor,Electronics,South,2.0,12000,0.05,22800.0,15200,Marketplace,Sale,7600.0,0.3333333333333333
ORD03027,2025-04-07,CUST1210,Smartphone,Electronics,South,6.0,28000,0.2,134400.0,123000,App,Sale,11400.0,0.08482142857142858
ORD03028,2025-09-08,CUST1205,Laptop,Electronics,South,3.0,55000,0.05,156750.0,108000,App,Sale,48750.0,0.31100478468899523
ORD03029,2025-11-12,CUST1270,Tablet,Electronics,West,1.0,22000,0.0,22000.0,15500,Marketplace,Sale,6500.0,0.29545454545454547
ORD03030,2025-10-25,CUST1315,Laptop,Electronics,North,3.0,55000,0.05,156750.0,108000,Website,Sale,48750.0,0.31100478468899523
ORD03031,2025-05-29,CUST1374,Mouse,Accessories,South,-2.0,800,0.1,-1440.0,-840,Marketplace,Return,-600.0,
ORD03032,2025-05-03,CUST1055,Webcam,Accessories,North,1.0,3200,0.0,3200.0,1900,Website,Sale,1300.0,0.40625
ORD03033,2025-05-28,CUST1022,Mouse,Accessories,North,4.0,800,0.0,3200.0,1680,App,Sale,1520.0,0.475
ORD03034,2025-03-06,CUST1438,Mouse,Accessories,South,1.0,800,0.05,760.0,420,App,Sale,340.0,0.4473684210526316
ORD03035,2025-07-25,CUST1128,Webcam,Accessories,East,3.0,3200,0.1,8640.0,5700,Marketplace,Sale,2940.0,0.3402777777777778
ORD03036,2025-03-18,CUST1073,Smartphone,Electronics,East,1.0,28000,0.05,26600.0,20500,Website,Sale,6100.0,0.22932330827067668
ORD03037,2025-01-04,CUST1163,Headphones,Accessories,North,6.0,2500,0.15,12750.0,8100,Website,Sale,4650.0,0.36470588235294116
ORD03038,2025-02-04,CUST1123,Monitor,Electronics,East,4.0,12000,0.15,40800.0,30400,App,Sale,10400.0,0.2549019607843137
ORD03039,2025-10-22,CUST1041,Mouse,Accessories,West,1.0,800,0.1,720.0,420,Marketplace,Sale,300.0,0.4166666666666667
ORD03040,2025-08-31,CUST1016,Tablet,Electronics,South,5.0,22000,0.1,99000.0,77500,Website,Sale,21500.0,0.21717171717171718
ORD03041,2025-12-16,CUST1369,Headphones,Accessories,North,6.0,2500,0.1,13500.0,8100,Website,Sale,5400.0,0.4
ORD03042,2025-06-15,CUST1200,Laptop,Electronics,South,3.0,55000,0.0,165000.0,108000,App,Sale,57000.0,0.34545454545454546
ORD03043,2025-04-25,CUST1099,Mouse,Accessories,East,1.0,800,0.1,720.0,420,Website,Sale,300.0,0.4166666666666667
ORD03044,2025-01-02,CUST1229,Keyboard,Accessories,South,1.0,1500,0.15,1275.0,850,App,Sale,425.0,0.3333333333333333
ORD03045,2025-02-19,CUST1282,Keyboard,Accessories,East,4.0,1500,0.0,6000.0,3400,App,Sale,2600.0,0.43333333333333335
ORD03046,2025-04-19,CUST1194,Tablet,Electronics,West,1.0,22000,0.15,18700.0,15500,Website,Sale,3200.0,0.1711229946524064
ORD03047,2025-06-11,CUST1352,Laptop,Electronics,South,3.0,55000,0.2,132000.0,108000,Website,Sale,24000.0,0.18181818181818182
ORD03048,2025-12-26,CUST1310,Headphones,Accessories,South,6.0,2500,0.1,13500.0,8100,App,Sale,5400.0,0.4
ORD03049,2025-11-30,CUST1370,Mouse,Accessories,West,4.0,800,0.1,2880.0,1680,Marketplace,Sale,1200.0,0.4166666666666667
ORD03050,2025-12-27,CUST1430,Keyboard,Accessories,North,3.0,1500,0.05,4275.0,2550,Website,Sale,1725.0,0.40350877192982454
ORD03051,2025-07-15,CUST1217,Keyboard,Accessories,South,4.0,1500,0.05,5700.0,3400,App,Sale,2300.0,0.40350877192982454
ORD03052,2025-08-19,CUST1403,Smartphone,Electronics,North,4.0,28000,0.0,112000.0,82000,Website,Sale,30000.0,0.26785714285714285
ORD03053,2025-10-15,CUST1223,Laptop,Electronics,North,6.0,55000,0.0,330000.0,216000,Website,Sale,114000.0,0.34545454545454546
ORD03054,2025-10-29,CUST1069,Laptop,Electronics,West,5.0,55000,0.0,275000.0,180000,App,Sale,95000.0,0.34545454545454546
ORD03055,2025-09-28,CUST1142,Tablet,Electronics,West,4.0,22000,0.15,74800.0,62000,App,Sale,12800.0,0.1711229946524064
ORD03056,2025-12-24,CUST1156,Smartphone,Electronics,West,1.0,28000,0.0,28000.0,20500,Website,Sale,7500.0,0.26785714285714285
ORD03057,2025-04-14,CUST1076,Headphones,Accessories,East,4.0,2500,0.2,8000.0,5400,Website,Sale,2600.0,0.325
ORD03058,2025-04-15,CUST1374,Mouse,Accessories,South,6.0,800,0.2,3840.0,2520,App,Sale,1320.0,0.34375
ORD03059,2025-03-31,CUST1414,Laptop,Electronics,West,4.0,55000,0.1,198000.0,144000,Website,Sale,54000.0,0.2727272727272727
ORD03060,2025-04-07,CUST1134,Monitor,Electronics,East,5.0,12000,0.05,57000.0,38000,Website,Sale,19000.0,0.3333333333333333
ORD03061,2025-08-19,CUST1110,Headphones,Accessories,East,5.0,2500,0.2,10000.0,6750,Website,Sale,3250.0,0.325
ORD03062,2025-11-06,CUST1313,Tablet,Electronics,South,1.0,22000,0.05,20900.0,15500,Website,Sale,5400.0,0.2583732057416268
ORD03063,2025-05-11,CUST1291,Monitor,Electronics,North,2.0,12000,0.15,20400.0,15200,App,Sale,5200.0,0.2549019607843137
ORD03064,2025-04-07,CUST1285,Mouse,Accessories,East,6.0,800,0.0,4800.0,2520,Website,Sale,2280.0,0.475
ORD03065,2025-09-29,CUST1216,Tablet,Electronics,North,3.0,22000,0.05,62700.0,46500,App,Sale,16200.0,0.2583732057416268
ORD03066,2025-03-11,CUST1206,Tablet,Electronics,South,3.0,22000,0.15,56100.0,46500,App,Sale,9600.0,0.1711229946524064
ORD03067,2025-11-04,CUST1070,Headphones,Accessories,North,1.0,2500,0.15,2125.0,1350,Website,Sale,775.0,0.36470588235294116
ORD03068,2025-11-27,CUST1351,Webcam,Accessories,East,3.0,3200,0.0,9600.0,5700,Website,Sale,3900.0,0.40625
ORD03069,2025-07-11,CUST1371,Laptop,Electronics,East,3.0,55000,0.1,148500.0,108000,App,Sale,40500.0,0.2727272727272727
ORD03070,2025-02-10,CUST1105,Mouse,Accessories,North,1.0,800,0.05,760.0,420,Website,Sale,340.0,0.4473684210526316
ORD03071,2025-02-05,CUST1080,Tablet,Electronics,East,3.0,22000,0.0,66000.0,46500,App,Sale,19500.0,0.29545454545454547
ORD03072,2025-01-18,CUST1213,Mouse,Accessories,North,4.0,800,0.2,2560.0,1680,Marketplace,Sale,880.0,0.34375
ORD03073,2025-04-11,CUST1002,Monitor,Electronics,North,4.0,12000,0.2,38400.0,30400,Marketplace,Sale,8000.0,0.20833333333333334
ORD03074,2025-06-16,CUST1030,Keyboard,Accessories,North,2.0,1500,0.2,2400.0,1700,Website,Sale,700.0,0.2916666666666667
ORD03075,2025-06-03,CUST1142,Tablet,Electronics,South,6.0,22000,0.2,105600.0,93000,Website,Sale,12600.0,0.11931818181818182
ORD03076,2025-01-01,CUST1109,Monitor,Electronics,East,5.0,12000,0.2,48000.0,38000,App,Sale,10000.0,0.20833333333333334
ORD03077,2025-05-06,CUST1051,Headphones,Accessories,South,2.0,2500,0.2,4000.0,2700,Website,Sale,1300.0,0.325
ORD03078,2025-01-20,CUST1146,Tablet,Electronics,South,3.0,22000,0.15,56100.0,46500,App,Sale,9600.0,0.1711229946524064
ORD03079,2025-07-16,CUST1063,Headphones,Accessories,East,3.0,2500,0.1,6750.0,4050,Marketplace,Sale,2700.0,0.4
ORD03080,2025-07-19,CUST1126,Smartphone,Electronics,South,-1.0,28000,0.05,-26600.0,-20500,Marketplace,Return,-6100.0,
ORD03081,2025-07-17,CUST1369,Laptop,Electronics,West,5.0,55000,0.1,247500.0,180000,Website,Sale,67500.0,0.2727272727272727
ORD03082,2025-05-08,CUST1200,Monitor,Electronics,South,1.0,12000,0.15,10200.0,7600,Website,Sale,2600.0,0.2549019607843137
ORD03083,2025-05-13,CUST1324,Monitor,Electronics,East,6.0,12000,0.05,68400.0,45600,Website,Sale,22800.0,0.3333333333333333
ORD03084,2025-02-04,CUST1270,Laptop,Electronics,East,5.0,55000,0.1,247500.0,180000,Marketplace,Sale,67500.0,0.2727272727272727
ORD03085,2025-04-03,CUST1265,Mouse,Accessories,North,4.0,800,0.15,2720.0,1680,Website,Sale,1040.0,0.38235294117647056
ORD03086,2025-06-18,CUST1372,Headphones,Accessories,South,5.0,2500,0.0,12500.0,6750,App,Sale,5750.0,0.46
ORD03087,2025-01-31,CUST1329,Smartphone,Electronics,South,6.0,28000,0.1,151200.0,123000,Marketplace,Sale,28200.0,0.1865079365079365
ORD03088,2025-03-23,CUST1110,Keyboard,Accessories,East,5.0,1500,0.0,7500.0,4250,Website,Sale,3250.0,0.43333333333333335
ORD03089,2025-10-23,CUST1424,Monitor,Electronics,South,3.0,12000,0.05,34200.0,22800,Website,Sale,11400.0,0.3333333333333333
ORD03090,2025-02-25,CUST1359,Laptop,Electronics,North,2.0,55000,0.0,110000.0,72000,App,Sale,38000.0,0.34545454545454546
ORD03091,2025-09-20,CUST1237,Webcam,Accessories,East,3.0,3200,0.2,7680.0,5700,App,Sale,1980.0,0.2578125
ORD03092,2025-03-05,CUST1159,Webcam,Accessories,South,4.0,3200,0.1,11520.0,7600,App,Sale,3920.0,0.3402777777777778
ORD03093,2025-03-05,CUST1050,Smartphone,Electronics,North,6.0,28000,0.0,168000.0,123000,Marketplace,Sale,45000.0,0.26785714285714285
ORD03094,2025-12-03,CUST1148,Headphones,Accessories,East,4.0,2500,0.2,8000.0,5400,Website,Sale,2600.0,0.325
ORD03095,2025-03-06,CUST1322,Keyboard,Accessories,East,4.0,1500,0.05,5700.0,3400,App,Sale,2300.0,0.40350877192982454
ORD03096,2025-01-06,CUST1416,Mouse,Accessories,West,3.0,800,0.05,2280.0,1260,Website,Sale,1020.0,0.4473684210526316
ORD03097,2025-06-09,CUST1362,Mouse,Accessories,West,6.0,800,0.2,3840.0,2520,Marketplace,Sale,1320.0,0.34375
ORD03098,2025-01-27,CUST1091,Tablet,Electronics,East,4.0,22000,0.05,83600.0,62000,Website,Sale,21600.0,0.2583732057416268
ORD03099,2025-01-11,CUST1009,Mouse,Accessories,East,6.0,800,0.0,4800.0,2520,App,Sale,2280.0,0.475
ORD03100,2025-09-10,CUST1033,Tablet,Electronics,East,2.0,22000,0.1,39600.0,31000,App,Sale,8600.0,0.21717171717171718
ORD03101,2025-10-31,CUST1297,Smartphone,Electronics,South,4.0,28000,0.15,95200.0,82000,App,Sale,13200.0,0.13865546218487396
ORD03102,2025-04-23,CUST1195,Monitor,Electronics,South,5.0,12000,0.05,57000.0,38000,App,Sale,19000.0,0.3333333333333333
ORD03103,2025-08-24,CUST1140,Webcam,Accessories,South,5.0,3200,0.0,16000.0,9500,Marketplace,Sale,6500.0,0.40625
ORD03104,2025-08-22,CUST1420,Monitor,Electronics,West,5.0,12000,0.2,48000.0,38000,App,Sale,10000.0,0.20833333333333334
ORD03105,2025-10-31,CUST1368,Monitor,Electronics,North,6.0,12000,0.05,68400.0,45600,Website,Sale,22800.0,0.3333333333333333
ORD03106,2025-12-02,CUST1289,Tablet,Electronics,North,3.0,22000,0.0,66000.0,46500,App,Sale,19500.0,0.29545454545454547
ORD03107,2025-11-10,CUST1064,Headphones,Accessories,South,4.0,2500,0.15,8500.0,5400,App,Sale,3100.0,0.36470588235294116
ORD03108,2025-01-06,CUST1378,Headphones,Accessories,South,1.0,2500,0.2,2000.0,1350,App,Sale,650.0,0.325
ORD03109,2025-03-25,CUST1362,Headphones,Accessories,East,3.0,2500,0.0,7500.0,4050,App,Sale,3450.0,0.46
ORD03110,2025-02-04,CUST1382,Monitor,Electronics,North,5.0,12000,0.15,51000.0,38000,Website,Sale,13000.0,0.2549019607843137
ORD03111,2025-11-02,CUST1117,Keyboard,Accessories,East,3.0,1500,0.0,4500.0,2550,App,Sale,1950.0,0.43333333333333335
ORD03112,2025-06-01,CUST1072,Laptop,Electronics,South,3.0,55000,0.0,165000.0,108000,Website,Sale,57000.0,0.34545454545454546
ORD03113,2025-12-26,CUST1110,Tablet,Electronics,North,1.0,22000,0.05,20900.0,15500,Website,Sale,5400.0,0.2583732057416268
ORD03114,2025-03-13,CUST1180,Tablet,Electronics,East,1.0,22000,0.2,17600.0,15500,Website,Sale,2100.0,0.11931818181818182
ORD03115,2025-12-16,CUST1297,Smartphone,Electronics,East,1.0,28000,0.0,28000.0,20500,Website,Sale,7500.0,0.26785714285714285
ORD03116,2025-04-22,CUST1273,Keyboard,Accessories,South,5.0,1500,0.05,7125.0,4250,App,Sale,2875.0,0.40350877192982454
ORD03117,2025-01-28,CUST1416,Headphones,Accessories,North,5.0,2500,0.1,11250.0,6750,App,Sale,4500.0,0.4
ORD03118,2025-01-10,CUST1022,Webcam,Accessories,North,3.0,3200,0.2,7680.0,5700,App,Sale,1980.0,0.2578125
ORD03119,2025-06-05,CUST1216,Keyboard,Accessories,South,1.0,1500,0.2,1200.0,850,App,Sale,350.0,0.2916666666666667
ORD03120,2025-08-29,CUST1441,Mouse,Accessories,North,2.0,800,0.0,1600.0,840,App,Sale,760.0,0.475
ORD03121,2025-07-12,CUST1157,Keyboard,Accessories,North,2.0,1500,0.1,2700.0,1700,Website,Sale,1000.0,0.37037037037037035
ORD03122,2025-07-30,CUST1056,Laptop,Electronics,South,-1.0,55000,0.1,-49500.0,-36000,Marketplace,Return,-13500.0,
ORD03123,2025-07-07,CUST1350,Tablet,Electronics,South,5.0,22000,0.1,99000.0,77500,App,Sale,21500.0,0.21717171717171718
ORD03124,2025-11-02,CUST1363,Tablet,Electronics,East,2.0,22000,0.0,44000.0,31000,App,Sale,13000.0,0.29545454545454547
ORD03125,2025-10-14,CUST1216,Tablet,Electronics,West,6.0,22000,0.2,105600.0,93000,Marketplace,Sale,12600.0,0.11931818181818182
ORD03126,2025-02-02,CUST1272,Tablet,Electronics,South,4.0,22000,0.0,88000.0,62000,App,Sale,26000.0,0.29545454545454547
ORD03127,2025-08-22,CUST1184,Smartphone,Electronics,East,1.0,28000,0.1,25200.0,20500,Marketplace,Sale,4700.0,0.1865079365079365
ORD03128,2025-06-24,CUST1143,Webcam,Accessories,North,5.0,3200,0.0,16000.0,9500,Website,Sale,6500.0,0.40625
ORD03129,2025-09-13,CUST1178,Webcam,Accessories,East,3.0,3200,0.0,9600.0,5700,Marketplace,Sale,3900.0,0.40625
ORD03130,2025-09-19,CUST1122,Mouse,Accessories,South,5.0,800,0.0,4000.0,2100,App,Sale,1900.0,0.475
ORD03131,2025-01-17,CUST1229,Keyboard,Accessories,North,3.0,1500,0.2,3600.0,2550,Marketplace,Sale,1050.0,0.2916666666666667
ORD03132,2025-05-09,CUST1071,Mouse,Accessories,South,5.0,800,0.1,3600.0,2100,Website,Sale,1500.0,0.4166666666666667
ORD03133,2025-11-22,CUST1351,Headphones,Accessories,East,2.0,2500,0.15,4250.0,2700,Marketplace,Sale,1550.0,0.36470588235294116
ORD03134,2025-06-22,CUST1388,Headphones,Accessories,North,3.0,2500,0.1,6750.0,4050,App,Sale,2700.0,0.4
ORD03135,2025-12-13,CUST1329,Tablet,Electronics,South,6.0,22000,0.2,105600.0,93000,App,Sale,12600.0,0.11931818181818182
ORD03136,2025-02-24,CUST1393,Laptop,Electronics,East,-2.0,55000,0.05,-104500.0,-72000,Website,Return,-32500.0,
ORD03137,2025-02-04,CUST1275,Smartphone,Electronics,East,3.0,28000,0.15,71400.0,61500,Website,Sale,9900.0,0.13865546218487396
ORD03138,2025-01-12,CUST1076,Webcam,Accessories,South,4.0,3200,0.15,10880.0,7600,Marketplace,Sale,3280.0,0.3014705882352941
ORD03139,2025-06-03,CUST1060,Keyboard,Accessories,West,5.0,1500,0.2,6000.0,4250,Website,Sale,1750.0,0.2916666666666667
ORD03140,2025-04-29,CUST1402,Headphones,Accessories,West,4.0,2500,0.0,10000.0,5400,App,Sale,4600.0,0.46
ORD03141,2025-03-10,CUST1336,Webcam,Accessories,North,6.0,3200,0.15,16320.0,11400,Website,Sale,4920.0,0.3014705882352941
ORD03142,2025-04-20,CUST1226,Laptop,Electronics,South,3.0,55000,0.05,156750.0,108000,App,Sale,48750.0,0.31100478468899523
ORD03143,2025-10-30,CUST1437,Keyboard,Accessories,North,4.0,1500,0.2,4800.0,3400,App,Sale,1400.0,0.2916666666666667
ORD03144,2025-01-31,CUST1182,Webcam,Accessories,East,3.0,3200,0.05,9120.0,5700,Marketplace,Sale,3420.0,0.375
ORD03145,2025-02-19,CUST1029,Monitor,Electronics,East,2.0,12000,0.15,20400.0,15200,App,Sale,5200.0,0.2549019607843137
ORD03146,2025-08-24,CUST1416,Smartphone,Electronics,East,3.0,28000,0.15,71400.0,61500,Marketplace,Sale,9900.0,0.13865546218487396
ORD03147,2025-04-18,CUST1132,Headphones,Accessories,North,1.0,2500,0.05,2375.0,1350,Website,Sale,1025.0,0.43157894736842106
ORD03148,2025-10-31,CUST1332,Smartphone,Electronics,North,1.0,28000,0.15,23800.0,20500,Website,Sale,3300.0,0.13865546218487396
ORD03149,2025-07-04,CUST1401,Monitor,Electronics,South,6.0,12000,0.1,64800.0,45600,App,Sale,19200.0,0.2962962962962963
ORD03150,2025-07-07,CUST1426,Keyboard,Accessories,South,6.0,1500,0.05,8550.0,5100,Marketplace,Sale,3450.0,0.40350877192982454
ORD03151,2025-12-09,CUST1435,Keyboard,Accessories,East,3.0,1500,0.05,4275.0,2550,App,Sale,1725.0,0.40350877192982454
ORD03152,2025-08-13,CUST1030,Smartphone,Electronics,East,4.0,28000,0.2,89600.0,82000,App,Sale,7600.0,0.08482142857142858
ORD03153,2025-10-25,CUST1303,Laptop,Electronics,East,2.0,55000,0.05,104500.0,72000,App,Sale,32500.0,0.31100478468899523
ORD03154,2025-01-29,CUST1412,Headphones,Accessories,North,6.0,2500,0.05,14250.0,8100,Website,Sale,6150.0,0.43157894736842106
ORD03155,2025-12-07,CUST1067,Tablet,Electronics,East,2.0,22000,0.1,39600.0,31000,Website,Sale,8600.0,0.21717171717171718
ORD03156,2025-10-09,CUST1017,Keyboard,Accessories,East,3.0,1500,0.1,4050.0,2550,Website,Sale,1500.0,0.37037037037037035
ORD03157,2025-01-25,CUST1152,Webcam,Accessories,South,5.0,3200,0.2,12800.0,9500,Website,Sale,3300.0,0.2578125
ORD03158,2025-07-06,CUST1333,Mouse,Accessories,South,4.0,800,0.15,2720.0,1680,Website,Sale,1040.0,0.38235294117647056
ORD03159,2025-01-11,CUST1080,Smartphone,Electronics,East,1.0,28000,0.0,28000.0,20500,Marketplace,Sale,7500.0,0.26785714285714285
ORD03160,2025-12-04,CUST1072,Laptop,Electronics,South,1.0,55000,0.15,46750.0,36000,Marketplace,Sale,10750.0,0.22994652406417113
ORD03161,2025-08-28,CUST1361,Smartphone,Electronics,South,4.0,28000,0.05,106400.0,82000,Website,Sale,24400.0,0.22932330827067668
ORD03162,2025-12-18,CUST1383,Laptop,Electronics,South,2.0,55000,0.05,104500.0,72000,App,Sale,32500.0,0.31100478468899523
ORD03163,2025-02-06,CUST1351,Keyboard,Accessories,West,3.0,1500,0.05,4275.0,2550,Website,Sale,1725.0,0.40350877192982454
ORD03164,2025-09-13,CUST1309,Keyboard,Accessories,East,5.0,1500,0.15,6375.0,4250,App,Sale,2125.0,0.3333333333333333
ORD03165,2025-07-01,CUST1363,Monitor,Electronics,South,2.0,12000,0.15,20400.0,15200,App,Sale,5200.0,0.2549019607843137
ORD03166,2025-08-13,CUST1082,Mouse,Accessories,South,2.0,800,0.05,1520.0,840,Website,Sale,680.0,0.4473684210526316
ORD03167,2025-12-07,CUST1392,Webcam,Accessories,North,1.0,3200,0.15,2720.0,1900,Marketplace,Sale,820.0,0.3014705882352941
ORD03168,2025-07-19,CUST1062,Headphones,Accessories,East,1.0,2500,0.0,2500.0,1350,Website,Sale,1150.0,0.46
ORD03169,2025-03-11,CUST1347,Smartphone,Electronics,North,5.0,28000,0.2,112000.0,102500,Marketplace,Sale,9500.0,0.08482142857142858
ORD03170,2025-03-28,CUST1105,Smartphone,Electronics,East,4.0,28000,0.15,95200.0,82000,Marketplace,Sale,13200.0,0.13865546218487396
ORD03171,2025-04-22,CUST1311,Tablet,Electronics,South,2.0,22000,0.05,41800.0,31000,App,Sale,10800.0,0.2583732057416268
ORD03172,2025-04-06,CUST1225,Headphones,Accessories,North,1.0,2500,0.0,2500.0,1350,Marketplace,Sale,1150.0,0.46
ORD03173,2025-04-10,CUST1404,Keyboard,Accessories,East,6.0,1500,0.2,7200.0,5100,App,Sale,2100.0,0.2916666666666667
ORD03174,2025-12-09,CUST1002,Headphones,Accessories,North,4.0,2500,0.05,9500.0,5400,App,Sale,4100.0,0.43157894736842106
ORD03175,2025-03-02,CUST1430,Mouse,Accessories,West,1.0,800,0.2,640.0,420,App,Sale,220.0,0.34375
ORD03176,2025-02-23,CUST1026,Tablet,Electronics,East,2.0,22000,0.1,39600.0,31000,App,Sale,8600.0,0.21717171717171718
ORD03177,2025-12-17,CUST1000,Headphones,Accessories,West,5.0,2500,0.0,12500.0,6750,App,Sale,5750.0,0.46
ORD03178,2025-03-30,CUST1177,Tablet,Electronics,North,1.0,22000,0.05,20900.0,15500,Marketplace,Sale,5400.0,0.2583732057416268
ORD03179,2025-10-19,CUST1179,Laptop,Electronics,East,2.0,55000,0.05,104500.0,72000,Website,Sale,32500.0,0.31100478468899523
ORD03180,2025-11-14,CUST1406,Smartphone,Electronics,North,2.0,28000,0.0,56000.0,41000,App,Sale,15000.0,0.26785714285714285
ORD03181,2025-05-25,CUST1113,Headphones,Accessories,North,1.0,2500,0.05,2375.0,1350,Website,Sale,1025.0,0.43157894736842106
ORD03182,2025-09-20,CUST1174,Webcam,Accessories,East,4.0,3200,0.1,11520.0,7600,Website,Sale,3920.0,0.3402777777777778
ORD03183,2025-10-28,CUST1090,Monitor,Electronics,West,3.0,12000,0.1,32400.0,22800,Website,Sale,9600.0,0.2962962962962963
ORD03184,2025-11-15,CUST1053,Webcam,Accessories,North,2.0,3200,0.15,5440.0,3800,Marketplace,Sale,1640.0,0.3014705882352941
ORD03185,2025-12-20,CUST1349,Keyboard,Accessories,East,2.0,1500,0.2,2400.0,1700,Website,Sale,700.0,0.2916666666666667
ORD03186,2025-03-16,CUST1439,Webcam,Accessories,East,3.0,3200,0.05,9120.0,5700,Website,Sale,3420.0,0.375
ORD03187,2025-08-06,CUST1288,Webcam,Accessories,East,4.0,3200,0.1,11520.0,7600,Marketplace,Sale,3920.0,0.3402777777777778
ORD03188,2025-09-30,CUST1330,Keyboard,Accessories,West,5.0,1500,0.0,7500.0,4250,Website,Sale,3250.0,0.43333333333333335
ORD03189,2025-11-25,CUST1275,Keyboard,Accessories,East,1.0,1500,0.2,1200.0,850,App,Sale,350.0,0.2916666666666667
ORD03190,2025-08-21,CUST1220,Monitor,Electronics,East,2.0,12000,0.1,21600.0,15200,App,Sale,6400.0,0.2962962962962963
ORD03191,2025-09-25,CUST1149,Keyboard,Accessories,South,2.0,1500,0.15,2550.0,1700,App,Sale,850.0,0.3333333333333333
ORD03192,2025-04-13,CUST1221,Monitor,Electronics,North,5.0,12000,0.15,51000.0,38000,App,Sale,13000.0,0.2549019607843137
ORD03193,2025-01-26,CUST1072,Smartphone,Electronics,West,4.0,28000,0.05,106400.0,82000,App,Sale,24400.0,0.22932330827067668
ORD03194,2025-02-07,CUST1403,Mouse,Accessories,East,1.0,800,0.0,800.0,420,App,Sale,380.0,0.475
ORD03195,2025-03-14,CUST1251,Smartphone,Electronics,South,-1.0,28000,0.15,-23800.0,-20500,Website,Return,-3300.0,
ORD03196,2025-01-12,CUST1420,Mouse,Accessories,East,1.0,800,0.05,760.0,420,App,Sale,340.0,0.4473684210526316
ORD03197,2025-03-06,CUST1443,Headphones,Accessories,West,4.0,2500,0.2,8000.0,5400,Website,Sale,2600.0,0.325
ORD03198,2025-09-13,CUST1403,Laptop,Electronics,East,1.0,55000,0.15,46750.0,36000,Website,Sale,10750.0,0.22994652406417113
ORD03199,2025-01-17,CUST1158,Keyboard,Accessories,East,6.0,1500,0.2,7200.0,5100,App,Sale,2100.0,0.2916666666666667
ORD03200,2025-07-18,CUST1223,Monitor,Electronics,North,6.0,12000,0.15,61200.0,45600,Marketplace,Sale,15600.0,0.2549019607843137
ORD03201,2025-09-02,CUST1219,Keyboard,Accessories,South,1.0,1500,0.1,1350.0,850,Marketplace,Sale,500.0,0.37037037037037035
ORD03202,2025-04-10,CUST1321,Keyboard,Accessories,North,1.0,1500,0.1,1350.0,850,App,Sale,500.0,0.37037037037037035
ORD03203,2025-09-15,CUST1042,Smartphone,Electronics,South,4.0,28000,0.05,106400.0,82000,App,Sale,24400.0,0.22932330827067668
ORD03204,2025-04-23,CUST1357,Smartphone,Electronics,South,1.0,28000,0.1,25200.0,20500,App,Sale,4700.0,0.1865079365079365
ORD03205,2025-12-05,CUST1214,Keyboard,Accessories,East,6.0,1500,0.1,8100.0,5100,Website,Sale,3000.0,0.37037037037037035
ORD03206,2025-02-06,CUST1151,Keyboard,Accessories,North,1.0,1500,0.15,1275.0,850,App,Sale,425.0,0.3333333333333333
ORD03207,2025-04-29,CUST1402,Monitor,Electronics,West,4.0,12000,0.1,43200.0,30400,Website,Sale,12800.0,0.2962962962962963
ORD03208,2025-07-10,CUST1023,Webcam,Accessories,South,4.0,3200,0.15,10880.0,7600,Website,Sale,3280.0,0.3014705882352941
ORD03209,2025-09-14,CUST1094,Headphones,Accessories,East,6.0,2500,0.05,14250.0,8100,Website,Sale,6150.0,0.43157894736842106
ORD03210,2025-05-28,CUST1239,Tablet,Electronics,South,5.0,22000,0.05,104500.0,77500,Marketplace,Sale,27000.0,0.2583732057416268
ORD03211,2025-03-14,CUST1304,Webcam,Accessories,West,1.0,3200,0.2,2560.0,1900,App,Sale,660.0,0.2578125
ORD03212,2025-11-27,CUST1212,Keyboard,Accessories,West,1.0,1500,0.0,1500.0,850,App,Sale,650.0,0.43333333333333335
ORD03213,2025-10-27,CUST1290,Smartphone,Electronics,South,1.0,28000,0.1,25200.0,20500,App,Sale,4700.0,0.1865079365079365
ORD03214,2025-01-11,CUST1256,Monitor,Electronics,East,5.0,12000,0.1,54000.0,38000,App,Sale,16000.0,0.2962962962962963
ORD03215,2025-09-13,CUST1175,Smartphone,Electronics,South,6.0,28000,0.1,151200.0,123000,Website,Sale,28200.0,0.1865079365079365
ORD03216,2025-11-08,CUST1037,Keyboard,Accessories,North,3.0,1500,0.15,3825.0,2550,App,Sale,1275.0,0.3333333333333333
ORD03217,2025-04-13,CUST1217,Tablet,Electronics,West,6.0,22000,0.0,132000.0,93000,App,Sale,39000.0,0.29545454545454547
ORD03218,2025-12-03,CUST1334,Headphones,Accessories,South,6.0,2500,0.2,12000.0,8100,Marketplace,Sale,3900.0,0.325
ORD03219,2025-12-16,CUST1396,Laptop,Electronics,South,6.0,55000,0.0,330000.0,216000,Website,Sale,114000.0,0.34545454545454546
ORD03220,2025-08-03,CUST1303,Webcam,Accessories,East,5.0,3200,0.1,14400.0,9500,App,Sale,4900.0,0.3402777777777778
ORD03221,2025-05-26,CUST1246,Headphones,Accessories,East,1.0,2500,0.15,2125.0,1350,App,Sale,775.0,0.36470588235294116
ORD03222,2025-01-25,CUST1347,Laptop,Electronics,North,2.0,55000,0.15,93500.0,72000,Marketplace,Sale,21500.0,0.22994652406417113
ORD03223,2025-12-13,CUST1065,Laptop,Electronics,East,2.0,55000,0.2,88000.0,72000,Marketplace,Sale,16000.0,0.18181818181818182
ORD03224,2025-11-23,CUST1087,Laptop,Electronics,East,6.0,55000,0.1,297000.0,216000,Marketplace,Sale,81000.0,0.2727272727272727
ORD03225,2025-02-08,CUST1323,Smartphone,Electronics,North,1.0,28000,0.0,28000.0,20500,App,Sale,7500.0,0.26785714285714285
ORD03226,2025-12-14,CUST1123,Smartphone,Electronics,North,3.0,28000,0.05,79800.0,61500,Marketplace,Sale,18300.0,0.22932330827067668
ORD03227,2025-01-08,CUST1033,Tablet,Electronics,South,3.0,22000,0.1,59400.0,46500,Website,Sale,12900.0,0.21717171717171718
ORD03228,2025-03-14,CUST1389,Keyboard,Accessories,North,2.0,1500,0.1,2700.0,1700,App,Sale,1000.0,0.37037037037037035
ORD03229,2025-07-05,CUST1135,Laptop,Electronics,East,5.0,55000,0.2,220000.0,180000,App,Sale,40000.0,0.18181818181818182
ORD03230,2025-02-14,CUST1346,Laptop,Electronics,South,4.0,55000,0.15,187000.0,144000,App,Sale,43000.0,0.22994652406417113
ORD03231,2025-03-08,CUST1033,Mouse,Accessories,West,4.0,800,0.15,2720.0,1680,Marketplace,Sale,1040.0,0.38235294117647056
ORD03232,2025-09-01,CUST1092,Headphones,Accessories,West,3.0,2500,0.2,6000.0,4050,Website,Sale,1950.0,0.325
ORD03233,2025-02-24,CUST1310,Mouse,Accessories,West,5.0,800,0.05,3800.0,2100,Website,Sale,1700.0,0.4473684210526316
ORD03234,2025-03-13,CUST1325,Laptop,Electronics,North,6.0,55000,0.0,330000.0,216000,Website,Sale,114000.0,0.34545454545454546
ORD03235,2025-03-22,CUST1096,Headphones,Accessories,East,5.0,2500,0.05,11875.0,6750,App,Sale,5125.0,0.43157894736842106
ORD03236,2025-02-05,CUST1075,Laptop,Electronics,East,2.0,55000,0.15,93500.0,72000,App,Sale,21500.0,0.22994652406417113
ORD03237,2025-05-05,CUST1410,Headphones,Accessories,East,3.0,2500,0.15,6375.0,4050,Website,Sale,2325.0,0.36470588235294116
ORD03238,2025-08-04,CUST1306,Smartphone,Electronics,North,1.0,28000,0.15,23800.0,20500,Marketplace,Sale,3300.0,0.13865546218487396
ORD03239,2025-09-05,CUST1383,Keyboard,Accessories,East,2.0,1500,0.15,2550.0,1700,Website,Sale,850.0,0.3333333333333333
ORD03240,2025-10-29,CUST1084,Smartphone,Electronics,West,2.0,28000,0.0,56000.0,41000,Website,Sale,15000.0,0.26785714285714285
ORD03241,2025-09-14,CUST1279,Smartphone,Electronics,West,4.0,28000,0.2,89600.0,82000,Website,Sale,7600.0,0.08482142857142858
ORD03242,2025-01-29,CUST1022,Mouse,Accessories,North,2.0,800,0.2,1280.0,840,Website,Sale,440.0,0.34375
ORD03243,2025-04-19,CUST1169,Headphones,Accessories,East,5.0,2500,0.15,10625.0,6750,App,Sale,3875.0,0.36470588235294116
ORD03244,2025-07-31,CUST1148,Smartphone,Electronics,West,5.0,28000,0.1,126000.0,102500,App,Sale,23500.0,0.1865079365079365
ORD03245,2025-04-23,CUST1438,Keyboard,Accessories,East,4.0,1500,0.1,5400.0,3400,Website,Sale,2000.0,0.37037037037037035
ORD03246,2025-06-21,CUST1104,Webcam,Accessories,East,6.0,3200,0.05,18240.0,11400,Website,Sale,6840.0,0.375
ORD03247,2025-09-21,CUST1296,Tablet,Electronics,East,4.0,22000,0.2,70400.0,62000,Website,Sale,8400.0,0.11931818181818182
ORD03248,2025-07-01,CUST1291,Mouse,Accessories,South,6.0,800,0.05,4560.0,2520,Marketplace,Sale,2040.0,0.4473684210526316
ORD03249,2025-09-22,CUST1166,Smartphone,Electronics,East,1.0,28000,0.0,28000.0,20500,Marketplace,Sale,7500.0,0.26785714285714285
ORD03250,2025-06-30,CUST1203,Headphones,Accessories,East,6.0,2500,0.05,14250.0,8100,Website,Sale,6150.0,0.43157894736842106
ORD03251,2025-05-26,CUST1023,Webcam,Accessories,South,3.0,3200,0.05,9120.0,5700,Website,Sale,3420.0,0.375
ORD03252,2025-03-21,CUST1159,Smartphone,Electronics,South,1.0,28000,0.0,28000.0,20500,App,Sale,7500.0,0.26785714285714285
ORD03253,2025-11-07,CUST1290,Headphones,Accessories,South,1.0,2500,0.0,2500.0,1350,App,Sale,1150.0,0.46
ORD03254,2025-05-14,CUST1279,Webcam,Accessories,South,6.0,3200,0.2,15360.0,11400,Marketplace,Sale,3960.0,0.2578125
ORD03255,2025-09-13,CUST1220,Laptop,Electronics,West,1.0,55000,0.15,46750.0,36000,App,Sale,10750.0,0.22994652406417113
ORD03256,2025-06-08,CUST1107,Mouse,Accessories,North,4.0,800,0.0,3200.0,1680,App,Sale,1520.0,0.475
ORD03257,2025-12-16,CUST1084,Laptop,Electronics,East,5.0,55000,0.1,247500.0,180000,App,Sale,67500.0,0.2727272727272727
ORD03258,2025-07-13,CUST1249,Smartphone,Electronics,East,2.0,28000,0.05,53200.0,41000,Website,Sale,12200.0,0.22932330827067668
ORD03259,2025-04-10,CUST1098,Smartphone,Electronics,South,4.0,28000,0.0,112000.0,82000,App,Sale,30000.0,0.26785714285714285
ORD03260,2025-05-10,CUST1306,Webcam,Accessories,West,4.0,3200,0.15,10880.0,7600,Website,Sale,3280.0,0.3014705882352941
ORD03261,2025-10-07,CUST1315,Webcam,Accessories,East,2.0,3200,0.2,5120.0,3800,Marketplace,Sale,1320.0,0.2578125
ORD03262,2025-11-06,CUST1318,Laptop,Electronics,West,2.0,55000,0.2,88000.0,72000,Website,Sale,16000.0,0.18181818181818182
ORD03263,2025-04-28,CUST1444,Keyboard,Accessories,South,1.0,1500,0.2,1200.0,850,App,Sale,350.0,0.2916666666666667
ORD03264,2025-01-15,CUST1330,Mouse,Accessories,South,3.0,800,0.15,2040.0,1260,Website,Sale,780.0,0.38235294117647056
ORD03265,2025-10-09,CUST1409,Mouse,Accessories,West,-1.0,800,0.2,-640.0,-420,App,Return,-220.0,
ORD03266,2025-02-19,CUST1186,Headphones,Accessories,North,2.0,2500,0.0,5000.0,2700,App,Sale,2300.0,0.46
ORD03267,2025-05-05,CUST1085,Mouse,Accessories,South,-1.0,800,0.0,-800.0,-420,App,Return,-380.0,
ORD03268,2025-03-04,CUST1309,Webcam,Accessories,East,4.0,3200,0.05,12160.0,7600,App,Sale,4560.0,0.375
ORD03269,2025-02-20,CUST1003,Tablet,Electronics,South,4.0,22000,0.1,79200.0,62000,Website,Sale,17200.0,0.21717171717171718
ORD03270,2025-02-12,CUST1420,Monitor,Electronics,East,4.0,12000,0.15,40800.0,30400,Marketplace,Sale,10400.0,0.2549019607843137
ORD03271,2025-09-29,CUST1145,Mouse,Accessories,East,5.0,800,0.15,3400.0,2100,Website,Sale,1300.0,0.38235294117647056
ORD03272,2025-11-13,CUST1005,Tablet,Electronics,South,6.0,22000,0.0,132000.0,93000,App,Sale,39000.0,0.29545454545454547
ORD03273,2025-04-06,CUST1440,Keyboard,Accessories,South,1.0,1500,0.0,1500.0,850,App,Sale,650.0,0.43333333333333335
ORD03274,2025-05-25,CUST1012,Monitor,Electronics,North,2.0,12000,0.05,22800.0,15200,App,Sale,7600.0,0.3333333333333333
ORD03275,2025-04-02,CUST1095,Monitor,Electronics,West,5.0,12000,0.05,57000.0,38000,App,Sale,19000.0,0.3333333333333333
ORD03276,2025-07-04,CUST1288,Laptop,Electronics,East,2.0,55000,0.0,110000.0,72000,App,Sale,38000.0,0.34545454545454546
ORD03277,2025-09-28,CUST1205,Smartphone,Electronics,North,4.0,28000,0.15,95200.0,82000,Website,Sale,13200.0,0.13865546218487396
ORD03278,2025-08-10,CUST1170,Webcam,Accessories,West,-2.0,3200,0.05,-6080.0,-3800,Marketplace,Return,-2280.0,
ORD03279,2025-03-28,CUST1042,Mouse,Accessories,East,1.0,800,0.05,760.0,420,Marketplace,Sale,340.0,0.4473684210526316
ORD03280,2025-04-17,CUST1399,Laptop,Electronics,South,3.0,55000,0.0,165000.0,108000,Marketplace,Sale,57000.0,0.34545454545454546
ORD03281,2025-01-15,CUST1211,Headphones,Accessories,West,1.0,2500,0.2,2000.0,1350,Website,Sale,650.0,0.325
ORD03282,2025-04-30,CUST1286,Keyboard,Accessories,South,4.0,1500,0.15,5100.0,3400,Website,Sale,1700.0,0.3333333333333333
ORD03283,2025-11-30,CUST1164,Keyboard,Accessories,North,6.0,1500,0.1,8100.0,5100,Website,Sale,3000.0,0.37037037037037035
ORD03284,2025-12-09,CUST1280,Smartphone,Electronics,North,4.0,28000,0.2,89600.0,82000,Website,Sale,7600.0,0.08482142857142858
ORD03285,2025-12-20,CUST1032,Mouse,Accessories,East,2.0,800,0.0,1600.0,840,Website,Sale,760.0,0.475
ORD03286,2025-08-07,CUST1186,Webcam,Accessories,East,5.0,3200,0.0,16000.0,9500,Website,Sale,6500.0,0.40625
ORD03287,2025-07-25,CUST1410,Monitor,Electronics,North,6.0,12000,0.15,61200.0,45600,Website,Sale,15600.0,0.2549019607843137
ORD03288,2025-01-26,CUST1261,Keyboard,Accessories,South,5.0,1500,0.1,6750.0,4250,Website,Sale,2500.0,0.37037037037037035
ORD03289,2025-03-25,CUST1126,Laptop,Electronics,South,4.0,55000,0.2,176000.0,144000,App,Sale,32000.0,0.18181818181818182
ORD03290,2025-03-03,CUST1255,Monitor,Electronics,West,1.0,12000,0.1,10800.0,7600,Website,Sale,3200.0,0.2962962962962963
ORD03291,2025-08-13,CUST1049,Monitor,Electronics,North,5.0,12000,0.1,54000.0,38000,App,Sale,16000.0,0.2962962962962963
ORD03292,2025-02-18,CUST1388,Keyboard,Accessories,South,3.0,1500,0.0,4500.0,2550,App,Sale,1950.0,0.43333333333333335
ORD03293,2025-07-12,CUST1225,Laptop,Electronics,South,3.0,55000,0.1,148500.0,108000,Marketplace,Sale,40500.0,0.2727272727272727
ORD03294,2025-08-04,CUST1272,Laptop,Electronics,North,5.0,55000,0.1,247500.0,180000,App,Sale,67500.0,0.2727272727272727
ORD03295,2025-08-31,CUST1110,Tablet,Electronics,East,2.0,22000,0.15,37400.0,31000,Website,Sale,6400.0,0.1711229946524064
ORD03296,2025-12-17,CUST1294,Smartphone,Electronics,South,6.0,28000,0.1,151200.0,123000,Website,Sale,28200.0,0.1865079365079365
ORD03297,2025-04-11,CUST1127,Keyboard,Accessories,South,4.0,1500,0.1,5400.0,3400,Marketplace,Sale,2000.0,0.37037037037037035
ORD03298,2025-07-21,CUST1338,Smartphone,Electronics,South,6.0,28000,0.05,159600.0,123000,App,Sale,36600.0,0.22932330827067668
ORD03299,2025-08-31,CUST1028,Mouse,Accessories,West,2.0,800,0.1,1440.0,840,Website,Sale,600.0,0.4166666666666667
ORD03300,2025-04-10,CUST1203,Laptop,Electronics,East,1.0,55000,0.1,49500.0,36000,Marketplace,Sale,13500.0,0.2727272727272727
ORD03301,2025-01-04,CUST1099,Webcam,Accessories,North,2.0,3200,0.2,5120.0,3800,Marketplace,Sale,1320.0,0.2578125
ORD03302,2025-05-22,CUST1104,Headphones,Accessories,East,6.0,2500,0.0,15000.0,8100,App,Sale,6900.0,0.46
ORD03303,2025-02-13,CUST1244,Tablet,Electronics,South,3.0,22000,0.1,59400.0,46500,Website,Sale,12900.0,0.21717171717171718
ORD03304,2025-11-20,CUST1038,Keyboard,Accessories,North,2.0,1500,0.1,2700.0,1700,Website,Sale,1000.0,0.37037037037037035
ORD03305,2025-07-28,CUST1147,Tablet,Electronics,North,6.0,22000,0.2,105600.0,93000,App,Sale,12600.0,0.11931818181818182
ORD03306,2025-08-15,CUST1191,Tablet,Electronics,North,6.0,22000,0.05,125400.0,93000,Website,Sale,32400.0,0.2583732057416268
ORD03307,2025-07-04,CUST1333,Laptop,Electronics,North,1.0,55000,0.15,46750.0,36000,App,Sale,10750.0,0.22994652406417113
ORD03308,2025-05-23,CUST1133,Smartphone,Electronics,South,6.0,28000,0.05,159600.0,123000,Website,Sale,36600.0,0.22932330827067668
ORD03309,2025-01-14,CUST1380,Monitor,Electronics,South,2.0,12000,0.1,21600.0,15200,Website,Sale,6400.0,0.2962962962962963
ORD03310,2025-03-28,CUST1217,Laptop,Electronics,South,6.0,55000,0.0,330000.0,216000,App,Sale,114000.0,0.34545454545454546
ORD03311,2025-07-19,CUST1158,Laptop,Electronics,East,4.0,55000,0.2,176000.0,144000,App,Sale,32000.0,0.18181818181818182
ORD03312,2025-02-02,CUST1224,Tablet,Electronics,North,-1.0,22000,0.0,-22000.0,-15500,Website,Return,-6500.0,
ORD03313,2025-02-22,CUST1212,Smartphone,Electronics,East,3.0,28000,0.0,84000.0,61500,Website,Sale,22500.0,0.26785714285714285
ORD03314,2025-06-04,CUST1030,Webcam,Accessories,North,5.0,3200,0.05,15200.0,9500,Marketplace,Sale,5700.0,0.375
ORD03315,2025-12-26,CUST1390,Keyboard,Accessories,North,2.0,1500,0.1,2700.0,1700,Website,Sale,1000.0,0.37037037037037035
ORD03316,2025-09-16,CUST1069,Laptop,Electronics,North,1.0,55000,0.0,55000.0,36000,Website,Sale,19000.0,0.34545454545454546
ORD03317,2025-04-25,CUST1296,Mouse,Accessories,North,6.0,800,0.2,3840.0,2520,Marketplace,Sale,1320.0,0.34375
ORD03318,2025-03-11,CUST1385,Keyboard,Accessories,South,4.0,1500,0.1,5400.0,3400,App,Sale,2000.0,0.37037037037037035
ORD03319,2025-09-15,CUST1337,Mouse,Accessories,South,1.0,800,0.1,720.0,420,App,Sale,300.0,0.4166666666666667
ORD03320,2025-04-17,CUST1188,Webcam,Accessories,North,1.0,3200,0.15,2720.0,1900,Marketplace,Sale,820.0,0.3014705882352941
ORD03321,2025-12-11,CUST1121,Headphones,Accessories,East,1.0,2500,0.1,2250.0,1350,Website,Sale,900.0,0.4
ORD03322,2025-01-14,CUST1366,Headphones,Accessories,North,5.0,2500,0.15,10625.0,6750,Website,Sale,3875.0,0.36470588235294116
ORD03323,2025-04-19,CUST1408,Tablet,Electronics,North,4.0,22000,0.0,88000.0,62000,Website,Sale,26000.0,0.29545454545454547
ORD03324,2025-09-14,CUST1053,Webcam,Accessories,East,2.0,3200,0.05,6080.0,3800,App,Sale,2280.0,0.375
ORD03325,2025-05-23,CUST1164,Keyboard,Accessories,South,1.0,1500,0.2,1200.0,850,Marketplace,Sale,350.0,0.2916666666666667
ORD03326,2025-03-22,CUST1019,Mouse,Accessories,South,4.0,800,0.15,2720.0,1680,Website,Sale,1040.0,0.38235294117647056
ORD03327,2025-12-16,CUST1372,Headphones,Accessories,South,4.0,2500,0.05,9500.0,5400,Marketplace,Sale,4100.0,0.43157894736842106
ORD03328,2025-02-08,CUST1042,Headphones,Accessories,East,6.0,2500,0.2,12000.0,8100,Marketplace,Sale,3900.0,0.325
ORD03329,2025-03-28,CUST1167,Tablet,Electronics,South,5.0,22000,0.05,104500.0,77500,App,Sale,27000.0,0.2583732057416268
ORD03330,2025-07-23,CUST1137,Laptop,Electronics,North,2.0,55000,0.0,110000.0,72000,Website,Sale,38000.0,0.34545454545454546
ORD03331,2025-10-14,CUST1073,Monitor,Electronics,South,3.0,12000,0.2,28800.0,22800,Marketplace,Sale,6000.0,0.20833333333333334
ORD03332,2025-08-29,CUST1192,Headphones,Accessories,East,1.0,2500,0.05,2375.0,1350,App,Sale,1025.0,0.43157894736842106
ORD03333,2025-11-11,CUST1138,Monitor,Electronics,East,3.0,12000,0.05,34200.0,22800,App,Sale,11400.0,0.3333333333333333
ORD03334,2025-01-12,CUST1269,Mouse,Accessories,West,2.0,800,0.1,1440.0,840,App,Sale,600.0,0.4166666666666667
ORD03335,2025-09-24,CUST1354,Webcam,Accessories,East,3.0,3200,0.2,7680.0,5700,Website,Sale,1980.0,0.2578125
ORD03336,2025-12-31,CUST1031,Tablet,Electronics,East,1.0,22000,0.15,18700.0,15500,Marketplace,Sale,3200.0,0.1711229946524064
ORD03337,2025-05-25,CUST1340,Keyboard,Accessories,North,2.0,1500,0.15,2550.0,1700,App,Sale,850.0,0.3333333333333333
ORD03338,2025-04-12,CUST1016,Tablet,Electronics,West,5.0,22000,0.2,88000.0,77500,Website,Sale,10500.0,0.11931818181818182
ORD03339,2025-07-31,CUST1193,Tablet,Electronics,East,4.0,22000,0.05,83600.0,62000,Marketplace,Sale,21600.0,0.2583732057416268
ORD03340,2025-06-19,CUST1412,Laptop,Electronics,East,2.0,55000,0.1,99000.0,72000,App,Sale,27000.0,0.2727272727272727
ORD03341,2025-07-03,CUST1190,Monitor,Electronics,East,1.0,12000,0.0,12000.0,7600,Website,Sale,4400.0,0.36666666666666664
ORD03342,2025-10-03,CUST1105,Smartphone,Electronics,South,2.0,28000,0.05,53200.0,41000,Website,Sale,12200.0,0.22932330827067668
ORD03343,2025-06-09,CUST1008,Headphones,Accessories,East,3.0,2500,0.0,7500.0,4050,Website,Sale,3450.0,0.46
ORD03344,2025-01-08,CUST1156,Keyboard,Accessories,West,6.0,1500,0.0,9000.0,5100,Website,Sale,3900.0,0.43333333333333335
ORD03345,2025-03-22,CUST1338,Webcam,Accessories,South,3.0,3200,0.2,7680.0,5700,App,Sale,1980.0,0.2578125
ORD03346,2025-08-21,CUST1086,Smartphone,Electronics,South,5.0,28000,0.1,126000.0,102500,Website,Sale,23500.0,0.1865079365079365
ORD03347,2025-03-22,CUST1082,Headphones,Accessories,South,5.0,2500,0.2,10000.0,6750,App,Sale,3250.0,0.325
ORD03348,2025-05-16,CUST1042,Monitor,Electronics,South,5.0,12000,0.2,48000.0,38000,Marketplace,Sale,10000.0,0.20833333333333334
ORD03349,2025-11-16,CUST1221,Keyboard,Accessories,East,3.0,1500,0.15,3825.0,2550,App,Sale,1275.0,0.3333333333333333
ORD03350,2025-02-05,CUST1448,Laptop,Electronics,South,3.0,55000,0.0,165000.0,108000,App,Sale,57000.0,0.34545454545454546
ORD03351,2025-07-12,CUST1390,Headphones,Accessories,South,-1.0,2500,0.1,-2250.0,-1350,Marketplace,Return,-900.0,
ORD03352,2025-01-24,CUST1216,Keyboard,Accessories,East,4.0,1500,0.15,5100.0,3400,Marketplace,Sale,1700.0,0.3333333333333333
ORD03353,2025-01-23,CUST1424,Laptop,Electronics,South,1.0,55000,0.1,49500.0,36000,Marketplace,Sale,13500.0,0.2727272727272727
ORD03354,2025-12-25,CUST1382,Mouse,Accessories,North,1.0,800,0.15,680.0,420,App,Sale,260.0,0.38235294117647056
ORD03355,2025-12-17,CUST1176,Webcam,Accessories,South,3.0,3200,0.1,8640.0,5700,App,Sale,2940.0,0.3402777777777778
ORD03356,2025-12-31,CUST1046,Mouse,Accessories,South,2.0,800,0.2,1280.0,840,Website,Sale,440.0,0.34375
ORD03357,2025-08-05,CUST1186,Monitor,Electronics,South,3.0,12000,0.1,32400.0,22800,Website,Sale,9600.0,0.2962962962962963
ORD03358,2025-11-02,CUST1198,Keyboard,Accessories,South,1.0,1500,0.2,1200.0,850,Website,Sale,350.0,0.2916666666666667
ORD03359,2025-06-24,CUST1112,Headphones,Accessories,East,3.0,2500,0.0,7500.0,4050,Website,Sale,3450.0,0.46
ORD03360,2025-04-07,CUST1034,Keyboard,Accessories,North,3.0,1500,0.0,4500.0,2550,App,Sale,1950.0,0.43333333333333335
ORD03361,2025-11-25,CUST1296,Tablet,Electronics,East,6.0,22000,0.1,118800.0,93000,App,Sale,25800.0,0.21717171717171718
ORD03362,2025-04-09,CUST1029,Webcam,Accessories,West,6.0,3200,0.05,18240.0,11400,Website,Sale,6840.0,0.375
ORD03363,2025-05-14,CUST1216,Webcam,Accessories,South,5.0,3200,0.05,15200.0,9500,Website,Sale,5700.0,0.375
ORD03364,2025-03-03,CUST1249,Keyboard,Accessories,North,4.0,1500,0.2,4800.0,3400,App,Sale,1400.0,0.2916666666666667
ORD03365,2025-02-16,CUST1341,Webcam,Accessories,East,2.0,3200,0.15,5440.0,3800,Website,Sale,1640.0,0.3014705882352941
ORD03366,2025-01-03,CUST1240,Smartphone,Electronics,South,2.0,28000,0.05,53200.0,41000,Marketplace,Sale,12200.0,0.22932330827067668
ORD03367,2025-09-09,CUST1409,Webcam,Accessories,East,5.0,3200,0.1,14400.0,9500,Marketplace,Sale,4900.0,0.3402777777777778
ORD03368,2025-05-01,CUST1157,Mouse,Accessories,South,6.0,800,0.05,4560.0,2520,Website,Sale,2040.0,0.4473684210526316
ORD03369,2025-06-05,CUST1429,Mouse,Accessories,North,6.0,800,0.1,4320.0,2520,App,Sale,1800.0,0.4166666666666667
ORD03370,2025-09-21,CUST1438,Smartphone,Electronics,South,1.0,28000,0.05,26600.0,20500,App,Sale,6100.0,0.22932330827067668
ORD03371,2025-06-18,CUST1363,Webcam,Accessories,South,2.0,3200,0.0,6400.0,3800,App,Sale,2600.0,0.40625
ORD03372,2025-09-15,CUST1217,Tablet,Electronics,South,5.0,22000,0.0,110000.0,77500,Website,Sale,32500.0,0.29545454545454547
ORD03373,2025-11-30,CUST1212,Keyboard,Accessories,East,4.0,1500,0.05,5700.0,3400,App,Sale,2300.0,0.40350877192982454
ORD03374,2025-09-21,CUST1367,Laptop,Electronics,South,2.0,55000,0.05,104500.0,72000,App,Sale,32500.0,0.31100478468899523
ORD03375,2025-05-23,CUST1341,Mouse,Accessories,South,4.0,800,0.1,2880.0,1680,App,Sale,1200.0,0.4166666666666667
ORD03376,2025-03-21,CUST1425,Headphones,Accessories,South,2.0,2500,0.15,4250.0,2700,Marketplace,Sale,1550.0,0.36470588235294116
ORD03377,2025-01-25,CUST1404,Laptop,Electronics,South,3.0,55000,0.15,140250.0,108000,Website,Sale,32250.0,0.22994652406417113
ORD03378,2025-06-18,CUST1259,Keyboard,Accessories,South,5.0,1500,0.2,6000.0,4250,Website,Sale,1750.0,0.2916666666666667
ORD03379,2025-02-07,CUST1125,Keyboard,Accessories,North,5.0,1500,0.15,6375.0,4250,Website,Sale,2125.0,0.3333333333333333
ORD03380,2025-06-30,CUST1360,Headphones,Accessories,East,2.0,2500,0.2,4000.0,2700,Website,Sale,1300.0,0.325
ORD03381,2025-02-25,CUST1438,Headphones,Accessories,North,6.0,2500,0.1,13500.0,8100,Marketplace,Sale,5400.0,0.4
ORD03382,2025-10-15,CUST1426,Keyboard,Accessories,West,2.0,1500,0.1,2700.0,1700,Website,Sale,1000.0,0.37037037037037035
ORD03383,2025-02-09,CUST1008,Mouse,Accessories,North,5.0,800,0.2,3200.0,2100,App,Sale,1100.0,0.34375
ORD03384,2025-02-16,CUST1106,Headphones,Accessories,South,6.0,2500,0.15,12750.0,8100,Marketplace,Sale,4650.0,0.36470588235294116
ORD03385,2025-10-30,CUST1015,Laptop,Electronics,North,1.0,55000,0.2,44000.0,36000,App,Sale,8000.0,0.18181818181818182
ORD03386,2025-06-17,CUST1069,Webcam,Accessories,South,1.0,3200,0.2,2560.0,1900,Website,Sale,660.0,0.2578125
ORD03387,2025-04-25,CUST1388,Mouse,Accessories,North,5.0,800,0.2,3200.0,2100,Website,Sale,1100.0,0.34375
ORD03388,2025-07-22,CUST1114,Mouse,Accessories,East,4.0,800,0.05,3040.0,1680,App,Sale,1360.0,0.4473684210526316
ORD03389,2025-04-25,CUST1177,Webcam,Accessories,East,4.0,3200,0.0,12800.0,7600,Marketplace,Sale,5200.0,0.40625
ORD03390,2025-09-09,CUST1200,Mouse,Accessories,South,5.0,800,0.15,3400.0,2100,App,Sale,1300.0,0.38235294117647056
ORD03391,2025-05-05,CUST1138,Keyboard,Accessories,North,6.0,1500,0.2,7200.0,5100,App,Sale,2100.0,0.2916666666666667
ORD03392,2025-09-11,CUST1029,Laptop,Electronics,East,3.0,55000,0.2,132000.0,108000,App,Sale,24000.0,0.18181818181818182
ORD03393,2025-02-18,CUST1398,Smartphone,Electronics,North,4.0,28000,0.15,95200.0,82000,Website,Sale,13200.0,0.13865546218487396
ORD03394,2025-10-16,CUST1062,Laptop,Electronics,North,3.0,55000,0.0,165000.0,108000,Website,Sale,57000.0,0.34545454545454546
ORD03395,2025-01-07,CUST1107,Monitor,Electronics,East,5.0,12000,0.0,60000.0,38000,Marketplace,Sale,22000.0,0.36666666666666664
ORD03396,2025-07-20,CUST1385,Mouse,Accessories,East,6.0,800,0.1,4320.0,2520,App,Sale,1800.0,0.4166666666666667
ORD03397,2025-11-22,CUST1254,Keyboard,Accessories,South,1.0,1500,0.05,1425.0,850,App,Sale,575.0,0.40350877192982454
ORD03398,2025-02-25,CUST1335,Headphones,Accessories,South,3.0,2500,0.05,7125.0,4050,Marketplace,Sale,3075.0,0.43157894736842106
ORD03399,2025-11-19,CUST1440,Monitor,Electronics,North,5.0,12000,0.0,60000.0,38000,Marketplace,Sale,22000.0,0.36666666666666664
ORD03400,2025-03-27,CUST1373,Keyboard,Accessories,East,1.0,1500,0.05,1425.0,850,App,Sale,575.0,0.40350877192982454
ORD03401,2025-05-07,CUST1018,Tablet,Electronics,West,6.0,22000,0.15,112200.0,93000,App,Sale,19200.0,0.1711229946524064
ORD03402,2025-09-26,CUST1281,Monitor,Electronics,West,2.0,12000,0.1,21600.0,15200,Marketplace,Sale,6400.0,0.2962962962962963
ORD03403,2025-05-29,CUST1082,Mouse,Accessories,North,1.0,800,0.2,640.0,420,App,Sale,220.0,0.34375
ORD03404,2025-11-21,CUST1261,Tablet,Electronics,North,6.0,22000,0.0,132000.0,93000,Website,Sale,39000.0,0.29545454545454547
ORD03405,2025-04-03,CUST1422,Keyboard,Accessories,North,5.0,1500,0.0,7500.0,4250,Website,Sale,3250.0,0.43333333333333335
ORD03406,2025-09-18,CUST1303,Headphones,Accessories,South,4.0,2500,0.15,8500.0,5400,App,Sale,3100.0,0.36470588235294116
ORD03407,2025-10-10,CUST1163,Laptop,Electronics,East,2.0,55000,0.0,110000.0,72000,Website,Sale,38000.0,0.34545454545454546
ORD03408,2025-07-03,CUST1271,Smartphone,Electronics,North,-2.0,28000,0.0,-56000.0,-41000,App,Return,-15000.0,
ORD03409,2025-05-17,CUST1096,Smartphone,Electronics,East,4.0,28000,0.1,100800.0,82000,App,Sale,18800.0,0.1865079365079365
ORD03410,2025-01-08,CUST1181,Headphones,Accessories,East,1.0,2500,0.1,2250.0,1350,Marketplace,Sale,900.0,0.4
ORD03411,2025-12-14,CUST1362,Smartphone,Electronics,North,3.0,28000,0.05,79800.0,61500,Marketplace,Sale,18300.0,0.22932330827067668
ORD03412,2025-02-23,CUST1278,Monitor,Electronics,North,3.0,12000,0.15,30600.0,22800,Marketplace,Sale,7800.0,0.2549019607843137
ORD03413,2025-08-24,CUST1384,Webcam,Accessories,North,4.0,3200,0.0,12800.0,7600,Website,Sale,5200.0,0.40625
ORD03414,2025-11-08,CUST1090,Mouse,Accessories,East,1.0,800,0.2,640.0,420,App,Sale,220.0,0.34375
ORD03415,2025-08-08,CUST1398,Keyboard,Accessories,South,6.0,1500,0.1,8100.0,5100,App,Sale,3000.0,0.37037037037037035
ORD03416,2025-06-03,CUST1039,Headphones,Accessories,East,2.0,2500,0.1,4500.0,2700,Marketplace,Sale,1800.0,0.4
ORD03417,2025-08-29,CUST1137,Smartphone,Electronics,South,-1.0,28000,0.05,-26600.0,-20500,App,Return,-6100.0,
ORD03418,2025-08-26,CUST1366,Monitor,Electronics,North,6.0,12000,0.2,57600.0,45600,Website,Sale,12000.0,0.20833333333333334
ORD03419,2025-10-24,CUST1323,Keyboard,Accessories,South,4.0,1500,0.15,5100.0,3400,App,Sale,1700.0,0.3333333333333333
ORD03420,2025-06-26,CUST1269,Tablet,Electronics,East,5.0,22000,0.15,93500.0,77500,App,Sale,16000.0,0.1711229946524064
ORD03421,2025-04-03,CUST1359,Smartphone,Electronics,North,6.0,28000,0.2,134400.0,123000,Website,Sale,11400.0,0.08482142857142858
ORD03422,2025-07-20,CUST1140,Mouse,Accessories,East,6.0,800,0.2,3840.0,2520,Website,Sale,1320.0,0.34375
ORD03423,2025-10-04,CUST1133,Headphones,Accessories,North,5.0,2500,0.2,10000.0,6750,App,Sale,3250.0,0.325
ORD03424,2025-06-27,CUST1167,Laptop,Electronics,East,2.0,55000,0.05,104500.0,72000,App,Sale,32500.0,0.31100478468899523
ORD03425,2025-01-05,CUST1334,Webcam,Accessories,South,3.0,3200,0.15,8160.0,5700,App,Sale,2460.0,0.3014705882352941
ORD03426,2025-07-07,CUST1149,Webcam,Accessories,South,2.0,3200,0.2,5120.0,3800,Marketplace,Sale,1320.0,0.2578125
ORD03427,2025-08-13,CUST1090,Smartphone,Electronics,East,2.0,28000,0.0,56000.0,41000,Marketplace,Sale,15000.0,0.26785714285714285
ORD03428,2025-07-22,CUST1436,Mouse,Accessories,West,4.0,800,0.05,3040.0,1680,Website,Sale,1360.0,0.4473684210526316
ORD03429,2025-02-22,CUST1358,Webcam,Accessories,East,2.0,3200,0.2,5120.0,3800,App,Sale,1320.0,0.2578125
ORD03430,2025-01-26,CUST1221,Keyboard,Accessories,South,6.0,1500,0.15,7650.0,5100,Marketplace,Sale,2550.0,0.3333333333333333
ORD03431,2025-11-30,CUST1198,Laptop,Electronics,East,2.0,55000,0.0,110000.0,72000,Website,Sale,38000.0,0.34545454545454546
ORD03432,2025-08-09,CUST1148,Smartphone,Electronics,North,5.0,28000,0.1,126000.0,102500,Marketplace,Sale,23500.0,0.1865079365079365
ORD03433,2025-08-21,CUST1324,Webcam,Accessories,East,2.0,3200,0.05,6080.0,3800,App,Sale,2280.0,0.375
ORD03434,2025-08-07,CUST1093,Webcam,Accessories,North,6.0,3200,0.15,16320.0,11400,Marketplace,Sale,4920.0,0.3014705882352941
ORD03435,2025-08-03,CUST1421,Monitor,Electronics,East,4.0,12000,0.1,43200.0,30400,App,Sale,12800.0,0.2962962962962963
ORD03436,2025-06-09,CUST1163,Laptop,Electronics,East,4.0,55000,0.15,187000.0,144000,App,Sale,43000.0,0.22994652406417113
ORD03437,2025-03-17,CUST1396,Headphones,Accessories,South,1.0,2500,0.05,2375.0,1350,Marketplace,Sale,1025.0,0.43157894736842106
ORD03438,2025-05-17,CUST1351,Laptop,Electronics,South,4.0,55000,0.0,220000.0,144000,App,Sale,76000.0,0.34545454545454546
ORD03439,2025-09-22,CUST1430,Smartphone,Electronics,West,2.0,28000,0.0,56000.0,41000,Website,Sale,15000.0,0.26785714285714285
ORD03440,2025-05-10,CUST1130,Mouse,Accessories,East,2.0,800,0.05,1520.0,840,Marketplace,Sale,680.0,0.4473684210526316
ORD03441,2025-02-07,CUST1149,Monitor,Electronics,North,2.0,12000,0.2,19200.0,15200,App,Sale,4000.0,0.20833333333333334
ORD03442,2025-03-22,CUST1024,Smartphone,Electronics,East,5.0,28000,0.2,112000.0,102500,Marketplace,Sale,9500.0,0.08482142857142858
ORD03443,2025-03-13,CUST1213,Tablet,Electronics,South,4.0,22000,0.2,70400.0,62000,Marketplace,Sale,8400.0,0.11931818181818182
ORD03444,2025-01-24,CUST1118,Laptop,Electronics,East,4.0,55000,0.05,209000.0,144000,App,Sale,65000.0,0.31100478468899523
ORD03445,2025-01-28,CUST1307,Smartphone,Electronics,South,3.0,28000,0.0,84000.0,61500,App,Sale,22500.0,0.26785714285714285
ORD03446,2025-10-15,CUST1246,Keyboard,Accessories,East,3.0,1500,0.0,4500.0,2550,Marketplace,Sale,1950.0,0.43333333333333335
ORD03447,2025-04-18,CUST1097,Keyboard,Accessories,North,2.0,1500,0.2,2400.0,1700,App,Sale,700.0,0.2916666666666667
ORD03448,2025-07-30,CUST1302,Monitor,Electronics,North,3.0,12000,0.2,28800.0,22800,Marketplace,Sale,6000.0,0.20833333333333334
ORD03449,2025-01-11,CUST1299,Keyboard,Accessories,East,6.0,1500,0.2,7200.0,5100,Website,Sale,2100.0,0.2916666666666667
ORD03450,2025-10-13,CUST1247,Mouse,Accessories,East,4.0,800,0.15,2720.0,1680,Website,Sale,1040.0,0.38235294117647056
ORD03451,2025-10-21,CUST1437,Monitor,Electronics,North,6.0,12000,0.0,72000.0,45600,App,Sale,26400.0,0.36666666666666664
ORD03452,2025-12-30,CUST1168,Webcam,Accessories,West,5.0,3200,0.2,12800.0,9500,App,Sale,3300.0,0.2578125
ORD03453,2025-09-03,CUST1069,Keyboard,Accessories,West,5.0,1500,0.15,6375.0,4250,Website,Sale,2125.0,0.3333333333333333
ORD03454,2025-05-30,CUST1223,Monitor,Electronics,South,2.0,12000,0.0,24000.0,15200,App,Sale,8800.0,0.36666666666666664
ORD03455,2025-11-24,CUST1396,Smartphone,Electronics,West,-1.0,28000,0.2,-22400.0,-20500,Website,Return,-1900.0,
ORD03456,2025-03-12,CUST1214,Headphones,Accessories,North,4.0,2500,0.15,8500.0,5400,Website,Sale,3100.0,0.36470588235294116
ORD03457,2025-04-22,CUST1161,Monitor,Electronics,East,4.0,12000,0.05,45600.0,30400,App,Sale,15200.0,0.3333333333333333
ORD03458,2025-04-02,CUST1387,Mouse,Accessories,North,4.0,800,0.15,2720.0,1680,App,Sale,1040.0,0.38235294117647056
ORD03459,2025-11-16,CUST1096,Headphones,Accessories,East,2.0,2500,0.15,4250.0,2700,App,Sale,1550.0,0.36470588235294116
ORD03460,2025-08-28,CUST1427,Laptop,Electronics,West,1.0,55000,0.0,55000.0,36000,Marketplace,Sale,19000.0,0.34545454545454546
ORD03461,2025-05-20,CUST1294,Mouse,Accessories,West,6.0,800,0.15,4080.0,2520,App,Sale,1560.0,0.38235294117647056
ORD03462,2025-04-02,CUST1312,Headphones,Accessories,East,4.0,2500,0.1,9000.0,5400,Website,Sale,3600.0,0.4
ORD03463,2025-12-06,CUST1277,Keyboard,Accessories,South,1.0,1500,0.1,1350.0,850,App,Sale,500.0,0.37037037037037035
ORD03464,2025-02-19,CUST1219,Laptop,Electronics,East,3.0,55000,0.0,165000.0,108000,App,Sale,57000.0,0.34545454545454546
ORD03465,2025-01-17,CUST1410,Smartphone,Electronics,South,1.0,28000,0.2,22400.0,20500,Website,Sale,1900.0,0.08482142857142858
ORD03466,2025-10-23,CUST1157,Webcam,Accessories,North,3.0,3200,0.2,7680.0,5700,Website,Sale,1980.0,0.2578125
ORD03467,2025-05-16,CUST1074,Headphones,Accessories,East,4.0,2500,0.2,8000.0,5400,Website,Sale,2600.0,0.325
ORD03468,2025-12-22,CUST1085,Monitor,Electronics,East,5.0,12000,0.05,57000.0,38000,App,Sale,19000.0,0.3333333333333333
ORD03469,2025-11-16,CUST1319,Headphones,Accessories,North,6.0,2500,0.05,14250.0,8100,App,Sale,6150.0,0.43157894736842106
ORD03470,2025-05-30,CUST1238,Headphones,Accessories,North,6.0,2500,0.2,12000.0,8100,Marketplace,Sale,3900.0,0.325
ORD03471,2025-04-20,CUST1252,Webcam,Accessories,East,2.0,3200,0.0,6400.0,3800,Website,Sale,2600.0,0.40625
ORD03472,2025-08-11,CUST1383,Keyboard,Accessories,North,3.0,1500,0.2,3600.0,2550,Website,Sale,1050.0,0.2916666666666667
ORD03473,2025-05-20,CUST1026,Tablet,Electronics,East,3.0,22000,0.15,56100.0,46500,Website,Sale,9600.0,0.1711229946524064
ORD03474,2025-08-16,CUST1383,Smartphone,Electronics,South,5.0,28000,0.15,119000.0,102500,Website,Sale,16500.0,0.13865546218487396
ORD03475,2025-04-16,CUST1442,Keyboard,Accessories,East,5.0,1500,0.15,6375.0,4250,App,Sale,2125.0,0.3333333333333333
ORD03476,2025-09-03,CUST1260,Webcam,Accessories,West,4.0,3200,0.1,11520.0,7600,App,Sale,3920.0,0.3402777777777778
ORD03477,2025-12-26,CUST1096,Mouse,Accessories,South,6.0,800,0.15,4080.0,2520,App,Sale,1560.0,0.38235294117647056
ORD03478,2025-01-07,CUST1365,Laptop,Electronics,East,4.0,55000,0.15,187000.0,144000,Website,Sale,43000.0,0.22994652406417113
ORD03479,2025-01-09,CUST1179,Mouse,Accessories,East,6.0,800,0.0,4800.0,2520,Website,Sale,2280.0,0.475
ORD03480,2025-01-24,CUST1180,Mouse,Accessories,East,1.0,800,0.15,680.0,420,Website,Sale,260.0,0.38235294117647056
ORD03481,2025-08-13,CUST1004,Tablet,Electronics,East,5.0,22000,0.15,93500.0,77500,Marketplace,Sale,16000.0,0.1711229946524064
ORD03482,2025-02-04,CUST1262,Smartphone,Electronics,North,5.0,28000,0.2,112000.0,102500,Website,Sale,9500.0,0.08482142857142858
ORD03483,2025-07-28,CUST1126,Smartphone,Electronics,West,2.0,28000,0.15,47600.0,41000,App,Sale,6600.0,0.13865546218487396
ORD03484,2025-10-22,CUST1027,Keyboard,Accessories,West,4.0,1500,0.1,5400.0,3400,Website,Sale,2000.0,0.37037037037037035
ORD03485,2025-09-20,CUST1163,Laptop,Electronics,South,6.0,55000,0.05,313500.0,216000,Marketplace,Sale,97500.0,0.31100478468899523
ORD03486,2025-01-17,CUST1115,Smartphone,Electronics,South,4.0,28000,0.0,112000.0,82000,App,Sale,30000.0,0.26785714285714285
ORD03487,2025-12-11,CUST1335,Webcam,Accessories,South,4.0,3200,0.15,10880.0,7600,App,Sale,3280.0,0.3014705882352941
ORD03488,2025-05-23,CUST1114,Monitor,Electronics,North,6.0,12000,0.15,61200.0,45600,Website,Sale,15600.0,0.2549019607843137
ORD03489,2025-02-07,CUST1170,Laptop,Electronics,South,3.0,55000,0.2,132000.0,108000,Website,Sale,24000.0,0.18181818181818182
ORD03490,2025-04-25,CUST1068,Tablet,Electronics,East,5.0,22000,0.2,88000.0,77500,Website,Sale,10500.0,0.11931818181818182
ORD03491,2025-01-16,CUST1018,Headphones,Accessories,North,-1.0,2500,0.1,-2250.0,-1350,Website,Return,-900.0,
ORD03492,2025-05-17,CUST1335,Smartphone,Electronics,East,2.0,28000,0.1,50400.0,41000,App,Sale,9400.0,0.1865079365079365
ORD03493,2025-07-23,CUST1171,Webcam,Accessories,North,2.0,3200,0.1,5760.0,3800,Marketplace,Sale,1960.0,0.3402777777777778
ORD03494,2025-02-14,CUST1449,Tablet,Electronics,North,6.0,22000,0.1,118800.0,93000,Marketplace,Sale,25800.0,0.21717171717171718
ORD03495,2025-04-22,CUST1271,Smartphone,Electronics,South,4.0,28000,0.05,106400.0,82000,Website,Sale,24400.0,0.22932330827067668
ORD03496,2025-11-16,CUST1203,Smartphone,Electronics,West,1.0,28000,0.05,26600.0,20500,Website,Sale,6100.0,0.22932330827067668
ORD03497,2025-06-13,CUST1449,Webcam,Accessories,North,3.0,3200,0.05,9120.0,5700,App,Sale,3420.0,0.375
ORD03498,2025-02-18,CUST1315,Keyboard,Accessories,East,5.0,1500,0.0,7500.0,4250,Website,Sale,3250.0,0.43333333333333335
ORD03499,2025-10-12,CUST1414,Keyboard,Accessories,West,2.0,1500,0.15,2550.0,1700,App,Sale,850.0,0.3333333333333333
ORD03500,2025-02-26,CUST1168,Mouse,Accessories,North,1.0,800,0.0,800.0,420,Website,Sale,380.0,0.475
ORD03501,2025-10-07,CUST1017,Laptop,Electronics,South,2.0,55000,0.05,104500.0,72000,Website,Sale,32500.0,0.31100478468899523
ORD03502,2025-12-22,CUST1328,Laptop,Electronics,East,3.0,55000,0.15,140250.0,108000,Website,Sale,32250.0,0.22994652406417113
ORD03503,2025-10-30,CUST1291,Smartphone,Electronics,North,1.0,28000,0.05,26600.0,20500,App,Sale,6100.0,0.22932330827067668
ORD03504,2025-11-22,CUST1258,Keyboard,Accessories,South,4.0,1500,0.15,5100.0,3400,Marketplace,Sale,1700.0,0.3333333333333333
ORD03505,2025-10-17,CUST1318,Mouse,Accessories,North,4.0,800,0.05,3040.0,1680,Marketplace,Sale,1360.0,0.4473684210526316
ORD03506,2025-10-27,CUST1000,Headphones,Accessories,North,5.0,2500,0.0,12500.0,6750,Marketplace,Sale,5750.0,0.46
ORD03507,2025-08-10,CUST1435,Headphones,Accessories,North,4.0,2500,0.0,10000.0,5400,Website,Sale,4600.0,0.46
ORD03508,2025-04-19,CUST1148,Headphones,Accessories,West,1.0,2500,0.1,2250.0,1350,Marketplace,Sale,900.0,0.4
ORD03509,2025-06-30,CUST1393,Webcam,Accessories,South,2.0,3200,0.2,5120.0,3800,Website,Sale,1320.0,0.2578125
ORD03510,2025-08-30,CUST1111,Tablet,Electronics,North,4.0,22000,0.1,79200.0,62000,Marketplace,Sale,17200.0,0.21717171717171718
ORD03511,2025-07-05,CUST1437,Headphones,Accessories,North,5.0,2500,0.15,10625.0,6750,App,Sale,3875.0,0.36470588235294116
ORD03512,2025-09-06,CUST1345,Mouse,Accessories,North,3.0,800,0.1,2160.0,1260,App,Sale,900.0,0.4166666666666667
ORD03513,2025-06-30,CUST1195,Monitor,Electronics,South,5.0,12000,0.05,57000.0,38000,Marketplace,Sale,19000.0,0.3333333333333333
ORD03514,2025-12-07,CUST1275,Smartphone,Electronics,East,4.0,28000,0.15,95200.0,82000,App,Sale,13200.0,0.13865546218487396
ORD03515,2025-08-29,CUST1173,Keyboard,Accessories,West,1.0,1500,0.2,1200.0,850,App,Sale,350.0,0.2916666666666667
ORD03516,2025-01-17,CUST1347,Smartphone,Electronics,West,5.0,28000,0.0,140000.0,102500,App,Sale,37500.0,0.26785714285714285
ORD03517,2025-10-16,CUST1232,Laptop,Electronics,East,2.0,55000,0.15,93500.0,72000,App,Sale,21500.0,0.22994652406417113
ORD03518,2025-05-23,CUST1095,Keyboard,Accessories,South,6.0,1500,0.05,8550.0,5100,Website,Sale,3450.0,0.40350877192982454
ORD03519,2025-09-28,CUST1327,Webcam,Accessories,South,4.0,3200,0.2,10240.0,7600,Marketplace,Sale,2640.0,0.2578125
ORD03520,2025-08-29,CUST1000,Smartphone,Electronics,North,1.0,28000,0.0,28000.0,20500,Marketplace,Sale,7500.0,0.26785714285714285
ORD03521,2025-05-07,CUST1240,Smartphone,Electronics,East,4.0,28000,0.0,112000.0,82000,App,Sale,30000.0,0.26785714285714285
ORD03522,2025-06-27,CUST1315,Mouse,Accessories,East,6.0,800,0.1,4320.0,2520,App,Sale,1800.0,0.4166666666666667
ORD03523,2025-07-04,CUST1024,Tablet,Electronics,North,2.0,22000,0.15,37400.0,31000,App,Sale,6400.0,0.1711229946524064
ORD03524,2025-09-27,CUST1116,Monitor,Electronics,South,1.0,12000,0.1,10800.0,7600,App,Sale,3200.0,0.2962962962962963
ORD03525,2025-04-28,CUST1090,Webcam,Accessories,North,6.0,3200,0.2,15360.0,11400,Marketplace,Sale,3960.0,0.2578125
ORD03526,2025-08-25,CUST1028,Mouse,Accessories,North,3.0,800,0.2,1920.0,1260,App,Sale,660.0,0.34375
ORD03527,2025-12-16,CUST1158,Headphones,Accessories,East,2.0,2500,0.05,4750.0,2700,Website,Sale,2050.0,0.43157894736842106
ORD03528,2025-12-31,CUST1268,Tablet,Electronics,North,5.0,22000,0.1,99000.0,77500,App,Sale,21500.0,0.21717171717171718
ORD03529,2025-10-19,CUST1445,Webcam,Accessories,North,2.0,3200,0.15,5440.0,3800,Marketplace,Sale,1640.0,0.3014705882352941
ORD03530,2025-11-23,CUST1088,Smartphone,Electronics,South,6.0,28000,0.0,168000.0,123000,Marketplace,Sale,45000.0,0.26785714285714285
ORD03531,2025-11-19,CUST1205,Keyboard,Accessories,North,4.0,1500,0.05,5700.0,3400,App,Sale,2300.0,0.40350877192982454
ORD03532,2025-07-14,CUST1414,Tablet,Electronics,South,6.0,22000,0.15,112200.0,93000,Website,Sale,19200.0,0.1711229946524064
ORD03533,2025-01-23,CUST1341,Monitor,Electronics,North,1.0,12000,0.0,12000.0,7600,Website,Sale,4400.0,0.36666666666666664
ORD03534,2025-04-04,CUST1289,Headphones,Accessories,West,4.0,2500,0.1,9000.0,5400,Website,Sale,3600.0,0.4
ORD03535,2025-11-20,CUST1263,Laptop,Electronics,South,6.0,55000,0.2,264000.0,216000,Marketplace,Sale,48000.0,0.18181818181818182
ORD03536,2025-03-22,CUST1216,Tablet,Electronics,South,6.0,22000,0.1,118800.0,93000,App,Sale,25800.0,0.21717171717171718
ORD03537,2025-11-14,CUST1079,Mouse,Accessories,North,1.0,800,0.1,720.0,420,App,Sale,300.0,0.4166666666666667
ORD03538,2025-12-01,CUST1191,Keyboard,Accessories,South,2.0,1500,0.05,2850.0,1700,Website,Sale,1150.0,0.40350877192982454
ORD03539,2025-09-12,CUST1272,Keyboard,Accessories,East,6.0,1500,0.05,8550.0,5100,Website,Sale,3450.0,0.40350877192982454
ORD03540,2025-04-16,CUST1240,Laptop,Electronics,North,3.0,55000,0.2,132000.0,108000,App,Sale,24000.0,0.18181818181818182
ORD03541,2025-09-19,CUST1201,Webcam,Accessories,South,1.0,3200,0.2,2560.0,1900,Website,Sale,660.0,0.2578125
ORD03542,2025-11-06,CUST1235,Keyboard,Accessories,South,4.0,1500,0.05,5700.0,3400,Marketplace,Sale,2300.0,0.40350877192982454
ORD03543,2025-04-28,CUST1078,Webcam,Accessories,South,5.0,3200,0.05,15200.0,9500,Website,Sale,5700.0,0.375
ORD03544,2025-10-21,CUST1250,Smartphone,Electronics,South,3.0,28000,0.1,75600.0,61500,Website,Sale,14100.0,0.1865079365079365
ORD03545,2025-08-31,CUST1334,Monitor,Electronics,East,6.0,12000,0.0,72000.0,45600,Website,Sale,26400.0,0.36666666666666664
ORD03546,2025-07-17,CUST1312,Webcam,Accessories,East,6.0,3200,0.0,19200.0,11400,App,Sale,7800.0,0.40625
ORD03547,2025-04-15,CUST1170,Mouse,Accessories,East,1.0,800,0.2,640.0,420,Marketplace,Sale,220.0,0.34375
ORD03548,2025-04-25,CUST1201,Laptop,Electronics,West,5.0,55000,0.1,247500.0,180000,App,Sale,67500.0,0.2727272727272727
ORD03549,2025-01-09,CUST1183,Webcam,Accessories,West,2.0,3200,0.15,5440.0,3800,Marketplace,Sale,1640.0,0.3014705882352941
ORD03550,2025-01-29,CUST1046,Tablet,Electronics,South,6.0,22000,0.0,132000.0,93000,Marketplace,Sale,39000.0,0.29545454545454547
ORD03551,2025-11-04,CUST1247,Tablet,Electronics,South,6.0,22000,0.05,125400.0,93000,App,Sale,32400.0,0.2583732057416268
ORD03552,2025-06-12,CUST1152,Webcam,Accessories,North,4.0,3200,0.15,10880.0,7600,Website,Sale,3280.0,0.3014705882352941
ORD03553,2025-08-31,CUST1420,Webcam,Accessories,North,5.0,3200,0.2,12800.0,9500,Website,Sale,3300.0,0.2578125
ORD03554,2025-03-12,CUST1241,Mouse,Accessories,West,2.0,800,0.0,1600.0,840,Website,Sale,760.0,0.475
ORD03555,2025-03-22,CUST1042,Webcam,Accessories,South,5.0,3200,0.2,12800.0,9500,App,Sale,3300.0,0.2578125
ORD03556,2025-02-04,CUST1385,Smartphone,Electronics,West,6.0,28000,0.1,151200.0,123000,Marketplace,Sale,28200.0,0.1865079365079365
ORD03557,2025-06-22,CUST1353,Smartphone,Electronics,North,2.0,28000,0.05,53200.0,41000,Website,Sale,12200.0,0.22932330827067668
ORD03558,2025-09-12,CUST1280,Webcam,Accessories,South,2.0,3200,0.0,6400.0,3800,App,Sale,2600.0,0.40625
ORD03559,2025-11-08,CUST1053,Mouse,Accessories,South,3.0,800,0.05,2280.0,1260,Marketplace,Sale,1020.0,0.4473684210526316
ORD03560,2025-11-03,CUST1136,Keyboard,Accessories,South,4.0,1500,0.05,5700.0,3400,Marketplace,Sale,2300.0,0.40350877192982454
ORD03561,2025-06-14,CUST1371,Smartphone,Electronics,North,-1.0,28000,0.05,-26600.0,-20500,App,Return,-6100.0,
ORD03562,2025-01-26,CUST1382,Headphones,Accessories,North,4.0,2500,0.1,9000.0,5400,Website,Sale,3600.0,0.4
ORD03563,2025-11-30,CUST1249,Laptop,Electronics,East,1.0,55000,0.0,55000.0,36000,Marketplace,Sale,19000.0,0.34545454545454546
ORD03564,2025-05-10,CUST1192,Monitor,Electronics,West,5.0,12000,0.05,57000.0,38000,Marketplace,Sale,19000.0,0.3333333333333333
ORD03565,2025-07-18,CUST1117,Mouse,Accessories,West,2.0,800,0.1,1440.0,840,App,Sale,600.0,0.4166666666666667
ORD03566,2025-03-17,CUST1000,Webcam,Accessories,West,2.0,3200,0.2,5120.0,3800,Marketplace,Sale,1320.0,0.2578125
ORD03567,2025-04-16,CUST1059,Tablet,Electronics,North,2.0,22000,0.1,39600.0,31000,Marketplace,Sale,8600.0,0.21717171717171718
ORD03568,2025-11-21,CUST1083,Tablet,Electronics,East,2.0,22000,0.15,37400.0,31000,Marketplace,Sale,6400.0,0.1711229946524064
ORD03569,2025-10-28,CUST1297,Mouse,Accessories,North,4.0,800,0.15,2720.0,1680,Website,Sale,1040.0,0.38235294117647056
ORD03570,2025-08-13,CUST1268,Mouse,Accessories,East,4.0,800,0.15,2720.0,1680,App,Sale,1040.0,0.38235294117647056
ORD03571,2025-11-01,CUST1134,Headphones,Accessories,East,6.0,2500,0.1,13500.0,8100,App,Sale,5400.0,0.4
ORD03572,2025-07-19,CUST1244,Webcam,Accessories,East,2.0,3200,0.2,5120.0,3800,App,Sale,1320.0,0.2578125
ORD03573,2025-08-13,CUST1189,Monitor,Electronics,East,2.0,12000,0.05,22800.0,15200,Website,Sale,7600.0,0.3333333333333333
ORD03574,2025-11-14,CUST1064,Tablet,Electronics,East,3.0,22000,0.1,59400.0,46500,App,Sale,12900.0,0.21717171717171718
ORD03575,2025-01-21,CUST1378,Laptop,Electronics,South,1.0,55000,0.1,49500.0,36000,Website,Sale,13500.0,0.2727272727272727
ORD03576,2025-06-14,CUST1141,Keyboard,Accessories,South,1.0,1500,0.1,1350.0,850,Marketplace,Sale,500.0,0.37037037037037035
ORD03577,2025-07-29,CUST1396,Tablet,Electronics,West,1.0,22000,0.05,20900.0,15500,Marketplace,Sale,5400.0,0.2583732057416268
ORD03578,2025-05-02,CUST1292,Mouse,Accessories,East,6.0,800,0.1,4320.0,2520,App,Sale,1800.0,0.4166666666666667
ORD03579,2025-09-15,CUST1391,Monitor,Electronics,South,5.0,12000,0.15,51000.0,38000,Website,Sale,13000.0,0.2549019607843137
ORD03580,2025-09-16,CUST1126,Smartphone,Electronics,West,6.0,28000,0.15,142800.0,123000,Website,Sale,19800.0,0.13865546218487396
ORD03581,2025-04-23,CUST1257,Mouse,Accessories,East,4.0,800,0.15,2720.0,1680,Website,Sale,1040.0,0.38235294117647056
ORD03582,2025-01-29,CUST1307,Keyboard,Accessories,North,3.0,1500,0.1,4050.0,2550,Website,Sale,1500.0,0.37037037037037035
ORD03583,2025-12-18,CUST1207,Tablet,Electronics,West,5.0,22000,0.05,104500.0,77500,App,Sale,27000.0,0.2583732057416268
ORD03584,2025-03-23,CUST1377,Webcam,Accessories,West,2.0,3200,0.0,6400.0,3800,Website,Sale,2600.0,0.40625
ORD03585,2025-02-04,CUST1084,Headphones,Accessories,South,2.0,2500,0.2,4000.0,2700,Marketplace,Sale,1300.0,0.325
ORD03586,2025-10-11,CUST1003,Tablet,Electronics,South,6.0,22000,0.0,132000.0,93000,Marketplace,Sale,39000.0,0.29545454545454547
ORD03587,2025-04-13,CUST1072,Laptop,Electronics,South,3.0,55000,0.05,156750.0,108000,App,Sale,48750.0,0.31100478468899523
ORD03588,2025-07-09,CUST1209,Tablet,Electronics,West,6.0,22000,0.0,132000.0,93000,App,Sale,39000.0,0.29545454545454547
ORD03589,2025-02-03,CUST1423,Monitor,Electronics,West,3.0,12000,0.15,30600.0,22800,App,Sale,7800.0,0.2549019607843137
ORD03590,2025-06-20,CUST1158,Smartphone,Electronics,West,1.0,28000,0.1,25200.0,20500,Website,Sale,4700.0,0.1865079365079365
ORD03591,2025-09-03,CUST1271,Webcam,Accessories,West,6.0,3200,0.05,18240.0,11400,App,Sale,6840.0,0.375
ORD03592,2025-05-14,CUST1101,Mouse,Accessories,West,4.0,800,0.2,2560.0,1680,Marketplace,Sale,880.0,0.34375
ORD03593,2025-12-08,CUST1229,Webcam,Accessories,South,4.0,3200,0.15,10880.0,7600,Marketplace,Sale,3280.0,0.3014705882352941
ORD03594,2025-05-29,CUST1006,Laptop,Electronics,South,3.0,55000,0.15,140250.0,108000,Marketplace,Sale,32250.0,0.22994652406417113
ORD03595,2025-12-19,CUST1077,Monitor,Electronics,West,1.0,12000,0.2,9600.0,7600,App,Sale,2000.0,0.20833333333333334
ORD03596,2025-05-30,CUST1058,Tablet,Electronics,East,6.0,22000,0.05,125400.0,93000,Website,Sale,32400.0,0.2583732057416268
ORD03597,2025-07-09,CUST1007,Tablet,Electronics,North,6.0,22000,0.1,118800.0,93000,Website,Sale,25800.0,0.21717171717171718
ORD03598,2025-12-15,CUST1118,Headphones,Accessories,North,6.0,2500,0.1,13500.0,8100,Marketplace,Sale,5400.0,0.4
ORD03599,2025-08-14,CUST1282,Headphones,Accessories,South,1.0,2500,0.0,2500.0,1350,App,Sale,1150.0,0.46
ORD03600,2025-10-28,CUST1333,Tablet,Electronics,North,1.0,22000,0.15,18700.0,15500,Marketplace,Sale,3200.0,0.1711229946524064
ORD03601,2025-11-16,CUST1347,Webcam,Accessories,South,6.0,3200,0.1,17280.0,11400,Website,Sale,5880.0,0.3402777777777778
ORD03602,2025-04-19,CUST1166,Webcam,Accessories,South,3.0,3200,0.15,8160.0,5700,Website,Sale,2460.0,0.3014705882352941
ORD03603,2025-09-06,CUST1446,Mouse,Accessories,South,2.0,800,0.1,1440.0,840,Marketplace,Sale,600.0,0.4166666666666667
ORD03604,2025-05-20,CUST1373,Webcam,Accessories,East,4.0,3200,0.05,12160.0,7600,App,Sale,4560.0,0.375
ORD03605,2025-10-30,CUST1253,Laptop,Electronics,East,3.0,55000,0.2,132000.0,108000,Marketplace,Sale,24000.0,0.18181818181818182
ORD03606,2025-02-23,CUST1107,Webcam,Accessories,East,1.0,3200,0.15,2720.0,1900,Website,Sale,820.0,0.3014705882352941
ORD03607,2025-10-30,CUST1117,Webcam,Accessories,North,4.0,3200,0.2,10240.0,7600,Marketplace,Sale,2640.0,0.2578125
ORD03608,2025-07-14,CUST1166,Smartphone,Electronics,West,5.0,28000,0.0,140000.0,102500,Website,Sale,37500.0,0.26785714285714285
ORD03609,2025-03-20,CUST1065,Mouse,Accessories,North,1.0,800,0.05,760.0,420,App,Sale,340.0,0.4473684210526316
ORD03610,2025-08-20,CUST1250,Smartphone,Electronics,North,5.0,28000,0.1,126000.0,102500,App,Sale,23500.0,0.1865079365079365
ORD03611,2025-01-31,CUST1388,Tablet,Electronics,West,1.0,22000,0.15,18700.0,15500,Website,Sale,3200.0,0.1711229946524064
ORD03612,2025-08-06,CUST1427,Keyboard,Accessories,East,2.0,1500,0.15,2550.0,1700,Website,Sale,850.0,0.3333333333333333
ORD03613,2025-02-14,CUST1133,Laptop,Electronics,East,3.0,55000,0.1,148500.0,108000,App,Sale,40500.0,0.2727272727272727
ORD03614,2025-11-21,CUST1044,Webcam,Accessories,East,6.0,3200,0.2,15360.0,11400,App,Sale,3960.0,0.2578125
ORD03615,2025-02-28,CUST1069,Tablet,Electronics,South,5.0,22000,0.0,110000.0,77500,App,Sale,32500.0,0.29545454545454547
ORD03616,2025-04-09,CUST1343,Webcam,Accessories,South,3.0,3200,0.05,9120.0,5700,Website,Sale,3420.0,0.375
ORD03617,2025-05-25,CUST1001,Monitor,Electronics,West,3.0,12000,0.15,30600.0,22800,Website,Sale,7800.0,0.2549019607843137
ORD03618,2025-08-04,CUST1073,Keyboard,Accessories,West,2.0,1500,0.1,2700.0,1700,App,Sale,1000.0,0.37037037037037035
ORD03619,2025-02-15,CUST1139,Keyboard,Accessories,East,1.0,1500,0.1,1350.0,850,Marketplace,Sale,500.0,0.37037037037037035
ORD03620,2025-03-14,CUST1261,Laptop,Electronics,South,3.0,55000,0.15,140250.0,108000,App,Sale,32250.0,0.22994652406417113
ORD03621,2025-03-30,CUST1157,Tablet,Electronics,South,2.0,22000,0.15,37400.0,31000,App,Sale,6400.0,0.1711229946524064
ORD03622,2025-12-03,CUST1240,Tablet,Electronics,South,5.0,22000,0.0,110000.0,77500,App,Sale,32500.0,0.29545454545454547
ORD03623,2025-03-21,CUST1259,Tablet,Electronics,East,4.0,22000,0.15,74800.0,62000,Website,Sale,12800.0,0.1711229946524064
ORD03624,2025-10-25,CUST1385,Keyboard,Accessories,South,4.0,1500,0.2,4800.0,3400,App,Sale,1400.0,0.2916666666666667
ORD03625,2025-10-22,CUST1080,Mouse,Accessories,East,1.0,800,0.05,760.0,420,Website,Sale,340.0,0.4473684210526316
ORD03626,2025-07-29,CUST1330,Laptop,Electronics,East,6.0,55000,0.1,297000.0,216000,App,Sale,81000.0,0.2727272727272727
ORD03627,2025-01-17,CUST1174,Webcam,Accessories,North,1.0,3200,0.05,3040.0,1900,App,Sale,1140.0,0.375
ORD03628,2025-10-11,CUST1262,Mouse,Accessories,West,2.0,800,0.05,1520.0,840,Website,Sale,680.0,0.4473684210526316
ORD03629,2025-05-24,CUST1446,Laptop,Electronics,North,2.0,55000,0.05,104500.0,72000,App,Sale,32500.0,0.31100478468899523
ORD03630,2025-12-21,CUST1288,Headphones,Accessories,North,2.0,2500,0.0,5000.0,2700,Marketplace,Sale,2300.0,0.46
ORD03631,2025-09-06,CUST1396,Monitor,Electronics,North,3.0,12000,0.2,28800.0,22800,Website,Sale,6000.0,0.20833333333333334
ORD03632,2025-04-04,CUST1210,Webcam,Accessories,South,3.0,3200,0.0,9600.0,5700,App,Sale,3900.0,0.40625
ORD03633,2025-03-15,CUST1053,Tablet,Electronics,North,5.0,22000,0.2,88000.0,77500,App,Sale,10500.0,0.11931818181818182
ORD03634,2025-08-07,CUST1271,Mouse,Accessories,North,3.0,800,0.0,2400.0,1260,Marketplace,Sale,1140.0,0.475
ORD03635,2025-09-03,CUST1019,Tablet,Electronics,North,6.0,22000,0.0,132000.0,93000,Website,Sale,39000.0,0.29545454545454547
ORD03636,2025-11-25,CUST1214,Webcam,Accessories,East,5.0,3200,0.15,13600.0,9500,Website,Sale,4100.0,0.3014705882352941
ORD03637,2025-10-13,CUST1100,Smartphone,Electronics,South,1.0,28000,0.1,25200.0,20500,Website,Sale,4700.0,0.1865079365079365
ORD03638,2025-02-12,CUST1026,Mouse,Accessories,East,-1.0,800,0.0,-800.0,-420,Website,Return,-380.0,
ORD03639,2025-04-01,CUST1252,Laptop,Electronics,East,4.0,55000,0.0,220000.0,144000,Marketplace,Sale,76000.0,0.34545454545454546
ORD03640,2025-12-01,CUST1169,Smartphone,Electronics,South,1.0,28000,0.05,26600.0,20500,App,Sale,6100.0,0.22932330827067668
ORD03641,2025-04-17,CUST1057,Tablet,Electronics,South,6.0,22000,0.05,125400.0,93000,App,Sale,32400.0,0.2583732057416268
ORD03642,2025-10-09,CUST1403,Keyboard,Accessories,North,4.0,1500,0.1,5400.0,3400,Marketplace,Sale,2000.0,0.37037037037037035
ORD03643,2025-08-21,CUST1110,Laptop,Electronics,North,4.0,55000,0.2,176000.0,144000,App,Sale,32000.0,0.18181818181818182
ORD03644,2025-05-04,CUST1278,Headphones,Accessories,West,3.0,2500,0.1,6750.0,4050,Marketplace,Sale,2700.0,0.4
ORD03645,2025-01-20,CUST1374,Tablet,Electronics,West,6.0,22000,0.15,112200.0,93000,App,Sale,19200.0,0.1711229946524064
ORD03646,2025-02-18,CUST1144,Monitor,Electronics,South,2.0,12000,0.1,21600.0,15200,Website,Sale,6400.0,0.2962962962962963
ORD03647,2025-07-11,CUST1015,Webcam,Accessories,North,3.0,3200,0.0,9600.0,5700,App,Sale,3900.0,0.40625
ORD03648,2025-04-17,CUST1027,Laptop,Electronics,South,4.0,55000,0.05,209000.0,144000,Website,Sale,65000.0,0.31100478468899523
ORD03649,2025-07-18,CUST1194,Smartphone,Electronics,North,4.0,28000,0.15,95200.0,82000,App,Sale,13200.0,0.13865546218487396
ORD03650,2025-03-21,CUST1162,Laptop,Electronics,South,1.0,55000,0.15,46750.0,36000,Marketplace,Sale,10750.0,0.22994652406417113
ORD03651,2025-01-24,CUST1002,Monitor,Electronics,East,5.0,12000,0.2,48000.0,38000,Marketplace,Sale,10000.0,0.20833333333333334
ORD03652,2025-07-31,CUST1186,Mouse,Accessories,North,6.0,800,0.1,4320.0,2520,Website,Sale,1800.0,0.4166666666666667
ORD03653,2025-10-08,CUST1360,Smartphone,Electronics,North,3.0,28000,0.0,84000.0,61500,Website,Sale,22500.0,0.26785714285714285
ORD03654,2025-09-03,CUST1297,Webcam,Accessories,South,4.0,3200,0.1,11520.0,7600,Marketplace,Sale,3920.0,0.3402777777777778
ORD03655,2025-08-17,CUST1255,Keyboard,Accessories,South,1.0,1500,0.1,1350.0,850,App,Sale,500.0,0.37037037037037035
ORD03656,2025-09-11,CUST1269,Tablet,Electronics,North,6.0,22000,0.1,118800.0,93000,App,Sale,25800.0,0.21717171717171718
ORD03657,2025-12-27,CUST1162,Monitor,Electronics,North,4.0,12000,0.2,38400.0,30400,Website,Sale,8000.0,0.20833333333333334
ORD03658,2025-02-04,CUST1186,Keyboard,Accessories,West,1.0,1500,0.05,1425.0,850,Website,Sale,575.0,0.40350877192982454
ORD03659,2025-04-22,CUST1047,Mouse,Accessories,North,4.0,800,0.0,3200.0,1680,Website,Sale,1520.0,0.475
ORD03660,2025-07-25,CUST1098,Keyboard,Accessories,North,3.0,1500,0.0,4500.0,2550,Website,Sale,1950.0,0.43333333333333335
ORD03661,2025-09-10,CUST1058,Monitor,Electronics,South,4.0,12000,0.0,48000.0,30400,Website,Sale,17600.0,0.36666666666666664
ORD03662,2025-04-20,CUST1083,Monitor,Electronics,South,6.0,12000,0.2,57600.0,45600,Marketplace,Sale,12000.0,0.20833333333333334
ORD03663,2025-08-29,CUST1340,Headphones,Accessories,South,4.0,2500,0.1,9000.0,5400,Marketplace,Sale,3600.0,0.4
ORD03664,2025-05-29,CUST1436,Webcam,Accessories,North,6.0,3200,0.0,19200.0,11400,Website,Sale,7800.0,0.40625
ORD03665,2025-05-24,CUST1162,Smartphone,Electronics,South,3.0,28000,0.0,84000.0,61500,Website,Sale,22500.0,0.26785714285714285
ORD03666,2025-08-12,CUST1150,Smartphone,Electronics,North,2.0,28000,0.05,53200.0,41000,Website,Sale,12200.0,0.22932330827067668
ORD03667,2025-08-05,CUST1050,Webcam,Accessories,East,1.0,3200,0.05,3040.0,1900,App,Sale,1140.0,0.375
ORD03668,2025-03-18,CUST1146,Webcam,Accessories,East,4.0,3200,0.1,11520.0,7600,App,Sale,3920.0,0.3402777777777778
ORD03669,2025-04-30,CUST1330,Keyboard,Accessories,North,5.0,1500,0.1,6750.0,4250,Website,Sale,2500.0,0.37037037037037035
ORD03670,2025-12-20,CUST1323,Monitor,Electronics,South,2.0,12000,0.1,21600.0,15200,Website,Sale,6400.0,0.2962962962962963
ORD03671,2025-09-12,CUST1231,Laptop,Electronics,North,6.0,55000,0.15,280500.0,216000,Website,Sale,64500.0,0.22994652406417113
ORD03672,2025-10-13,CUST1327,Laptop,Electronics,East,3.0,55000,0.0,165000.0,108000,Website,Sale,57000.0,0.34545454545454546
ORD03673,2025-05-04,CUST1017,Mouse,Accessories,West,3.0,800,0.2,1920.0,1260,App,Sale,660.0,0.34375
ORD03674,2025-07-04,CUST1408,Headphones,Accessories,North,2.0,2500,0.0,5000.0,2700,Marketplace,Sale,2300.0,0.46
ORD03675,2025-01-03,CUST1318,Tablet,Electronics,North,1.0,22000,0.0,22000.0,15500,Website,Sale,6500.0,0.29545454545454547
ORD03676,2025-05-18,CUST1016,Headphones,Accessories,West,2.0,2500,0.2,4000.0,2700,App,Sale,1300.0,0.325
ORD03677,2025-03-20,CUST1105,Keyboard,Accessories,North,4.0,1500,0.05,5700.0,3400,App,Sale,2300.0,0.40350877192982454
ORD03678,2025-11-22,CUST1018,Monitor,Electronics,South,4.0,12000,0.0,48000.0,30400,Website,Sale,17600.0,0.36666666666666664
ORD03679,2025-04-01,CUST1201,Laptop,Electronics,South,5.0,55000,0.2,220000.0,180000,Website,Sale,40000.0,0.18181818181818182
ORD03680,2025-04-03,CUST1398,Monitor,Electronics,South,4.0,12000,0.2,38400.0,30400,App,Sale,8000.0,0.20833333333333334
ORD03681,2025-04-05,CUST1265,Headphones,Accessories,East,4.0,2500,0.15,8500.0,5400,Website,Sale,3100.0,0.36470588235294116
ORD03682,2025-05-03,CUST1142,Tablet,Electronics,West,6.0,22000,0.0,132000.0,93000,Website,Sale,39000.0,0.29545454545454547
ORD03683,2025-04-07,CUST1092,Headphones,Accessories,North,6.0,2500,0.15,12750.0,8100,Marketplace,Sale,4650.0,0.36470588235294116
ORD03684,2025-03-19,CUST1133,Keyboard,Accessories,South,2.0,1500,0.0,3000.0,1700,App,Sale,1300.0,0.43333333333333335
ORD03685,2025-08-22,CUST1290,Keyboard,Accessories,East,2.0,1500,0.1,2700.0,1700,Marketplace,Sale,1000.0,0.37037037037037035
ORD03686,2025-04-26,CUST1253,Laptop,Electronics,South,5.0,55000,0.1,247500.0,180000,App,Sale,67500.0,0.2727272727272727
ORD03687,2025-04-25,CUST1113,Smartphone,Electronics,South,4.0,28000,0.05,106400.0,82000,Website,Sale,24400.0,0.22932330827067668
ORD03688,2025-08-05,CUST1052,Monitor,Electronics,South,2.0,12000,0.2,19200.0,15200,Website,Sale,4000.0,0.20833333333333334
ORD03689,2025-05-03,CUST1091,Laptop,Electronics,West,1.0,55000,0.0,55000.0,36000,App,Sale,19000.0,0.34545454545454546
ORD03690,2025-05-23,CUST1092,Keyboard,Accessories,South,6.0,1500,0.0,9000.0,5100,Website,Sale,3900.0,0.43333333333333335
ORD03691,2025-10-13,CUST1030,Mouse,Accessories,East,5.0,800,0.1,3600.0,2100,App,Sale,1500.0,0.4166666666666667
ORD03692,2025-06-05,CUST1287,Monitor,Electronics,North,2.0,12000,0.15,20400.0,15200,App,Sale,5200.0,0.2549019607843137
ORD03693,2025-03-09,CUST1071,Monitor,Electronics,North,2.0,12000,0.0,24000.0,15200,App,Sale,8800.0,0.36666666666666664
ORD03694,2025-01-04,CUST1229,Mouse,Accessories,East,4.0,800,0.0,3200.0,1680,Marketplace,Sale,1520.0,0.475
ORD03695,2025-11-03,CUST1379,Mouse,Accessories,North,5.0,800,0.0,4000.0,2100,Website,Sale,1900.0,0.475
ORD03696,2025-02-19,CUST1086,Mouse,Accessories,East,4.0,800,0.0,3200.0,1680,Marketplace,Sale,1520.0,0.475
ORD03697,2025-06-07,CUST1164,Tablet,Electronics,North,1.0,22000,0.0,22000.0,15500,App,Sale,6500.0,0.29545454545454547
ORD03698,2025-03-08,CUST1341,Keyboard,Accessories,South,5.0,1500,0.0,7500.0,4250,App,Sale,3250.0,0.43333333333333335
ORD03699,2025-11-30,CUST1246,Headphones,Accessories,North,1.0,2500,0.05,2375.0,1350,App,Sale,1025.0,0.43157894736842106
ORD03700,2025-06-24,CUST1051,Headphones,Accessories,East,2.0,2500,0.15,4250.0,2700,App,Sale,1550.0,0.36470588235294116
ORD03701,2025-04-21,CUST1031,Tablet,Electronics,South,1.0,22000,0.15,18700.0,15500,Website,Sale,3200.0,0.1711229946524064
ORD03702,2025-04-20,CUST1302,Monitor,Electronics,South,5.0,12000,0.0,60000.0,38000,App,Sale,22000.0,0.36666666666666664
ORD03703,2025-01-14,CUST1117,Tablet,Electronics,North,2.0,22000,0.0,44000.0,31000,Website,Sale,13000.0,0.29545454545454547
ORD03704,2025-08-27,CUST1049,Mouse,Accessories,North,4.0,800,0.2,2560.0,1680,App,Sale,880.0,0.34375
ORD03705,2025-01-27,CUST1200,Headphones,Accessories,East,5.0,2500,0.05,11875.0,6750,Website,Sale,5125.0,0.43157894736842106
ORD03706,2025-12-21,CUST1184,Keyboard,Accessories,East,4.0,1500,0.2,4800.0,3400,Website,Sale,1400.0,0.2916666666666667
ORD03707,2025-06-08,CUST1196,Smartphone,Electronics,West,5.0,28000,0.2,112000.0,102500,App,Sale,9500.0,0.08482142857142858
ORD03708,2025-11-22,CUST1318,Laptop,Electronics,North,4.0,55000,0.05,209000.0,144000,App,Sale,65000.0,0.31100478468899523
ORD03709,2025-01-12,CUST1276,Headphones,Accessories,South,1.0,2500,0.2,2000.0,1350,Marketplace,Sale,650.0,0.325
ORD03710,2025-05-23,CUST1422,Headphones,Accessories,East,6.0,2500,0.15,12750.0,8100,Marketplace,Sale,4650.0,0.36470588235294116
ORD03711,2025-04-05,CUST1353,Keyboard,Accessories,West,1.0,1500,0.1,1350.0,850,Website,Sale,500.0,0.37037037037037035
ORD03712,2025-05-24,CUST1307,Smartphone,Electronics,South,1.0,28000,0.0,28000.0,20500,App,Sale,7500.0,0.26785714285714285
ORD03713,2025-01-19,CUST1198,Mouse,Accessories,North,3.0,800,0.0,2400.0,1260,App,Sale,1140.0,0.475
ORD03714,2025-02-06,CUST1006,Keyboard,Accessories,East,4.0,1500,0.1,5400.0,3400,Website,Sale,2000.0,0.37037037037037035
ORD03715,2025-12-01,CUST1151,Webcam,Accessories,North,3.0,3200,0.1,8640.0,5700,Website,Sale,2940.0,0.3402777777777778
ORD03716,2025-06-29,CUST1440,Webcam,Accessories,West,1.0,3200,0.1,2880.0,1900,App,Sale,980.0,0.3402777777777778
ORD03717,2025-06-11,CUST1378,Laptop,Electronics,North,1.0,55000,0.05,52250.0,36000,Website,Sale,16250.0,0.31100478468899523
ORD03718,2025-03-29,CUST1285,Monitor,Electronics,East,4.0,12000,0.1,43200.0,30400,App,Sale,12800.0,0.2962962962962963
ORD03719,2025-06-18,CUST1397,Keyboard,Accessories,North,2.0,1500,0.0,3000.0,1700,Website,Sale,1300.0,0.43333333333333335
ORD03720,2025-12-17,CUST1320,Tablet,Electronics,South,6.0,22000,0.15,112200.0,93000,App,Sale,19200.0,0.1711229946524064
ORD03721,2025-12-25,CUST1051,Tablet,Electronics,East,4.0,22000,0.15,74800.0,62000,Marketplace,Sale,12800.0,0.1711229946524064
ORD03722,2025-05-23,CUST1128,Webcam,Accessories,North,3.0,3200,0.1,8640.0,5700,App,Sale,2940.0,0.3402777777777778
ORD03723,2025-04-27,CUST1381,Monitor,Electronics,East,1.0,12000,0.05,11400.0,7600,Website,Sale,3800.0,0.3333333333333333
ORD03724,2025-12-31,CUST1367,Smartphone,Electronics,East,5.0,28000,0.15,119000.0,102500,Marketplace,Sale,16500.0,0.13865546218487396
ORD03725,2025-09-29,CUST1207,Laptop,Electronics,East,1.0,55000,0.2,44000.0,36000,App,Sale,8000.0,0.18181818181818182
ORD03726,2025-03-21,CUST1384,Keyboard,Accessories,West,5.0,1500,0.2,6000.0,4250,Website,Sale,1750.0,0.2916666666666667
ORD03727,2025-08-03,CUST1438,Tablet,Electronics,North,2.0,22000,0.15,37400.0,31000,App,Sale,6400.0,0.1711229946524064
ORD03728,2025-02-21,CUST1226,Monitor,Electronics,West,4.0,12000,0.05,45600.0,30400,Website,Sale,15200.0,0.3333333333333333
ORD03729,2025-06-08,CUST1186,Laptop,Electronics,East,6.0,55000,0.2,264000.0,216000,Marketplace,Sale,48000.0,0.18181818181818182
ORD03730,2025-03-06,CUST1271,Mouse,Accessories,West,1.0,800,0.15,680.0,420,Website,Sale,260.0,0.38235294117647056
ORD03731,2025-06-13,CUST1407,Laptop,Electronics,North,6.0,55000,0.1,297000.0,216000,Website,Sale,81000.0,0.2727272727272727
ORD03732,2025-09-06,CUST1139,Keyboard,Accessories,East,3.0,1500,0.15,3825.0,2550,Website,Sale,1275.0,0.3333333333333333
ORD03733,2025-08-28,CUST1131,Headphones,Accessories,North,6.0,2500,0.0,15000.0,8100,App,Sale,6900.0,0.46
ORD03734,2025-12-21,CUST1251,Headphones,Accessories,East,4.0,2500,0.1,9000.0,5400,App,Sale,3600.0,0.4
ORD03735,2025-05-18,CUST1107,Headphones,Accessories,East,6.0,2500,0.15,12750.0,8100,Marketplace,Sale,4650.0,0.36470588235294116
ORD03736,2025-04-05,CUST1351,Headphones,Accessories,West,1.0,2500,0.2,2000.0,1350,Website,Sale,650.0,0.325
ORD03737,2025-03-08,CUST1030,Smartphone,Electronics,North,4.0,28000,0.15,95200.0,82000,App,Sale,13200.0,0.13865546218487396
ORD03738,2025-05-20,CUST1403,Webcam,Accessories,East,4.0,3200,0.0,12800.0,7600,Website,Sale,5200.0,0.40625
ORD03739,2025-08-11,CUST1100,Keyboard,Accessories,North,3.0,1500,0.2,3600.0,2550,Website,Sale,1050.0,0.2916666666666667
ORD03740,2025-09-04,CUST1348,Webcam,Accessories,South,1.0,3200,0.15,2720.0,1900,Marketplace,Sale,820.0,0.3014705882352941
ORD03741,2025-09-09,CUST1297,Keyboard,Accessories,East,5.0,1500,0.0,7500.0,4250,Website,Sale,3250.0,0.43333333333333335
ORD03742,2025-03-30,CUST1218,Smartphone,Electronics,North,3.0,28000,0.0,84000.0,61500,Website,Sale,22500.0,0.26785714285714285
ORD03743,2025-09-03,CUST1100,Smartphone,Electronics,East,2.0,28000,0.0,56000.0,41000,Marketplace,Sale,15000.0,0.26785714285714285
ORD03744,2025-10-24,CUST1293,Mouse,Accessories,South,4.0,800,0.1,2880.0,1680,Marketplace,Sale,1200.0,0.4166666666666667
ORD03745,2025-11-16,CUST1060,Laptop,Electronics,South,1.0,55000,0.15,46750.0,36000,App,Sale,10750.0,0.22994652406417113
ORD03746,2025-03-06,CUST1283,Keyboard,Accessories,North,1.0,1500,0.05,1425.0,850,Website,Sale,575.0,0.40350877192982454
ORD03747,2025-05-15,CUST1014,Headphones,Accessories,East,5.0,2500,0.1,11250.0,6750,App,Sale,4500.0,0.4
ORD03748,2025-10-16,CUST1078,Headphones,Accessories,East,5.0,2500,0.15,10625.0,6750,App,Sale,3875.0,0.36470588235294116
ORD03749,2025-10-13,CUST1197,Tablet,Electronics,South,3.0,22000,0.1,59400.0,46500,Website,Sale,12900.0,0.21717171717171718
ORD03750,2025-04-05,CUST1447,Headphones,Accessories,East,1.0,2500,0.05,2375.0,1350,App,Sale,1025.0,0.43157894736842106
ORD03751,2025-12-17,CUST1180,Mouse,Accessories,West,1.0,800,0.15,680.0,420,Website,Sale,260.0,0.38235294117647056
ORD03752,2025-11-13,CUST1353,Keyboard,Accessories,West,6.0,1500,0.1,8100.0,5100,App,Sale,3000.0,0.37037037037037035
ORD03753,2025-08-25,CUST1440,Mouse,Accessories,East,6.0,800,0.2,3840.0,2520,App,Sale,1320.0,0.34375
ORD03754,2025-09-27,CUST1315,Smartphone,Electronics,East,5.0,28000,0.15,119000.0,102500,Website,Sale,16500.0,0.13865546218487396
ORD03755,2025-08-15,CUST1160,Smartphone,Electronics,South,5.0,28000,0.15,119000.0,102500,Marketplace,Sale,16500.0,0.13865546218487396
ORD03756,2025-02-21,CUST1146,Tablet,Electronics,North,2.0,22000,0.0,44000.0,31000,Website,Sale,13000.0,0.29545454545454547
ORD03757,2025-08-24,CUST1233,Monitor,Electronics,South,2.0,12000,0.2,19200.0,15200,Website,Sale,4000.0,0.20833333333333334
ORD03758,2025-07-06,CUST1015,Monitor,Electronics,South,3.0,12000,0.2,28800.0,22800,Marketplace,Sale,6000.0,0.20833333333333334
ORD03759,2025-04-18,CUST1202,Monitor,Electronics,South,1.0,12000,0.0,12000.0,7600,Website,Sale,4400.0,0.36666666666666664
ORD03760,2025-04-23,CUST1290,Laptop,Electronics,West,6.0,55000,0.0,330000.0,216000,Marketplace,Sale,114000.0,0.34545454545454546
ORD03761,2025-08-01,CUST1109,Tablet,Electronics,South,2.0,22000,0.0,44000.0,31000,App,Sale,13000.0,0.29545454545454547
ORD03762,2025-09-04,CUST1289,Laptop,Electronics,South,1.0,55000,0.0,55000.0,36000,Website,Sale,19000.0,0.34545454545454546
ORD03763,2025-10-10,CUST1268,Smartphone,Electronics,East,-1.0,28000,0.1,-25200.0,-20500,App,Return,-4700.0,
ORD03764,2025-08-07,CUST1127,Smartphone,Electronics,South,6.0,28000,0.1,151200.0,123000,Website,Sale,28200.0,0.1865079365079365
ORD03765,2025-05-22,CUST1173,Monitor,Electronics,East,5.0,12000,0.0,60000.0,38000,App,Sale,22000.0,0.36666666666666664
ORD03766,2025-02-05,CUST1207,Headphones,Accessories,South,5.0,2500,0.15,10625.0,6750,Marketplace,Sale,3875.0,0.36470588235294116
ORD03767,2025-09-11,CUST1192,Webcam,Accessories,West,4.0,3200,0.0,12800.0,7600,Marketplace,Sale,5200.0,0.40625
ORD03768,2025-01-05,CUST1302,Smartphone,Electronics,South,3.0,28000,0.15,71400.0,61500,App,Sale,9900.0,0.13865546218487396
ORD03769,2025-01-08,CUST1255,Tablet,Electronics,North,3.0,22000,0.1,59400.0,46500,Website,Sale,12900.0,0.21717171717171718
ORD03770,2025-06-03,CUST1290,Monitor,Electronics,East,4.0,12000,0.0,48000.0,30400,Marketplace,Sale,17600.0,0.36666666666666664
ORD03771,2025-07-01,CUST1023,Smartphone,Electronics,South,4.0,28000,0.15,95200.0,82000,Marketplace,Sale,13200.0,0.13865546218487396
ORD03772,2025-02-16,CUST1383,Keyboard,Accessories,East,6.0,1500,0.05,8550.0,5100,Website,Sale,3450.0,0.40350877192982454
ORD03773,2025-09-29,CUST1342,Headphones,Accessories,West,1.0,2500,0.0,2500.0,1350,App,Sale,1150.0,0.46
ORD03774,2025-07-30,CUST1150,Tablet,Electronics,North,1.0,22000,0.1,19800.0,15500,Website,Sale,4300.0,0.21717171717171718
ORD03775,2025-07-15,CUST1112,Monitor,Electronics,North,4.0,12000,0.0,48000.0,30400,Website,Sale,17600.0,0.36666666666666664
ORD03776,2025-03-20,CUST1160,Mouse,Accessories,East,5.0,800,0.15,3400.0,2100,Website,Sale,1300.0,0.38235294117647056
ORD03777,2025-02-12,CUST1178,Laptop,Electronics,North,4.0,55000,0.15,187000.0,144000,App,Sale,43000.0,0.22994652406417113
ORD03778,2025-01-04,CUST1185,Tablet,Electronics,North,4.0,22000,0.2,70400.0,62000,App,Sale,8400.0,0.11931818181818182
ORD03779,2025-11-17,CUST1309,Tablet,Electronics,East,4.0,22000,0.0,88000.0,62000,App,Sale,26000.0,0.29545454545454547
ORD03780,2025-11-10,CUST1056,Monitor,Electronics,West,3.0,12000,0.05,34200.0,22800,App,Sale,11400.0,0.3333333333333333
ORD03781,2025-07-06,CUST1401,Mouse,Accessories,North,2.0,800,0.15,1360.0,840,App,Sale,520.0,0.38235294117647056
ORD03782,2025-02-22,CUST1352,Laptop,Electronics,East,3.0,55000,0.2,132000.0,108000,Website,Sale,24000.0,0.18181818181818182
ORD03783,2025-10-30,CUST1408,Laptop,Electronics,North,1.0,55000,0.05,52250.0,36000,App,Sale,16250.0,0.31100478468899523
ORD03784,2025-08-01,CUST1405,Laptop,Electronics,West,5.0,55000,0.2,220000.0,180000,App,Sale,40000.0,0.18181818181818182
ORD03785,2025-01-25,CUST1172,Webcam,Accessories,North,6.0,3200,0.05,18240.0,11400,Website,Sale,6840.0,0.375
ORD03786,2025-06-12,CUST1448,Tablet,Electronics,East,4.0,22000,0.0,88000.0,62000,App,Sale,26000.0,0.29545454545454547
ORD03787,2025-07-23,CUST1262,Webcam,Accessories,South,1.0,3200,0.05,3040.0,1900,Website,Sale,1140.0,0.375
ORD03788,2025-11-13,CUST1198,Headphones,Accessories,North,3.0,2500,0.1,6750.0,4050,App,Sale,2700.0,0.4
ORD03789,2025-08-13,CUST1325,Tablet,Electronics,North,2.0,22000,0.2,35200.0,31000,Website,Sale,4200.0,0.11931818181818182
ORD03790,2025-01-27,CUST1436,Webcam,Accessories,East,4.0,3200,0.1,11520.0,7600,App,Sale,3920.0,0.3402777777777778
ORD03791,2025-04-29,CUST1428,Laptop,Electronics,West,3.0,55000,0.15,140250.0,108000,Website,Sale,32250.0,0.22994652406417113
ORD03792,2025-12-29,CUST1240,Tablet,Electronics,East,1.0,22000,0.15,18700.0,15500,Website,Sale,3200.0,0.1711229946524064
ORD03793,2025-05-26,CUST1134,Laptop,Electronics,South,6.0,55000,0.1,297000.0,216000,Website,Sale,81000.0,0.2727272727272727
ORD03794,2025-02-12,CUST1002,Laptop,Electronics,East,2.0,55000,0.15,93500.0,72000,Website,Sale,21500.0,0.22994652406417113
ORD03795,2025-06-14,CUST1168,Laptop,Electronics,South,1.0,55000,0.2,44000.0,36000,App,Sale,8000.0,0.18181818181818182
ORD03796,2025-09-18,CUST1256,Keyboard,Accessories,North,2.0,1500,0.15,2550.0,1700,Website,Sale,850.0,0.3333333333333333
ORD03797,2025-03-25,CUST1037,Mouse,Accessories,East,2.0,800,0.0,1600.0,840,Website,Sale,760.0,0.475
ORD03798,2025-03-01,CUST1344,Smartphone,Electronics,East,3.0,28000,0.15,71400.0,61500,Marketplace,Sale,9900.0,0.13865546218487396
ORD03799,2025-01-07,CUST1044,Monitor,Electronics,East,2.0,12000,0.2,19200.0,15200,Website,Sale,4000.0,0.20833333333333334
ORD03800,2025-05-29,CUST1140,Laptop,Electronics,East,6.0,55000,0.0,330000.0,216000,Website,Sale,114000.0,0.34545454545454546
ORD03801,2025-06-19,CUST1401,Mouse,Accessories,North,2.0,800,0.05,1520.0,840,App,Sale,680.0,0.4473684210526316
ORD03802,2025-10-26,CUST1345,Mouse,Accessories,East,5.0,800,0.15,3400.0,2100,App,Sale,1300.0,0.38235294117647056
ORD03803,2025-11-05,CUST1041,Laptop,Electronics,East,3.0,55000,0.15,140250.0,108000,Website,Sale,32250.0,0.22994652406417113
ORD03804,2025-04-15,CUST1290,Keyboard,Accessories,West,5.0,1500,0.0,7500.0,4250,Website,Sale,3250.0,0.43333333333333335
ORD03805,2025-10-24,CUST1043,Mouse,Accessories,South,4.0,800,0.1,2880.0,1680,Marketplace,Sale,1200.0,0.4166666666666667
ORD03806,2025-12-21,CUST1386,Keyboard,Accessories,East,3.0,1500,0.15,3825.0,2550,Website,Sale,1275.0,0.3333333333333333
ORD03807,2025-05-31,CUST1449,Mouse,Accessories,South,6.0,800,0.0,4800.0,2520,App,Sale,2280.0,0.475
ORD03808,2025-11-12,CUST1416,Mouse,Accessories,North,1.0,800,0.1,720.0,420,App,Sale,300.0,0.4166666666666667
ORD03809,2025-11-20,CUST1253,Webcam,Accessories,North,1.0,3200,0.05,3040.0,1900,Website,Sale,1140.0,0.375
ORD03810,2025-06-08,CUST1333,Webcam,Accessories,North,4.0,3200,0.15,10880.0,7600,App,Sale,3280.0,0.3014705882352941
ORD03811,2025-08-26,CUST1248,Webcam,Accessories,North,4.0,3200,0.05,12160.0,7600,App,Sale,4560.0,0.375
ORD03812,2025-09-27,CUST1150,Mouse,Accessories,North,1.0,800,0.2,640.0,420,Website,Sale,220.0,0.34375
ORD03813,2025-07-05,CUST1429,Webcam,Accessories,West,2.0,3200,0.0,6400.0,3800,App,Sale,2600.0,0.40625
ORD03814,2025-12-18,CUST1193,Monitor,Electronics,West,4.0,12000,0.2,38400.0,30400,App,Sale,8000.0,0.20833333333333334
ORD03815,2025-12-15,CUST1189,Smartphone,Electronics,South,4.0,28000,0.2,89600.0,82000,Marketplace,Sale,7600.0,0.08482142857142858
ORD03816,2025-07-13,CUST1080,Laptop,Electronics,North,4.0,55000,0.2,176000.0,144000,App,Sale,32000.0,0.18181818181818182
ORD03817,2025-09-11,CUST1135,Tablet,Electronics,North,1.0,22000,0.05,20900.0,15500,App,Sale,5400.0,0.2583732057416268
ORD03818,2025-10-07,CUST1419,Keyboard,Accessories,East,3.0,1500,0.2,3600.0,2550,App,Sale,1050.0,0.2916666666666667
ORD03819,2025-07-05,CUST1198,Webcam,Accessories,North,3.0,3200,0.2,7680.0,5700,App,Sale,1980.0,0.2578125
ORD03820,2025-02-05,CUST1163,Laptop,Electronics,North,4.0,55000,0.15,187000.0,144000,App,Sale,43000.0,0.22994652406417113
ORD03821,2025-09-01,CUST1431,Keyboard,Accessories,West,2.0,1500,0.0,3000.0,1700,App,Sale,1300.0,0.43333333333333335
ORD03822,2025-03-30,CUST1011,Headphones,Accessories,North,6.0,2500,0.05,14250.0,8100,Marketplace,Sale,6150.0,0.43157894736842106
ORD03823,2025-06-13,CUST1061,Monitor,Electronics,South,2.0,12000,0.15,20400.0,15200,Marketplace,Sale,5200.0,0.2549019607843137
ORD03824,2025-07-18,CUST1100,Tablet,Electronics,West,5.0,22000,0.2,88000.0,77500,App,Sale,10500.0,0.11931818181818182
ORD03825,2025-03-23,CUST1270,Laptop,Electronics,North,3.0,55000,0.2,132000.0,108000,Website,Sale,24000.0,0.18181818181818182
ORD03826,2025-09-24,CUST1150,Webcam,Accessories,West,3.0,3200,0.0,9600.0,5700,App,Sale,3900.0,0.40625
ORD03827,2025-01-03,CUST1161,Tablet,Electronics,South,5.0,22000,0.1,99000.0,77500,Marketplace,Sale,21500.0,0.21717171717171718
ORD03828,2025-03-18,CUST1237,Webcam,Accessories,South,4.0,3200,0.15,10880.0,7600,Website,Sale,3280.0,0.3014705882352941
ORD03829,2025-08-30,CUST1053,Laptop,Electronics,South,4.0,55000,0.0,220000.0,144000,Website,Sale,76000.0,0.34545454545454546
ORD03830,2025-04-30,CUST1070,Mouse,Accessories,South,2.0,800,0.2,1280.0,840,Marketplace,Sale,440.0,0.34375
ORD03831,2025-08-05,CUST1030,Webcam,Accessories,West,2.0,3200,0.2,5120.0,3800,Marketplace,Sale,1320.0,0.2578125
ORD03832,2025-09-12,CUST1361,Laptop,Electronics,East,5.0,55000,0.1,247500.0,180000,App,Sale,67500.0,0.2727272727272727
ORD03833,2025-03-24,CUST1373,Tablet,Electronics,East,2.0,22000,0.1,39600.0,31000,Website,Sale,8600.0,0.21717171717171718
ORD03834,2025-07-31,CUST1309,Webcam,Accessories,North,6.0,3200,0.0,19200.0,11400,Website,Sale,7800.0,0.40625
ORD03835,2025-01-04,CUST1158,Monitor,Electronics,East,4.0,12000,0.15,40800.0,30400,App,Sale,10400.0,0.2549019607843137
ORD03836,2025-01-20,CUST1372,Tablet,Electronics,East,5.0,22000,0.1,99000.0,77500,App,Sale,21500.0,0.21717171717171718
ORD03837,2025-01-03,CUST1351,Smartphone,Electronics,South,6.0,28000,0.05,159600.0,123000,Website,Sale,36600.0,0.22932330827067668
ORD03838,2025-09-13,CUST1291,Monitor,Electronics,North,4.0,12000,0.15,40800.0,30400,Website,Sale,10400.0,0.2549019607843137
ORD03839,2025-01-31,CUST1000,Webcam,Accessories,East,1.0,3200,0.0,3200.0,1900,Website,Sale,1300.0,0.40625
ORD03840,2025-01-12,CUST1125,Smartphone,Electronics,North,2.0,28000,0.15,47600.0,41000,Marketplace,Sale,6600.0,0.13865546218487396
ORD03841,2025-10-12,CUST1145,Smartphone,Electronics,West,4.0,28000,0.1,100800.0,82000,Marketplace,Sale,18800.0,0.1865079365079365
ORD03842,2025-02-10,CUST1098,Laptop,Electronics,North,2.0,55000,0.2,88000.0,72000,App,Sale,16000.0,0.18181818181818182
ORD03843,2025-09-13,CUST1370,Tablet,Electronics,East,3.0,22000,0.2,52800.0,46500,Marketplace,Sale,6300.0,0.11931818181818182
ORD03844,2025-03-25,CUST1373,Smartphone,Electronics,South,2.0,28000,0.0,56000.0,41000,App,Sale,15000.0,0.26785714285714285
ORD03845,2025-11-18,CUST1116,Tablet,Electronics,South,4.0,22000,0.1,79200.0,62000,App,Sale,17200.0,0.21717171717171718
ORD03846,2025-12-26,CUST1449,Tablet,Electronics,East,5.0,22000,0.15,93500.0,77500,Website,Sale,16000.0,0.1711229946524064
ORD03847,2025-08-21,CUST1338,Webcam,Accessories,North,6.0,3200,0.1,17280.0,11400,App,Sale,5880.0,0.3402777777777778
ORD03848,2025-01-06,CUST1149,Monitor,Electronics,North,1.0,12000,0.0,12000.0,7600,App,Sale,4400.0,0.36666666666666664
ORD03849,2025-03-26,CUST1257,Mouse,Accessories,East,1.0,800,0.15,680.0,420,App,Sale,260.0,0.38235294117647056
ORD03850,2025-06-28,CUST1329,Laptop,Electronics,North,2.0,55000,0.1,99000.0,72000,App,Sale,27000.0,0.2727272727272727
ORD03851,2025-10-18,CUST1179,Keyboard,Accessories,South,2.0,1500,0.1,2700.0,1700,App,Sale,1000.0,0.37037037037037035
ORD03852,2025-04-25,CUST1263,Keyboard,Accessories,West,3.0,1500,0.0,4500.0,2550,App,Sale,1950.0,0.43333333333333335
ORD03853,2025-02-06,CUST1438,Headphones,Accessories,North,5.0,2500,0.1,11250.0,6750,Website,Sale,4500.0,0.4
ORD03854,2025-04-18,CUST1093,Monitor,Electronics,South,2.0,12000,0.2,19200.0,15200,App,Sale,4000.0,0.20833333333333334
ORD03855,2025-02-18,CUST1392,Monitor,Electronics,West,3.0,12000,0.1,32400.0,22800,Website,Sale,9600.0,0.2962962962962963
ORD03856,2025-09-07,CUST1326,Laptop,Electronics,South,4.0,55000,0.0,220000.0,144000,Website,Sale,76000.0,0.34545454545454546
ORD03857,2025-09-12,CUST1066,Tablet,Electronics,West,4.0,22000,0.05,83600.0,62000,App,Sale,21600.0,0.2583732057416268
ORD03858,2025-02-01,CUST1225,Laptop,Electronics,North,3.0,55000,0.15,140250.0,108000,Website,Sale,32250.0,0.22994652406417113
ORD03859,2025-11-09,CUST1199,Smartphone,Electronics,North,6.0,28000,0.05,159600.0,123000,App,Sale,36600.0,0.22932330827067668
ORD03860,2025-06-03,CUST1231,Keyboard,Accessories,North,1.0,1500,0.2,1200.0,850,App,Sale,350.0,0.2916666666666667
ORD03861,2025-09-27,CUST1053,Smartphone,Electronics,South,6.0,28000,0.2,134400.0,123000,App,Sale,11400.0,0.08482142857142858
ORD03862,2025-06-10,CUST1184,Keyboard,Accessories,South,4.0,1500,0.2,4800.0,3400,App,Sale,1400.0,0.2916666666666667
ORD03863,2025-04-09,CUST1418,Tablet,Electronics,West,5.0,22000,0.05,104500.0,77500,Website,Sale,27000.0,0.2583732057416268
ORD03864,2025-11-12,CUST1410,Monitor,Electronics,North,4.0,12000,0.15,40800.0,30400,Website,Sale,10400.0,0.2549019607843137
ORD03865,2025-03-29,CUST1028,Webcam,Accessories,East,3.0,3200,0.2,7680.0,5700,Website,Sale,1980.0,0.2578125
ORD03866,2025-11-22,CUST1048,Mouse,Accessories,North,5.0,800,0.0,4000.0,2100,Marketplace,Sale,1900.0,0.475
ORD03867,2025-04-21,CUST1362,Webcam,Accessories,West,5.0,3200,0.05,15200.0,9500,Marketplace,Sale,5700.0,0.375
ORD03868,2025-12-12,CUST1162,Smartphone,Electronics,North,2.0,28000,0.15,47600.0,41000,Marketplace,Sale,6600.0,0.13865546218487396
ORD03869,2025-03-25,CUST1166,Mouse,Accessories,South,5.0,800,0.15,3400.0,2100,Website,Sale,1300.0,0.38235294117647056
ORD03870,2025-06-08,CUST1303,Keyboard,Accessories,West,6.0,1500,0.2,7200.0,5100,Marketplace,Sale,2100.0,0.2916666666666667
ORD03871,2025-06-11,CUST1294,Webcam,Accessories,South,2.0,3200,0.1,5760.0,3800,App,Sale,1960.0,0.3402777777777778
ORD03872,2025-09-10,CUST1270,Monitor,Electronics,South,3.0,12000,0.15,30600.0,22800,Website,Sale,7800.0,0.2549019607843137
ORD03873,2025-01-31,CUST1404,Monitor,Electronics,South,5.0,12000,0.05,57000.0,38000,Website,Sale,19000.0,0.3333333333333333
ORD03874,2025-12-01,CUST1142,Tablet,Electronics,East,2.0,22000,0.0,44000.0,31000,Website,Sale,13000.0,0.29545454545454547
ORD03875,2025-08-08,CUST1368,Webcam,Accessories,South,4.0,3200,0.15,10880.0,7600,Marketplace,Sale,3280.0,0.3014705882352941
ORD03876,2025-05-01,CUST1193,Monitor,Electronics,West,1.0,12000,0.05,11400.0,7600,Marketplace,Sale,3800.0,0.3333333333333333
ORD03877,2025-08-03,CUST1245,Webcam,Accessories,North,3.0,3200,0.15,8160.0,5700,Website,Sale,2460.0,0.3014705882352941
ORD03878,2025-06-22,CUST1123,Headphones,Accessories,North,5.0,2500,0.0,12500.0,6750,Marketplace,Sale,5750.0,0.46
ORD03879,2025-08-07,CUST1428,Monitor,Electronics,East,3.0,12000,0.15,30600.0,22800,Marketplace,Sale,7800.0,0.2549019607843137
ORD03880,2025-04-23,CUST1278,Laptop,Electronics,West,3.0,55000,0.05,156750.0,108000,App,Sale,48750.0,0.31100478468899523
ORD03881,2025-02-05,CUST1057,Webcam,Accessories,North,2.0,3200,0.2,5120.0,3800,Website,Sale,1320.0,0.2578125
ORD03882,2025-02-27,CUST1029,Webcam,Accessories,North,1.0,3200,0.15,2720.0,1900,Marketplace,Sale,820.0,0.3014705882352941
ORD03883,2025-03-02,CUST1211,Tablet,Electronics,North,4.0,22000,0.2,70400.0,62000,App,Sale,8400.0,0.11931818181818182
ORD03884,2025-07-18,CUST1076,Tablet,Electronics,North,3.0,22000,0.2,52800.0,46500,App,Sale,6300.0,0.11931818181818182
ORD03885,2025-10-01,CUST1131,Tablet,Electronics,West,5.0,22000,0.2,88000.0,77500,Marketplace,Sale,10500.0,0.11931818181818182
ORD03886,2025-11-15,CUST1257,Webcam,Accessories,South,5.0,3200,0.15,13600.0,9500,App,Sale,4100.0,0.3014705882352941
ORD03887,2025-01-07,CUST1008,Tablet,Electronics,South,1.0,22000,0.1,19800.0,15500,App,Sale,4300.0,0.21717171717171718
ORD03888,2025-07-16,CUST1391,Smartphone,Electronics,North,6.0,28000,0.0,168000.0,123000,Marketplace,Sale,45000.0,0.26785714285714285
ORD03889,2025-01-10,CUST1328,Smartphone,Electronics,North,3.0,28000,0.15,71400.0,61500,Website,Sale,9900.0,0.13865546218487396
ORD03890,2025-06-16,CUST1191,Keyboard,Accessories,West,6.0,1500,0.05,8550.0,5100,App,Sale,3450.0,0.40350877192982454
ORD03891,2025-08-29,CUST1363,Mouse,Accessories,East,1.0,800,0.2,640.0,420,App,Sale,220.0,0.34375
ORD03892,2025-01-12,CUST1306,Tablet,Electronics,East,5.0,22000,0.0,110000.0,77500,Marketplace,Sale,32500.0,0.29545454545454547
ORD03893,2025-12-16,CUST1253,Headphones,Accessories,North,1.0,2500,0.2,2000.0,1350,Website,Sale,650.0,0.325
ORD03894,2025-11-15,CUST1347,Webcam,Accessories,West,5.0,3200,0.2,12800.0,9500,App,Sale,3300.0,0.2578125
ORD03895,2025-02-07,CUST1244,Monitor,Electronics,South,4.0,12000,0.15,40800.0,30400,App,Sale,10400.0,0.2549019607843137
ORD03896,2025-11-08,CUST1379,Laptop,Electronics,East,4.0,55000,0.15,187000.0,144000,App,Sale,43000.0,0.22994652406417113
ORD03897,2025-03-20,CUST1359,Laptop,Electronics,East,3.0,55000,0.2,132000.0,108000,Website,Sale,24000.0,0.18181818181818182
ORD03898,2025-01-18,CUST1047,Mouse,Accessories,North,1.0,800,0.1,720.0,420,App,Sale,300.0,0.4166666666666667
ORD03899,2025-11-08,CUST1214,Smartphone,Electronics,North,6.0,28000,0.1,151200.0,123000,App,Sale,28200.0,0.1865079365079365
ORD03900,2025-05-19,CUST1042,Headphones,Accessories,East,5.0,2500,0.05,11875.0,6750,Website,Sale,5125.0,0.43157894736842106
ORD03901,2025-04-29,CUST1028,Smartphone,Electronics,North,2.0,28000,0.15,47600.0,41000,Marketplace,Sale,6600.0,0.13865546218487396
ORD03902,2025-12-14,CUST1135,Smartphone,Electronics,East,2.0,28000,0.2,44800.0,41000,Marketplace,Sale,3800.0,0.08482142857142858
ORD03903,2025-10-03,CUST1244,Mouse,Accessories,East,5.0,800,0.0,4000.0,2100,Website,Sale,1900.0,0.475
ORD03904,2025-12-11,CUST1412,Monitor,Electronics,South,2.0,12000,0.2,19200.0,15200,App,Sale,4000.0,0.20833333333333334
ORD03905,2025-08-29,CUST1417,Mouse,Accessories,South,5.0,800,0.15,3400.0,2100,App,Sale,1300.0,0.38235294117647056
ORD03906,2025-03-17,CUST1408,Keyboard,Accessories,East,6.0,1500,0.05,8550.0,5100,App,Sale,3450.0,0.40350877192982454
ORD03907,2025-08-10,CUST1009,Smartphone,Electronics,South,5.0,28000,0.0,140000.0,102500,Marketplace,Sale,37500.0,0.26785714285714285
ORD03908,2025-12-20,CUST1313,Headphones,Accessories,North,6.0,2500,0.2,12000.0,8100,Website,Sale,3900.0,0.325
ORD03909,2025-12-14,CUST1295,Webcam,Accessories,South,2.0,3200,0.1,5760.0,3800,Website,Sale,1960.0,0.3402777777777778
ORD03910,2025-12-01,CUST1194,Smartphone,Electronics,North,6.0,28000,0.1,151200.0,123000,Marketplace,Sale,28200.0,0.1865079365079365
ORD03911,2025-06-30,CUST1209,Smartphone,Electronics,East,4.0,28000,0.05,106400.0,82000,Website,Sale,24400.0,0.22932330827067668
ORD03912,2025-02-02,CUST1427,Mouse,Accessories,North,2.0,800,0.15,1360.0,840,Marketplace,Sale,520.0,0.38235294117647056
ORD03913,2025-08-16,CUST1376,Headphones,Accessories,South,4.0,2500,0.2,8000.0,5400,Website,Sale,2600.0,0.325
ORD03914,2025-10-30,CUST1127,Tablet,Electronics,North,1.0,22000,0.2,17600.0,15500,App,Sale,2100.0,0.11931818181818182
ORD03915,2025-10-09,CUST1410,Smartphone,Electronics,West,6.0,28000,0.05,159600.0,123000,Marketplace,Sale,36600.0,0.22932330827067668
ORD03916,2025-04-10,CUST1196,Webcam,Accessories,South,3.0,3200,0.1,8640.0,5700,App,Sale,2940.0,0.3402777777777778
ORD03917,2025-07-01,CUST1301,Mouse,Accessories,South,3.0,800,0.15,2040.0,1260,Website,Sale,780.0,0.38235294117647056
ORD03918,2025-03-04,CUST1022,Laptop,Electronics,West,4.0,55000,0.0,220000.0,144000,App,Sale,76000.0,0.34545454545454546
ORD03919,2025-10-31,CUST1265,Keyboard,Accessories,North,3.0,1500,0.0,4500.0,2550,App,Sale,1950.0,0.43333333333333335
ORD03920,2025-02-06,CUST1358,Webcam,Accessories,East,1.0,3200,0.1,2880.0,1900,Website,Sale,980.0,0.3402777777777778
ORD03921,2025-01-30,CUST1090,Mouse,Accessories,North,6.0,800,0.0,4800.0,2520,App,Sale,2280.0,0.475
ORD03922,2025-07-16,CUST1346,Monitor,Electronics,North,2.0,12000,0.05,22800.0,15200,App,Sale,7600.0,0.3333333333333333
ORD03923,2025-09-23,CUST1050,Laptop,Electronics,South,5.0,55000,0.0,275000.0,180000,App,Sale,95000.0,0.34545454545454546
ORD03924,2025-04-15,CUST1285,Laptop,Electronics,East,2.0,55000,0.15,93500.0,72000,Marketplace,Sale,21500.0,0.22994652406417113
ORD03925,2025-05-20,CUST1253,Tablet,Electronics,South,2.0,22000,0.0,44000.0,31000,App,Sale,13000.0,0.29545454545454547
ORD03926,2025-04-25,CUST1357,Monitor,Electronics,East,6.0,12000,0.2,57600.0,45600,App,Sale,12000.0,0.20833333333333334
ORD03927,2025-08-29,CUST1284,Headphones,Accessories,East,4.0,2500,0.2,8000.0,5400,Website,Sale,2600.0,0.325
ORD03928,2025-03-02,CUST1053,Tablet,Electronics,West,3.0,22000,0.15,56100.0,46500,Marketplace,Sale,9600.0,0.1711229946524064
ORD03929,2025-11-13,CUST1054,Keyboard,Accessories,West,4.0,1500,0.0,6000.0,3400,App,Sale,2600.0,0.43333333333333335
ORD03930,2025-02-28,CUST1438,Laptop,Electronics,North,3.0,55000,0.05,156750.0,108000,App,Sale,48750.0,0.31100478468899523
ORD03931,2025-02-17,CUST1059,Headphones,Accessories,South,5.0,2500,0.05,11875.0,6750,Website,Sale,5125.0,0.43157894736842106
ORD03932,2025-03-27,CUST1009,Monitor,Electronics,East,1.0,12000,0.2,9600.0,7600,Website,Sale,2000.0,0.20833333333333334
ORD03933,2025-08-24,CUST1079,Smartphone,Electronics,South,3.0,28000,0.0,84000.0,61500,Website,Sale,22500.0,0.26785714285714285
ORD03934,2025-02-08,CUST1426,Tablet,Electronics,North,1.0,22000,0.05,20900.0,15500,Website,Sale,5400.0,0.2583732057416268
ORD03935,2025-05-22,CUST1253,Webcam,Accessories,West,1.0,3200,0.05,3040.0,1900,App,Sale,1140.0,0.375
ORD03936,2025-01-19,CUST1222,Keyboard,Accessories,South,3.0,1500,0.0,4500.0,2550,Marketplace,Sale,1950.0,0.43333333333333335
ORD03937,2025-04-28,CUST1067,Headphones,Accessories,North,1.0,2500,0.0,2500.0,1350,Website,Sale,1150.0,0.46
ORD03938,2025-06-09,CUST1340,Webcam,Accessories,South,1.0,3200,0.15,2720.0,1900,Marketplace,Sale,820.0,0.3014705882352941
ORD03939,2025-02-21,CUST1150,Smartphone,Electronics,West,1.0,28000,0.2,22400.0,20500,Marketplace,Sale,1900.0,0.08482142857142858
ORD03940,2025-02-17,CUST1122,Mouse,Accessories,North,3.0,800,0.2,1920.0,1260,App,Sale,660.0,0.34375
ORD03941,2025-07-16,CUST1447,Headphones,Accessories,South,4.0,2500,0.1,9000.0,5400,Website,Sale,3600.0,0.4
ORD03942,2025-01-15,CUST1047,Monitor,Electronics,West,4.0,12000,0.05,45600.0,30400,App,Sale,15200.0,0.3333333333333333
ORD03943,2025-05-04,CUST1115,Keyboard,Accessories,East,4.0,1500,0.1,5400.0,3400,Marketplace,Sale,2000.0,0.37037037037037035
ORD03944,2025-07-04,CUST1390,Keyboard,Accessories,North,4.0,1500,0.1,5400.0,3400,Website,Sale,2000.0,0.37037037037037035
ORD03945,2025-03-13,CUST1207,Laptop,Electronics,East,1.0,55000,0.15,46750.0,36000,App,Sale,10750.0,0.22994652406417113
ORD03946,2025-02-27,CUST1199,Headphones,Accessories,West,1.0,2500,0.15,2125.0,1350,Website,Sale,775.0,0.36470588235294116
ORD03947,2025-11-21,CUST1338,Laptop,Electronics,South,3.0,55000,0.15,140250.0,108000,App,Sale,32250.0,0.22994652406417113
ORD03948,2025-11-18,CUST1401,Webcam,Accessories,North,3.0,3200,0.15,8160.0,5700,App,Sale,2460.0,0.3014705882352941
ORD03949,2025-01-02,CUST1116,Tablet,Electronics,West,1.0,22000,0.0,22000.0,15500,Marketplace,Sale,6500.0,0.29545454545454547
ORD03950,2025-02-15,CUST1151,Smartphone,Electronics,North,6.0,28000,0.15,142800.0,123000,Marketplace,Sale,19800.0,0.13865546218487396
ORD03951,2025-07-06,CUST1218,Headphones,Accessories,East,1.0,2500,0.2,2000.0,1350,Marketplace,Sale,650.0,0.325
ORD03952,2025-08-29,CUST1104,Webcam,Accessories,North,3.0,3200,0.05,9120.0,5700,Website,Sale,3420.0,0.375
ORD03953,2025-11-09,CUST1363,Smartphone,Electronics,East,3.0,28000,0.1,75600.0,61500,Website,Sale,14100.0,0.1865079365079365
ORD03954,2025-01-22,CUST1401,Mouse,Accessories,South,4.0,800,0.0,3200.0,1680,App,Sale,1520.0,0.475
ORD03955,2025-07-05,CUST1215,Headphones,Accessories,South,2.0,2500,0.0,5000.0,2700,App,Sale,2300.0,0.46
ORD03956,2025-01-15,CUST1198,Keyboard,Accessories,West,1.0,1500,0.15,1275.0,850,App,Sale,425.0,0.3333333333333333
ORD03957,2025-01-19,CUST1108,Keyboard,Accessories,North,5.0,1500,0.05,7125.0,4250,Website,Sale,2875.0,0.40350877192982454
ORD03958,2025-11-13,CUST1222,Monitor,Electronics,South,1.0,12000,0.2,9600.0,7600,Website,Sale,2000.0,0.20833333333333334
ORD03959,2025-07-15,CUST1132,Keyboard,Accessories,East,6.0,1500,0.15,7650.0,5100,Marketplace,Sale,2550.0,0.3333333333333333
ORD03960,2025-07-15,CUST1332,Laptop,Electronics,East,5.0,55000,0.1,247500.0,180000,App,Sale,67500.0,0.2727272727272727
ORD03961,2025-10-21,CUST1263,Smartphone,Electronics,North,3.0,28000,0.15,71400.0,61500,App,Sale,9900.0,0.13865546218487396
ORD03962,2025-09-24,CUST1165,Headphones,Accessories,South,1.0,2500,0.1,2250.0,1350,Website,Sale,900.0,0.4
ORD03963,2025-05-07,CUST1440,Webcam,Accessories,East,3.0,3200,0.2,7680.0,5700,App,Sale,1980.0,0.2578125
ORD03964,2025-01-19,CUST1221,Mouse,Accessories,North,5.0,800,0.0,4000.0,2100,App,Sale,1900.0,0.475
ORD03965,2025-04-26,CUST1405,Keyboard,Accessories,South,1.0,1500,0.0,1500.0,850,Website,Sale,650.0,0.43333333333333335
ORD03966,2025-10-25,CUST1017,Laptop,Electronics,West,3.0,55000,0.0,165000.0,108000,Marketplace,Sale,57000.0,0.34545454545454546
ORD03967,2025-06-06,CUST1158,Keyboard,Accessories,West,1.0,1500,0.15,1275.0,850,Website,Sale,425.0,0.3333333333333333
ORD03968,2025-08-30,CUST1381,Keyboard,Accessories,West,2.0,1500,0.0,3000.0,1700,Website,Sale,1300.0,0.43333333333333335
ORD03969,2025-08-06,CUST1116,Tablet,Electronics,West,5.0,22000,0.05,104500.0,77500,App,Sale,27000.0,0.2583732057416268
ORD03970,2025-03-27,CUST1292,Tablet,Electronics,North,1.0,22000,0.05,20900.0,15500,Marketplace,Sale,5400.0,0.2583732057416268
ORD03971,2025-07-29,CUST1157,Headphones,Accessories,West,6.0,2500,0.0,15000.0,8100,Website,Sale,6900.0,0.46
ORD03972,2025-09-23,CUST1328,Mouse,Accessories,West,2.0,800,0.2,1280.0,840,Website,Sale,440.0,0.34375
ORD03973,2025-01-07,CUST1443,Monitor,Electronics,South,-2.0,12000,0.0,-24000.0,-15200,App,Return,-8800.0,
ORD03974,2025-08-15,CUST1269,Mouse,Accessories,South,4.0,800,0.05,3040.0,1680,Marketplace,Sale,1360.0,0.4473684210526316
ORD03975,2025-08-02,CUST1211,Tablet,Electronics,North,6.0,22000,0.0,132000.0,93000,Marketplace,Sale,39000.0,0.29545454545454547
ORD03976,2025-08-25,CUST1405,Smartphone,Electronics,South,1.0,28000,0.15,23800.0,20500,Marketplace,Sale,3300.0,0.13865546218487396
ORD03977,2025-09-06,CUST1032,Headphones,Accessories,East,3.0,2500,0.15,6375.0,4050,Website,Sale,2325.0,0.36470588235294116
ORD03978,2025-09-20,CUST1007,Smartphone,Electronics,South,4.0,28000,0.15,95200.0,82000,App,Sale,13200.0,0.13865546218487396
ORD03979,2025-11-06,CUST1259,Mouse,Accessories,North,1.0,800,0.0,800.0,420,Website,Sale,380.0,0.475
ORD03980,2025-07-11,CUST1384,Laptop,Electronics,South,6.0,55000,0.1,297000.0,216000,Marketplace,Sale,81000.0,0.2727272727272727
ORD03981,2025-05-26,CUST1105,Smartphone,Electronics,West,5.0,28000,0.2,112000.0,102500,Website,Sale,9500.0,0.08482142857142858
ORD03982,2025-10-07,CUST1264,Webcam,Accessories,West,2.0,3200,0.0,6400.0,3800,App,Sale,2600.0,0.40625
ORD03983,2025-03-19,CUST1397,Mouse,Accessories,North,-1.0,800,0.0,-800.0,-420,App,Return,-380.0,
ORD03984,2025-05-22,CUST1371,Monitor,Electronics,North,4.0,12000,0.1,43200.0,30400,Website,Sale,12800.0,0.2962962962962963
ORD03985,2025-12-10,CUST1325,Mouse,Accessories,South,6.0,800,0.15,4080.0,2520,App,Sale,1560.0,0.38235294117647056
ORD03986,2025-02-22,CUST1017,Headphones,Accessories,North,3.0,2500,0.05,7125.0,4050,App,Sale,3075.0,0.43157894736842106
ORD03987,2025-07-23,CUST1388,Webcam,Accessories,West,1.0,3200,0.05,3040.0,1900,Website,Sale,1140.0,0.375
ORD03988,2025-03-21,CUST1271,Keyboard,Accessories,North,5.0,1500,0.0,7500.0,4250,Marketplace,Sale,3250.0,0.43333333333333335
ORD03989,2025-12-22,CUST1227,Monitor,Electronics,South,4.0,12000,0.15,40800.0,30400,App,Sale,10400.0,0.2549019607843137
ORD03990,2025-11-28,CUST1403,Mouse,Accessories,North,1.0,800,0.2,640.0,420,Website,Sale,220.0,0.34375
ORD03991,2025-05-21,CUST1302,Headphones,Accessories,South,2.0,2500,0.2,4000.0,2700,App,Sale,1300.0,0.325
ORD03992,2025-03-31,CUST1174,Smartphone,Electronics,South,6.0,28000,0.1,151200.0,123000,App,Sale,28200.0,0.1865079365079365
ORD03993,2025-04-29,CUST1197,Webcam,Accessories,North,4.0,3200,0.2,10240.0,7600,Marketplace,Sale,2640.0,0.2578125
ORD03994,2025-12-27,CUST1019,Smartphone,Electronics,South,5.0,28000,0.0,140000.0,102500,Website,Sale,37500.0,0.26785714285714285
ORD03995,2025-03-07,CUST1278,Tablet,Electronics,North,3.0,22000,0.2,52800.0,46500,Website,Sale,6300.0,0.11931818181818182
ORD03996,2025-12-26,CUST1388,Mouse,Accessories,South,2.0,800,0.15,1360.0,840,Marketplace,Sale,520.0,0.38235294117647056
ORD03997,2025-11-24,CUST1184,Mouse,Accessories,East,4.0,800,0.2,2560.0,1680,Website,Sale,880.0,0.34375
ORD03998,2025-12-24,CUST1345,Keyboard,Accessories,South,6.0,1500,0.05,8550.0,5100,Marketplace,Sale,3450.0,0.40350877192982454
ORD03999,2025-08-02,CUST1268,Keyboard,Accessories,South,3.0,1500,0.05,4275.0,2550,App,Sale,1725.0,0.40350877192982454
ORD04000,2025-05-22,CUST1225,Mouse,Accessories,North,4.0,800,0.0,3200.0,1680,App,Sale,1520.0,0.475
ORD04001,2025-03-27,CUST1093,Webcam,Accessories,East,1.0,3200,0.1,2880.0,1900,Website,Sale,980.0,0.3402777777777778
ORD04002,2025-09-12,CUST1404,Smartphone,Electronics,North,1.0,28000,0.15,23800.0,20500,App,Sale,3300.0,0.13865546218487396
ORD04003,2025-02-06,CUST1106,Monitor,Electronics,North,6.0,12000,0.0,72000.0,45600,Marketplace,Sale,26400.0,0.36666666666666664
ORD04004,2025-02-01,CUST1223,Laptop,Electronics,East,3.0,55000,0.05,156750.0,108000,App,Sale,48750.0,0.31100478468899523
ORD04005,2025-01-05,CUST1397,Webcam,Accessories,North,3.0,3200,0.1,8640.0,5700,App,Sale,2940.0,0.3402777777777778
ORD04006,2025-08-25,CUST1120,Tablet,Electronics,East,6.0,22000,0.2,105600.0,93000,Website,Sale,12600.0,0.11931818181818182
ORD04007,2025-03-27,CUST1206,Headphones,Accessories,East,5.0,2500,0.1,11250.0,6750,Marketplace,Sale,4500.0,0.4
ORD04008,2025-06-13,CUST1342,Webcam,Accessories,North,2.0,3200,0.05,6080.0,3800,Marketplace,Sale,2280.0,0.375
ORD04009,2025-07-21,CUST1059,Headphones,Accessories,West,3.0,2500,0.15,6375.0,4050,Website,Sale,2325.0,0.36470588235294116
ORD04010,2025-01-15,CUST1337,Webcam,Accessories,North,1.0,3200,0.15,2720.0,1900,Website,Sale,820.0,0.3014705882352941
ORD04011,2025-07-13,CUST1359,Smartphone,Electronics,North,3.0,28000,0.1,75600.0,61500,Website,Sale,14100.0,0.1865079365079365
ORD04012,2025-05-31,CUST1134,Webcam,Accessories,North,5.0,3200,0.15,13600.0,9500,Website,Sale,4100.0,0.3014705882352941
ORD04013,2025-12-10,CUST1416,Smartphone,Electronics,North,4.0,28000,0.0,112000.0,82000,App,Sale,30000.0,0.26785714285714285
ORD04014,2025-08-11,CUST1263,Webcam,Accessories,East,6.0,3200,0.0,19200.0,11400,App,Sale,7800.0,0.40625
ORD04015,2025-10-12,CUST1269,Monitor,Electronics,East,3.0,12000,0.0,36000.0,22800,Website,Sale,13200.0,0.36666666666666664
ORD04016,2025-12-03,CUST1080,Monitor,Electronics,North,5.0,12000,0.05,57000.0,38000,App,Sale,19000.0,0.3333333333333333
ORD04017,2025-12-01,CUST1043,Keyboard,Accessories,East,3.0,1500,0.05,4275.0,2550,Marketplace,Sale,1725.0,0.40350877192982454
ORD04018,2025-06-19,CUST1067,Laptop,Electronics,North,1.0,55000,0.15,46750.0,36000,Website,Sale,10750.0,0.22994652406417113
ORD04019,2025-11-25,CUST1331,Headphones,Accessories,North,4.0,2500,0.2,8000.0,5400,Website,Sale,2600.0,0.325
ORD04020,2025-05-26,CUST1310,Webcam,Accessories,North,4.0,3200,0.15,10880.0,7600,App,Sale,3280.0,0.3014705882352941
ORD04021,2025-03-07,CUST1241,Keyboard,Accessories,East,5.0,1500,0.15,6375.0,4250,Website,Sale,2125.0,0.3333333333333333
ORD04022,2025-10-26,CUST1083,Smartphone,Electronics,North,1.0,28000,0.2,22400.0,20500,Marketplace,Sale,1900.0,0.08482142857142858
ORD04023,2025-06-02,CUST1120,Smartphone,Electronics,West,4.0,28000,0.2,89600.0,82000,Website,Sale,7600.0,0.08482142857142858
ORD04024,2025-05-19,CUST1265,Webcam,Accessories,North,5.0,3200,0.2,12800.0,9500,Website,Sale,3300.0,0.2578125
ORD04025,2025-04-29,CUST1381,Monitor,Electronics,North,3.0,12000,0.0,36000.0,22800,Marketplace,Sale,13200.0,0.36666666666666664
ORD04026,2025-11-09,CUST1231,Keyboard,Accessories,East,3.0,1500,0.1,4050.0,2550,Marketplace,Sale,1500.0,0.37037037037037035
ORD04027,2025-06-25,CUST1235,Tablet,Electronics,South,5.0,22000,0.15,93500.0,77500,App,Sale,16000.0,0.1711229946524064
ORD04028,2025-01-09,CUST1312,Laptop,Electronics,East,4.0,55000,0.1,198000.0,144000,Website,Sale,54000.0,0.2727272727272727
ORD04029,2025-01-04,CUST1346,Smartphone,Electronics,North,5.0,28000,0.0,140000.0,102500,Marketplace,Sale,37500.0,0.26785714285714285
ORD04030,2025-01-10,CUST1429,Tablet,Electronics,South,1.0,22000,0.15,18700.0,15500,App,Sale,3200.0,0.1711229946524064
ORD04031,2025-06-15,CUST1047,Tablet,Electronics,West,6.0,22000,0.1,118800.0,93000,Website,Sale,25800.0,0.21717171717171718
ORD04032,2025-02-04,CUST1035,Smartphone,Electronics,South,4.0,28000,0.15,95200.0,82000,App,Sale,13200.0,0.13865546218487396
ORD04033,2025-10-15,CUST1066,Monitor,Electronics,East,2.0,12000,0.0,24000.0,15200,App,Sale,8800.0,0.36666666666666664
ORD04034,2025-09-22,CUST1290,Laptop,Electronics,North,5.0,55000,0.1,247500.0,180000,Marketplace,Sale,67500.0,0.2727272727272727
ORD04035,2025-04-26,CUST1052,Keyboard,Accessories,South,2.0,1500,0.1,2700.0,1700,Website,Sale,1000.0,0.37037037037037035
ORD04036,2025-07-14,CUST1259,Laptop,Electronics,North,1.0,55000,0.05,52250.0,36000,Website,Sale,16250.0,0.31100478468899523
ORD04037,2025-12-12,CUST1324,Laptop,Electronics,North,3.0,55000,0.05,156750.0,108000,Website,Sale,48750.0,0.31100478468899523
ORD04038,2025-11-13,CUST1045,Laptop,Electronics,East,1.0,55000,0.0,55000.0,36000,App,Sale,19000.0,0.34545454545454546
ORD04039,2025-03-06,CUST1236,Monitor,Electronics,West,3.0,12000,0.15,30600.0,22800,Website,Sale,7800.0,0.2549019607843137
ORD04040,2025-11-30,CUST1115,Tablet,Electronics,East,6.0,22000,0.2,105600.0,93000,Website,Sale,12600.0,0.11931818181818182
ORD04041,2025-11-12,CUST1229,Smartphone,Electronics,West,1.0,28000,0.0,28000.0,20500,Website,Sale,7500.0,0.26785714285714285
ORD04042,2025-08-01,CUST1007,Smartphone,Electronics,North,5.0,28000,0.1,126000.0,102500,Marketplace,Sale,23500.0,0.1865079365079365
ORD04043,2025-02-02,CUST1108,Tablet,Electronics,West,2.0,22000,0.05,41800.0,31000,Marketplace,Sale,10800.0,0.2583732057416268
ORD04044,2025-12-25,CUST1112,Webcam,Accessories,North,6.0,3200,0.0,19200.0,11400,Marketplace,Sale,7800.0,0.40625
ORD04045,2025-07-30,CUST1361,Smartphone,Electronics,North,4.0,28000,0.1,100800.0,82000,Website,Sale,18800.0,0.1865079365079365
ORD04046,2025-03-06,CUST1175,Headphones,Accessories,East,2.0,2500,0.1,4500.0,2700,Website,Sale,1800.0,0.4
ORD04047,2025-03-06,CUST1427,Webcam,Accessories,East,6.0,3200,0.0,19200.0,11400,App,Sale,7800.0,0.40625
ORD04048,2025-05-26,CUST1237,Headphones,Accessories,North,1.0,2500,0.05,2375.0,1350,Website,Sale,1025.0,0.43157894736842106
ORD04049,2025-09-15,CUST1026,Laptop,Electronics,South,3.0,55000,0.2,132000.0,108000,Marketplace,Sale,24000.0,0.18181818181818182
ORD04050,2025-05-18,CUST1055,Headphones,Accessories,East,1.0,2500,0.05,2375.0,1350,Marketplace,Sale,1025.0,0.43157894736842106
ORD04051,2025-10-31,CUST1273,Tablet,Electronics,East,-1.0,22000,0.1,-19800.0,-15500,App,Return,-4300.0,
ORD04052,2025-11-02,CUST1031,Smartphone,Electronics,South,5.0,28000,0.0,140000.0,102500,App,Sale,37500.0,0.26785714285714285
ORD04053,2025-02-25,CUST1350,Laptop,Electronics,North,4.0,55000,0.2,176000.0,144000,Website,Sale,32000.0,0.18181818181818182
ORD04054,2025-05-03,CUST1169,Mouse,Accessories,East,2.0,800,0.2,1280.0,840,Marketplace,Sale,440.0,0.34375
ORD04055,2025-12-28,CUST1407,Webcam,Accessories,West,2.0,3200,0.2,5120.0,3800,App,Sale,1320.0,0.2578125
ORD04056,2025-12-21,CUST1036,Mouse,Accessories,South,5.0,800,0.05,3800.0,2100,Marketplace,Sale,1700.0,0.4473684210526316
ORD04057,2025-02-10,CUST1347,Headphones,Accessories,East,4.0,2500,0.2,8000.0,5400,Website,Sale,2600.0,0.325
ORD04058,2025-04-03,CUST1416,Mouse,Accessories,South,-1.0,800,0.15,-680.0,-420,App,Return,-260.0,
ORD04059,2025-12-15,CUST1444,Webcam,Accessories,South,6.0,3200,0.0,19200.0,11400,Marketplace,Sale,7800.0,0.40625
ORD04060,2025-12-14,CUST1182,Tablet,Electronics,East,1.0,22000,0.05,20900.0,15500,Marketplace,Sale,5400.0,0.2583732057416268
ORD04061,2025-01-28,CUST1023,Laptop,Electronics,East,6.0,55000,0.05,313500.0,216000,App,Sale,97500.0,0.31100478468899523
ORD04062,2025-01-25,CUST1245,Mouse,Accessories,South,5.0,800,0.0,4000.0,2100,App,Sale,1900.0,0.475
ORD04063,2025-03-27,CUST1349,Keyboard,Accessories,South,6.0,1500,0.1,8100.0,5100,Website,Sale,3000.0,0.37037037037037035
ORD04064,2025-10-21,CUST1250,Laptop,Electronics,North,1.0,55000,0.0,55000.0,36000,Website,Sale,19000.0,0.34545454545454546
ORD04065,2025-07-22,CUST1212,Keyboard,Accessories,East,2.0,1500,0.15,2550.0,1700,Website,Sale,850.0,0.3333333333333333
ORD04066,2025-03-02,CUST1358,Mouse,Accessories,North,3.0,800,0.05,2280.0,1260,App,Sale,1020.0,0.4473684210526316
ORD04067,2025-02-24,CUST1091,Mouse,Accessories,South,1.0,800,0.0,800.0,420,App,Sale,380.0,0.475
ORD04068,2025-01-24,CUST1364,Tablet,Electronics,South,3.0,22000,0.0,66000.0,46500,Website,Sale,19500.0,0.29545454545454547
ORD04069,2025-10-09,CUST1251,Keyboard,Accessories,South,2.0,1500,0.2,2400.0,1700,Marketplace,Sale,700.0,0.2916666666666667
ORD04070,2025-07-15,CUST1031,Keyboard,Accessories,South,4.0,1500,0.0,6000.0,3400,App,Sale,2600.0,0.43333333333333335
ORD04071,2025-09-09,CUST1235,Smartphone,Electronics,North,1.0,28000,0.1,25200.0,20500,Website,Sale,4700.0,0.1865079365079365
ORD04072,2025-09-15,CUST1233,Tablet,Electronics,East,5.0,22000,0.2,88000.0,77500,Website,Sale,10500.0,0.11931818181818182
ORD04073,2025-05-19,CUST1230,Webcam,Accessories,South,6.0,3200,0.1,17280.0,11400,App,Sale,5880.0,0.3402777777777778
ORD04074,2025-07-24,CUST1308,Headphones,Accessories,East,6.0,2500,0.2,12000.0,8100,Website,Sale,3900.0,0.325
ORD04075,2025-10-26,CUST1161,Mouse,Accessories,East,6.0,800,0.15,4080.0,2520,Website,Sale,1560.0,0.38235294117647056
ORD04076,2025-10-03,CUST1313,Headphones,Accessories,South,2.0,2500,0.05,4750.0,2700,Website,Sale,2050.0,0.43157894736842106
ORD04077,2025-08-26,CUST1134,Laptop,Electronics,South,2.0,55000,0.15,93500.0,72000,App,Sale,21500.0,0.22994652406417113
ORD04078,2025-08-11,CUST1241,Monitor,Electronics,South,4.0,12000,0.05,45600.0,30400,App,Sale,15200.0,0.3333333333333333
ORD04079,2025-01-27,CUST1198,Headphones,Accessories,South,5.0,2500,0.05,11875.0,6750,App,Sale,5125.0,0.43157894736842106
ORD04080,2025-01-15,CUST1274,Laptop,Electronics,North,6.0,55000,0.1,297000.0,216000,Website,Sale,81000.0,0.2727272727272727
ORD04081,2025-12-22,CUST1030,Smartphone,Electronics,East,3.0,28000,0.2,67200.0,61500,Website,Sale,5700.0,0.08482142857142858
ORD04082,2025-09-05,CUST1000,Monitor,Electronics,North,2.0,12000,0.15,20400.0,15200,Website,Sale,5200.0,0.2549019607843137
ORD04083,2025-08-01,CUST1103,Headphones,Accessories,West,2.0,2500,0.0,5000.0,2700,Website,Sale,2300.0,0.46
ORD04084,2025-02-07,CUST1214,Laptop,Electronics,East,4.0,55000,0.2,176000.0,144000,Marketplace,Sale,32000.0,0.18181818181818182
ORD04085,2025-02-21,CUST1098,Mouse,Accessories,East,3.0,800,0.2,1920.0,1260,App,Sale,660.0,0.34375
ORD04086,2025-06-25,CUST1367,Tablet,Electronics,East,4.0,22000,0.15,74800.0,62000,App,Sale,12800.0,0.1711229946524064
ORD04087,2025-12-15,CUST1336,Monitor,Electronics,East,4.0,12000,0.15,40800.0,30400,Website,Sale,10400.0,0.2549019607843137
ORD04088,2025-02-21,CUST1407,Laptop,Electronics,North,5.0,55000,0.1,247500.0,180000,Marketplace,Sale,67500.0,0.2727272727272727
ORD04089,2025-11-26,CUST1249,Webcam,Accessories,South,6.0,3200,0.05,18240.0,11400,Marketplace,Sale,6840.0,0.375
ORD04090,2025-10-30,CUST1117,Monitor,Electronics,North,3.0,12000,0.2,28800.0,22800,Marketplace,Sale,6000.0,0.20833333333333334
ORD04091,2025-02-16,CUST1164,Laptop,Electronics,South,4.0,55000,0.05,209000.0,144000,Website,Sale,65000.0,0.31100478468899523
ORD04092,2025-07-23,CUST1327,Mouse,Accessories,East,1.0,800,0.2,640.0,420,App,Sale,220.0,0.34375
ORD04093,2025-05-21,CUST1226,Webcam,Accessories,East,2.0,3200,0.1,5760.0,3800,App,Sale,1960.0,0.3402777777777778
ORD04094,2025-05-26,CUST1073,Keyboard,Accessories,North,6.0,1500,0.1,8100.0,5100,Website,Sale,3000.0,0.37037037037037035
ORD04095,2025-05-29,CUST1071,Webcam,Accessories,South,3.0,3200,0.15,8160.0,5700,Marketplace,Sale,2460.0,0.3014705882352941
ORD04096,2025-09-25,CUST1284,Smartphone,Electronics,East,5.0,28000,0.1,126000.0,102500,App,Sale,23500.0,0.1865079365079365
ORD04097,2025-03-21,CUST1172,Tablet,Electronics,South,4.0,22000,0.05,83600.0,62000,App,Sale,21600.0,0.2583732057416268
ORD04098,2025-08-27,CUST1443,Mouse,Accessories,East,3.0,800,0.0,2400.0,1260,Website,Sale,1140.0,0.475
ORD04099,2025-08-06,CUST1390,Smartphone,Electronics,North,2.0,28000,0.1,50400.0,41000,App,Sale,9400.0,0.1865079365079365
ORD04100,2025-04-02,CUST1322,Monitor,Electronics,East,4.0,12000,0.0,48000.0,30400,Marketplace,Sale,17600.0,0.36666666666666664
ORD04101,2025-11-25,CUST1349,Headphones,Accessories,North,1.0,2500,0.0,2500.0,1350,Website,Sale,1150.0,0.46
ORD04102,2025-06-09,CUST1060,Keyboard,Accessories,West,5.0,1500,0.15,6375.0,4250,Website,Sale,2125.0,0.3333333333333333
ORD04103,2025-11-09,CUST1131,Mouse,Accessories,East,2.0,800,0.1,1440.0,840,App,Sale,600.0,0.4166666666666667
ORD04104,2025-10-02,CUST1055,Laptop,Electronics,South,6.0,55000,0.05,313500.0,216000,Marketplace,Sale,97500.0,0.31100478468899523
ORD04105,2025-06-09,CUST1016,Keyboard,Accessories,East,1.0,1500,0.0,1500.0,850,Website,Sale,650.0,0.43333333333333335
ORD04106,2025-04-24,CUST1412,Monitor,Electronics,East,6.0,12000,0.05,68400.0,45600,Marketplace,Sale,22800.0,0.3333333333333333
ORD04107,2025-10-14,CUST1250,Monitor,Electronics,East,2.0,12000,0.15,20400.0,15200,Website,Sale,5200.0,0.2549019607843137
ORD04108,2025-11-28,CUST1144,Mouse,Accessories,North,5.0,800,0.0,4000.0,2100,Marketplace,Sale,1900.0,0.475
ORD04109,2025-01-08,CUST1441,Mouse,Accessories,East,1.0,800,0.2,640.0,420,Website,Sale,220.0,0.34375
ORD04110,2025-06-11,CUST1237,Webcam,Accessories,East,3.0,3200,0.2,7680.0,5700,App,Sale,1980.0,0.2578125
ORD04111,2025-08-01,CUST1163,Tablet,Electronics,West,2.0,22000,0.2,35200.0,31000,Website,Sale,4200.0,0.11931818181818182
ORD04112,2025-01-07,CUST1003,Headphones,Accessories,North,5.0,2500,0.2,10000.0,6750,Website,Sale,3250.0,0.325
ORD04113,2025-06-20,CUST1402,Smartphone,Electronics,East,5.0,28000,0.15,119000.0,102500,App,Sale,16500.0,0.13865546218487396
ORD04114,2025-01-27,CUST1292,Tablet,Electronics,South,1.0,22000,0.0,22000.0,15500,App,Sale,6500.0,0.29545454545454547
ORD04115,2025-12-29,CUST1178,Webcam,Accessories,South,6.0,3200,0.15,16320.0,11400,Website,Sale,4920.0,0.3014705882352941
ORD04116,2025-10-24,CUST1425,Tablet,Electronics,North,1.0,22000,0.05,20900.0,15500,Marketplace,Sale,5400.0,0.2583732057416268
ORD04117,2025-03-21,CUST1298,Webcam,Accessories,West,2.0,3200,0.1,5760.0,3800,App,Sale,1960.0,0.3402777777777778
ORD04118,2025-10-14,CUST1027,Tablet,Electronics,East,6.0,22000,0.1,118800.0,93000,App,Sale,25800.0,0.21717171717171718
ORD04119,2025-05-03,CUST1204,Headphones,Accessories,South,4.0,2500,0.05,9500.0,5400,App,Sale,4100.0,0.43157894736842106
ORD04120,2025-11-08,CUST1187,Webcam,Accessories,South,1.0,3200,0.2,2560.0,1900,App,Sale,660.0,0.2578125
ORD04121,2025-10-28,CUST1033,Keyboard,Accessories,North,6.0,1500,0.2,7200.0,5100,Marketplace,Sale,2100.0,0.2916666666666667
ORD04122,2025-11-18,CUST1140,Laptop,Electronics,East,2.0,55000,0.15,93500.0,72000,App,Sale,21500.0,0.22994652406417113
ORD04123,2025-02-11,CUST1274,Monitor,Electronics,East,4.0,12000,0.05,45600.0,30400,App,Sale,15200.0,0.3333333333333333
ORD04124,2025-05-12,CUST1177,Laptop,Electronics,East,5.0,55000,0.05,261250.0,180000,Website,Sale,81250.0,0.31100478468899523
ORD04125,2025-09-10,CUST1410,Laptop,Electronics,North,1.0,55000,0.2,44000.0,36000,Website,Sale,8000.0,0.18181818181818182
ORD04126,2025-05-27,CUST1169,Headphones,Accessories,East,4.0,2500,0.1,9000.0,5400,Marketplace,Sale,3600.0,0.4
ORD04127,2025-11-22,CUST1000,Laptop,Electronics,South,6.0,55000,0.2,264000.0,216000,App,Sale,48000.0,0.18181818181818182
ORD04128,2025-02-26,CUST1401,Mouse,Accessories,North,4.0,800,0.05,3040.0,1680,Website,Sale,1360.0,0.4473684210526316
ORD04129,2025-03-11,CUST1399,Laptop,Electronics,North,4.0,55000,0.15,187000.0,144000,Marketplace,Sale,43000.0,0.22994652406417113
ORD04130,2025-08-31,CUST1124,Smartphone,Electronics,North,3.0,28000,0.2,67200.0,61500,App,Sale,5700.0,0.08482142857142858
ORD04131,2025-04-19,CUST1439,Smartphone,Electronics,North,6.0,28000,0.2,134400.0,123000,Website,Sale,11400.0,0.08482142857142858
ORD04132,2025-12-20,CUST1258,Keyboard,Accessories,East,6.0,1500,0.15,7650.0,5100,App,Sale,2550.0,0.3333333333333333
ORD04133,2025-01-24,CUST1448,Smartphone,Electronics,South,2.0,28000,0.0,56000.0,41000,App,Sale,15000.0,0.26785714285714285
ORD04134,2025-08-10,CUST1372,Smartphone,Electronics,South,5.0,28000,0.15,119000.0,102500,Marketplace,Sale,16500.0,0.13865546218487396
ORD04135,2025-09-18,CUST1390,Headphones,Accessories,North,4.0,2500,0.2,8000.0,5400,Website,Sale,2600.0,0.325
ORD04136,2025-09-26,CUST1027,Webcam,Accessories,East,3.0,3200,0.2,7680.0,5700,Marketplace,Sale,1980.0,0.2578125
ORD04137,2025-07-27,CUST1069,Headphones,Accessories,South,2.0,2500,0.05,4750.0,2700,App,Sale,2050.0,0.43157894736842106
ORD04138,2025-05-27,CUST1168,Laptop,Electronics,West,3.0,55000,0.0,165000.0,108000,App,Sale,57000.0,0.34545454545454546
ORD04139,2025-04-11,CUST1302,Webcam,Accessories,North,5.0,3200,0.1,14400.0,9500,App,Sale,4900.0,0.3402777777777778
ORD04140,2025-01-10,CUST1091,Headphones,Accessories,North,6.0,2500,0.2,12000.0,8100,App,Sale,3900.0,0.325
ORD04141,2025-05-07,CUST1368,Keyboard,Accessories,North,1.0,1500,0.2,1200.0,850,Website,Sale,350.0,0.2916666666666667
ORD04142,2025-02-25,CUST1026,Webcam,Accessories,North,4.0,3200,0.15,10880.0,7600,App,Sale,3280.0,0.3014705882352941
ORD04143,2025-02-01,CUST1350,Headphones,Accessories,East,5.0,2500,0.05,11875.0,6750,Marketplace,Sale,5125.0,0.43157894736842106
ORD04144,2025-08-29,CUST1366,Mouse,Accessories,North,6.0,800,0.1,4320.0,2520,Website,Sale,1800.0,0.4166666666666667
ORD04145,2025-11-20,CUST1276,Tablet,Electronics,North,4.0,22000,0.15,74800.0,62000,App,Sale,12800.0,0.1711229946524064
ORD04146,2025-08-01,CUST1327,Smartphone,Electronics,East,6.0,28000,0.0,168000.0,123000,Marketplace,Sale,45000.0,0.26785714285714285
ORD04147,2025-04-10,CUST1153,Smartphone,Electronics,South,4.0,28000,0.0,112000.0,82000,App,Sale,30000.0,0.26785714285714285
ORD04148,2025-06-04,CUST1327,Headphones,Accessories,North,5.0,2500,0.15,10625.0,6750,Website,Sale,3875.0,0.36470588235294116
ORD04149,2025-04-27,CUST1178,Mouse,Accessories,East,4.0,800,0.05,3040.0,1680,Website,Sale,1360.0,0.4473684210526316
ORD04150,2025-03-29,CUST1354,Keyboard,Accessories,South,3.0,1500,0.2,3600.0,2550,App,Sale,1050.0,0.2916666666666667
ORD04151,2025-05-28,CUST1138,Tablet,Electronics,East,1.0,22000,0.0,22000.0,15500,Website,Sale,6500.0,0.29545454545454547
ORD04152,2025-05-25,CUST1051,Webcam,Accessories,South,2.0,3200,0.05,6080.0,3800,Website,Sale,2280.0,0.375
ORD04153,2025-03-08,CUST1198,Monitor,Electronics,East,1.0,12000,0.15,10200.0,7600,Marketplace,Sale,2600.0,0.2549019607843137
ORD04154,2025-04-17,CUST1106,Webcam,Accessories,East,1.0,3200,0.05,3040.0,1900,Website,Sale,1140.0,0.375
ORD04155,2025-05-23,CUST1019,Webcam,Accessories,East,6.0,3200,0.05,18240.0,11400,App,Sale,6840.0,0.375
ORD04156,2025-02-18,CUST1243,Monitor,Electronics,South,3.0,12000,0.05,34200.0,22800,Website,Sale,11400.0,0.3333333333333333
ORD04157,2025-09-17,CUST1324,Keyboard,Accessories,South,6.0,1500,0.1,8100.0,5100,App,Sale,3000.0,0.37037037037037035
ORD04158,2025-06-20,CUST1411,Tablet,Electronics,South,2.0,22000,0.05,41800.0,31000,Website,Sale,10800.0,0.2583732057416268
ORD04159,2025-07-27,CUST1242,Mouse,Accessories,South,5.0,800,0.0,4000.0,2100,App,Sale,1900.0,0.475
ORD04160,2025-11-04,CUST1112,Tablet,Electronics,East,1.0,22000,0.1,19800.0,15500,Website,Sale,4300.0,0.21717171717171718
ORD04161,2025-05-03,CUST1152,Monitor,Electronics,West,5.0,12000,0.05,57000.0,38000,App,Sale,19000.0,0.3333333333333333
ORD04162,2025-10-14,CUST1268,Headphones,Accessories,North,6.0,2500,0.1,13500.0,8100,App,Sale,5400.0,0.4
ORD04163,2025-07-27,CUST1013,Laptop,Electronics,East,5.0,55000,0.1,247500.0,180000,Marketplace,Sale,67500.0,0.2727272727272727
ORD04164,2025-01-08,CUST1330,Webcam,Accessories,North,3.0,3200,0.1,8640.0,5700,Website,Sale,2940.0,0.3402777777777778
ORD04165,2025-10-30,CUST1122,Smartphone,Electronics,West,2.0,28000,0.05,53200.0,41000,App,Sale,12200.0,0.22932330827067668
ORD04166,2025-12-20,CUST1378,Monitor,Electronics,West,1.0,12000,0.15,10200.0,7600,App,Sale,2600.0,0.2549019607843137
ORD04167,2025-06-24,CUST1280,Monitor,Electronics,South,3.0,12000,0.05,34200.0,22800,App,Sale,11400.0,0.3333333333333333
ORD04168,2025-04-21,CUST1325,Webcam,Accessories,East,6.0,3200,0.0,19200.0,11400,Marketplace,Sale,7800.0,0.40625
ORD04169,2025-11-03,CUST1396,Smartphone,Electronics,North,2.0,28000,0.1,50400.0,41000,Website,Sale,9400.0,0.1865079365079365
ORD04170,2025-02-19,CUST1135,Tablet,Electronics,East,5.0,22000,0.2,88000.0,77500,Website,Sale,10500.0,0.11931818181818182
ORD04171,2025-11-25,CUST1388,Tablet,Electronics,East,5.0,22000,0.0,110000.0,77500,Website,Sale,32500.0,0.29545454545454547
ORD04172,2025-03-01,CUST1208,Webcam,Accessories,East,2.0,3200,0.2,5120.0,3800,Website,Sale,1320.0,0.2578125
ORD04173,2025-05-27,CUST1140,Tablet,Electronics,South,4.0,22000,0.2,70400.0,62000,Website,Sale,8400.0,0.11931818181818182
ORD04174,2025-11-25,CUST1065,Laptop,Electronics,South,4.0,55000,0.05,209000.0,144000,Website,Sale,65000.0,0.31100478468899523
ORD04175,2025-06-21,CUST1219,Smartphone,Electronics,South,4.0,28000,0.0,112000.0,82000,Marketplace,Sale,30000.0,0.26785714285714285
ORD04176,2025-06-14,CUST1353,Tablet,Electronics,North,6.0,22000,0.15,112200.0,93000,App,Sale,19200.0,0.1711229946524064
ORD04177,2025-02-02,CUST1100,Smartphone,Electronics,East,5.0,28000,0.05,133000.0,102500,Website,Sale,30500.0,0.22932330827067668
ORD04178,2025-04-11,CUST1197,Headphones,Accessories,South,2.0,2500,0.05,4750.0,2700,Website,Sale,2050.0,0.43157894736842106
ORD04179,2025-10-25,CUST1159,Laptop,Electronics,South,6.0,55000,0.0,330000.0,216000,App,Sale,114000.0,0.34545454545454546
ORD04180,2025-10-30,CUST1294,Headphones,Accessories,East,4.0,2500,0.15,8500.0,5400,Marketplace,Sale,3100.0,0.36470588235294116
ORD04181,2025-01-18,CUST1142,Smartphone,Electronics,South,6.0,28000,0.2,134400.0,123000,Marketplace,Sale,11400.0,0.08482142857142858
ORD04182,2025-10-11,CUST1403,Mouse,Accessories,South,2.0,800,0.2,1280.0,840,App,Sale,440.0,0.34375
ORD04183,2025-01-12,CUST1030,Laptop,Electronics,South,5.0,55000,0.1,247500.0,180000,Marketplace,Sale,67500.0,0.2727272727272727
ORD04184,2025-09-02,CUST1447,Smartphone,Electronics,North,6.0,28000,0.05,159600.0,123000,Website,Sale,36600.0,0.22932330827067668
ORD04185,2025-11-05,CUST1086,Keyboard,Accessories,North,4.0,1500,0.15,5100.0,3400,Marketplace,Sale,1700.0,0.3333333333333333
ORD04186,2025-10-08,CUST1292,Headphones,Accessories,East,6.0,2500,0.15,12750.0,8100,App,Sale,4650.0,0.36470588235294116
ORD04187,2025-08-23,CUST1320,Smartphone,Electronics,North,3.0,28000,0.05,79800.0,61500,Website,Sale,18300.0,0.22932330827067668
ORD04188,2025-07-08,CUST1228,Webcam,Accessories,South,2.0,3200,0.1,5760.0,3800,App,Sale,1960.0,0.3402777777777778
ORD04189,2025-01-14,CUST1127,Keyboard,Accessories,East,1.0,1500,0.1,1350.0,850,Marketplace,Sale,500.0,0.37037037037037035
ORD04190,2025-03-29,CUST1071,Headphones,Accessories,South,2.0,2500,0.05,4750.0,2700,Website,Sale,2050.0,0.43157894736842106
ORD04191,2025-06-01,CUST1097,Laptop,Electronics,North,6.0,55000,0.05,313500.0,216000,App,Sale,97500.0,0.31100478468899523
ORD04192,2025-02-03,CUST1123,Webcam,Accessories,North,5.0,3200,0.05,15200.0,9500,App,Sale,5700.0,0.375
ORD04193,2025-03-25,CUST1031,Webcam,Accessories,South,3.0,3200,0.2,7680.0,5700,Website,Sale,1980.0,0.2578125
ORD04194,2025-05-29,CUST1235,Webcam,Accessories,South,6.0,3200,0.05,18240.0,11400,Website,Sale,6840.0,0.375
ORD04195,2025-02-05,CUST1190,Monitor,Electronics,South,2.0,12000,0.1,21600.0,15200,Marketplace,Sale,6400.0,0.2962962962962963
ORD04196,2025-03-07,CUST1299,Tablet,Electronics,North,3.0,22000,0.2,52800.0,46500,Website,Sale,6300.0,0.11931818181818182
ORD04197,2025-08-13,CUST1015,Mouse,Accessories,North,6.0,800,0.0,4800.0,2520,App,Sale,2280.0,0.475
ORD04198,2025-01-09,CUST1020,Keyboard,Accessories,East,1.0,1500,0.1,1350.0,850,App,Sale,500.0,0.37037037037037035
ORD04199,2025-02-08,CUST1281,Headphones,Accessories,West,3.0,2500,0.0,7500.0,4050,Website,Sale,3450.0,0.46
ORD04200,2025-08-01,CUST1176,Headphones,Accessories,East,6.0,2500,0.0,15000.0,8100,Website,Sale,6900.0,0.46
ORD04201,2025-11-01,CUST1033,Monitor,Electronics,South,3.0,12000,0.05,34200.0,22800,App,Sale,11400.0,0.3333333333333333
ORD04202,2025-07-18,CUST1442,Headphones,Accessories,East,1.0,2500,0.0,2500.0,1350,Website,Sale,1150.0,0.46
ORD04203,2025-05-12,CUST1331,Headphones,Accessories,East,5.0,2500,0.05,11875.0,6750,Website,Sale,5125.0,0.43157894736842106
ORD04204,2025-11-20,CUST1254,Tablet,Electronics,North,2.0,22000,0.1,39600.0,31000,App,Sale,8600.0,0.21717171717171718
ORD04205,2025-03-16,CUST1416,Smartphone,Electronics,South,3.0,28000,0.0,84000.0,61500,Marketplace,Sale,22500.0,0.26785714285714285
ORD04206,2025-11-01,CUST1162,Webcam,Accessories,South,6.0,3200,0.0,19200.0,11400,App,Sale,7800.0,0.40625
ORD04207,2025-07-28,CUST1395,Laptop,Electronics,East,5.0,55000,0.2,220000.0,180000,Website,Sale,40000.0,0.18181818181818182
ORD04208,2025-01-14,CUST1338,Monitor,Electronics,East,2.0,12000,0.2,19200.0,15200,App,Sale,4000.0,0.20833333333333334
ORD04209,2025-09-22,CUST1318,Keyboard,Accessories,East,6.0,1500,0.0,9000.0,5100,Marketplace,Sale,3900.0,0.43333333333333335
ORD04210,2025-11-22,CUST1245,Headphones,Accessories,South,1.0,2500,0.05,2375.0,1350,Website,Sale,1025.0,0.43157894736842106
ORD04211,2025-11-17,CUST1171,Webcam,Accessories,East,4.0,3200,0.1,11520.0,7600,App,Sale,3920.0,0.3402777777777778
ORD04212,2025-10-17,CUST1376,Smartphone,Electronics,West,6.0,28000,0.15,142800.0,123000,Website,Sale,19800.0,0.13865546218487396
ORD04213,2025-11-13,CUST1128,Webcam,Accessories,North,-1.0,3200,0.15,-2720.0,-1900,App,Return,-820.0,
ORD04214,2025-04-25,CUST1232,Monitor,Electronics,North,6.0,12000,0.05,68400.0,45600,App,Sale,22800.0,0.3333333333333333
ORD04215,2025-03-04,CUST1008,Webcam,Accessories,East,4.0,3200,0.0,12800.0,7600,App,Sale,5200.0,0.40625
ORD04216,2025-10-29,CUST1029,Monitor,Electronics,North,6.0,12000,0.05,68400.0,45600,Website,Sale,22800.0,0.3333333333333333
ORD04217,2025-10-28,CUST1380,Monitor,Electronics,South,-1.0,12000,0.0,-12000.0,-7600,Website,Return,-4400.0,
ORD04218,2025-07-20,CUST1111,Webcam,Accessories,North,1.0,3200,0.2,2560.0,1900,Marketplace,Sale,660.0,0.2578125
ORD04219,2025-01-23,CUST1181,Webcam,Accessories,South,6.0,3200,0.15,16320.0,11400,Website,Sale,4920.0,0.3014705882352941
ORD04220,2025-11-29,CUST1320,Laptop,Electronics,East,6.0,55000,0.2,264000.0,216000,Website,Sale,48000.0,0.18181818181818182
ORD04221,2025-12-21,CUST1409,Laptop,Electronics,North,3.0,55000,0.1,148500.0,108000,Marketplace,Sale,40500.0,0.2727272727272727
ORD04222,2025-04-02,CUST1305,Mouse,Accessories,North,4.0,800,0.0,3200.0,1680,App,Sale,1520.0,0.475
ORD04223,2025-01-22,CUST1312,Monitor,Electronics,South,5.0,12000,0.0,60000.0,38000,Website,Sale,22000.0,0.36666666666666664
ORD04224,2025-09-10,CUST1142,Laptop,Electronics,South,2.0,55000,0.05,104500.0,72000,Website,Sale,32500.0,0.31100478468899523
ORD04225,2025-03-02,CUST1142,Tablet,Electronics,West,3.0,22000,0.1,59400.0,46500,Marketplace,Sale,12900.0,0.21717171717171718
ORD04226,2025-11-25,CUST1090,Monitor,Electronics,North,3.0,12000,0.15,30600.0,22800,App,Sale,7800.0,0.2549019607843137
ORD04227,2025-05-07,CUST1284,Laptop,Electronics,East,2.0,55000,0.2,88000.0,72000,Marketplace,Sale,16000.0,0.18181818181818182
ORD04228,2025-07-22,CUST1145,Mouse,Accessories,South,3.0,800,0.0,2400.0,1260,Website,Sale,1140.0,0.475
ORD04229,2025-01-01,CUST1106,Smartphone,Electronics,North,1.0,28000,0.15,23800.0,20500,Website,Sale,3300.0,0.13865546218487396
ORD04230,2025-03-01,CUST1416,Smartphone,Electronics,North,1.0,28000,0.2,22400.0,20500,App,Sale,1900.0,0.08482142857142858
ORD04231,2025-12-17,CUST1058,Tablet,Electronics,West,3.0,22000,0.15,56100.0,46500,Website,Sale,9600.0,0.1711229946524064
ORD04232,2025-10-16,CUST1114,Webcam,Accessories,East,3.0,3200,0.1,8640.0,5700,Website,Sale,2940.0,0.3402777777777778
ORD04233,2025-02-08,CUST1067,Smartphone,Electronics,North,2.0,28000,0.05,53200.0,41000,Marketplace,Sale,12200.0,0.22932330827067668
ORD04234,2025-05-18,CUST1435,Laptop,Electronics,East,2.0,55000,0.15,93500.0,72000,Marketplace,Sale,21500.0,0.22994652406417113
ORD04235,2025-10-27,CUST1128,Monitor,Electronics,North,6.0,12000,0.2,57600.0,45600,App,Sale,12000.0,0.20833333333333334
ORD04236,2025-04-22,CUST1272,Tablet,Electronics,South,3.0,22000,0.1,59400.0,46500,App,Sale,12900.0,0.21717171717171718
ORD04237,2025-05-31,CUST1342,Webcam,Accessories,West,1.0,3200,0.1,2880.0,1900,App,Sale,980.0,0.3402777777777778
ORD04238,2025-07-13,CUST1398,Laptop,Electronics,North,5.0,55000,0.0,275000.0,180000,Marketplace,Sale,95000.0,0.34545454545454546
ORD04239,2025-08-15,CUST1363,Mouse,Accessories,North,1.0,800,0.2,640.0,420,App,Sale,220.0,0.34375
ORD04240,2025-05-27,CUST1370,Tablet,Electronics,North,5.0,22000,0.1,99000.0,77500,Marketplace,Sale,21500.0,0.21717171717171718
ORD04241,2025-02-05,CUST1022,Webcam,Accessories,West,4.0,3200,0.15,10880.0,7600,Website,Sale,3280.0,0.3014705882352941
ORD04242,2025-06-12,CUST1433,Tablet,Electronics,North,5.0,22000,0.05,104500.0,77500,App,Sale,27000.0,0.2583732057416268
ORD04243,2025-10-23,CUST1320,Headphones,Accessories,South,3.0,2500,0.0,7500.0,4050,App,Sale,3450.0,0.46
ORD04244,2025-10-22,CUST1308,Mouse,Accessories,North,5.0,800,0.05,3800.0,2100,Website,Sale,1700.0,0.4473684210526316
ORD04245,2025-05-12,CUST1115,Webcam,Accessories,North,1.0,3200,0.05,3040.0,1900,App,Sale,1140.0,0.375
ORD04246,2025-02-09,CUST1316,Mouse,Accessories,East,1.0,800,0.15,680.0,420,App,Sale,260.0,0.38235294117647056
ORD04247,2025-12-23,CUST1122,Webcam,Accessories,East,1.0,3200,0.0,3200.0,1900,Marketplace,Sale,1300.0,0.40625
ORD04248,2025-06-02,CUST1102,Smartphone,Electronics,North,5.0,28000,0.1,126000.0,102500,App,Sale,23500.0,0.1865079365079365
ORD04249,2025-02-25,CUST1411,Tablet,Electronics,South,6.0,22000,0.1,118800.0,93000,App,Sale,25800.0,0.21717171717171718
ORD04250,2025-03-10,CUST1226,Mouse,Accessories,West,5.0,800,0.1,3600.0,2100,Website,Sale,1500.0,0.4166666666666667
ORD04251,2025-06-20,CUST1365,Laptop,Electronics,South,3.0,55000,0.05,156750.0,108000,Website,Sale,48750.0,0.31100478468899523
ORD04252,2025-08-20,CUST1043,Webcam,Accessories,East,1.0,3200,0.1,2880.0,1900,Website,Sale,980.0,0.3402777777777778
ORD04253,2025-08-11,CUST1260,Smartphone,Electronics,East,5.0,28000,0.1,126000.0,102500,App,Sale,23500.0,0.1865079365079365
ORD04254,2025-12-25,CUST1356,Mouse,Accessories,East,4.0,800,0.1,2880.0,1680,Website,Sale,1200.0,0.4166666666666667
ORD04255,2025-08-31,CUST1252,Webcam,Accessories,East,1.0,3200,0.1,2880.0,1900,Website,Sale,980.0,0.3402777777777778
ORD04256,2025-01-11,CUST1167,Laptop,Electronics,North,6.0,55000,0.0,330000.0,216000,App,Sale,114000.0,0.34545454545454546
ORD04257,2025-12-13,CUST1244,Webcam,Accessories,East,2.0,3200,0.15,5440.0,3800,Marketplace,Sale,1640.0,0.3014705882352941
ORD04258,2025-01-01,CUST1231,Keyboard,Accessories,North,4.0,1500,0.0,6000.0,3400,App,Sale,2600.0,0.43333333333333335
ORD04259,2025-09-30,CUST1175,Smartphone,Electronics,South,4.0,28000,0.1,100800.0,82000,Website,Sale,18800.0,0.1865079365079365
ORD04260,2025-09-03,CUST1007,Smartphone,Electronics,East,4.0,28000,0.1,100800.0,82000,App,Sale,18800.0,0.1865079365079365
ORD04261,2025-11-21,CUST1204,Mouse,Accessories,South,5.0,800,0.15,3400.0,2100,App,Sale,1300.0,0.38235294117647056
ORD04262,2025-04-03,CUST1443,Keyboard,Accessories,North,4.0,1500,0.0,6000.0,3400,App,Sale,2600.0,0.43333333333333335
ORD04263,2025-09-11,CUST1427,Laptop,Electronics,East,1.0,55000,0.2,44000.0,36000,App,Sale,8000.0,0.18181818181818182
ORD04264,2025-09-19,CUST1138,Smartphone,Electronics,South,5.0,28000,0.15,119000.0,102500,Marketplace,Sale,16500.0,0.13865546218487396
ORD04265,2025-04-26,CUST1411,Tablet,Electronics,South,6.0,22000,0.05,125400.0,93000,App,Sale,32400.0,0.2583732057416268
ORD04266,2025-05-13,CUST1276,Laptop,Electronics,West,3.0,55000,0.15,140250.0,108000,App,Sale,32250.0,0.22994652406417113
ORD04267,2025-05-11,CUST1179,Tablet,Electronics,West,2.0,22000,0.1,39600.0,31000,App,Sale,8600.0,0.21717171717171718
ORD04268,2025-09-03,CUST1379,Headphones,Accessories,West,4.0,2500,0.0,10000.0,5400,Website,Sale,4600.0,0.46
ORD04269,2025-02-13,CUST1038,Tablet,Electronics,East,2.0,22000,0.0,44000.0,31000,Website,Sale,13000.0,0.29545454545454547
ORD04270,2025-07-23,CUST1316,Monitor,Electronics,North,4.0,12000,0.05,45600.0,30400,App,Sale,15200.0,0.3333333333333333
ORD04271,2025-11-26,CUST1092,Tablet,Electronics,North,4.0,22000,0.05,83600.0,62000,App,Sale,21600.0,0.2583732057416268
ORD04272,2025-03-06,CUST1052,Webcam,Accessories,West,6.0,3200,0.2,15360.0,11400,Website,Sale,3960.0,0.2578125
ORD04273,2025-11-23,CUST1354,Headphones,Accessories,East,4.0,2500,0.2,8000.0,5400,App,Sale,2600.0,0.325
ORD04274,2025-11-02,CUST1122,Laptop,Electronics,East,5.0,55000,0.05,261250.0,180000,App,Sale,81250.0,0.31100478468899523
ORD04275,2025-05-27,CUST1439,Monitor,Electronics,North,1.0,12000,0.1,10800.0,7600,App,Sale,3200.0,0.2962962962962963
ORD04276,2025-02-27,CUST1421,Monitor,Electronics,West,4.0,12000,0.0,48000.0,30400,Website,Sale,17600.0,0.36666666666666664
ORD04277,2025-12-01,CUST1160,Mouse,Accessories,South,1.0,800,0.05,760.0,420,App,Sale,340.0,0.4473684210526316
ORD04278,2025-07-24,CUST1124,Headphones,Accessories,South,3.0,2500,0.0,7500.0,4050,App,Sale,3450.0,0.46
ORD04279,2025-02-15,CUST1149,Smartphone,Electronics,South,3.0,28000,0.1,75600.0,61500,App,Sale,14100.0,0.1865079365079365
ORD04280,2025-07-03,CUST1000,Tablet,Electronics,North,4.0,22000,0.0,88000.0,62000,App,Sale,26000.0,0.29545454545454547
ORD04281,2025-09-07,CUST1168,Smartphone,Electronics,West,1.0,28000,0.0,28000.0,20500,App,Sale,7500.0,0.26785714285714285
ORD04282,2025-07-22,CUST1342,Mouse,Accessories,East,4.0,800,0.2,2560.0,1680,App,Sale,880.0,0.34375
ORD04283,2025-09-17,CUST1289,Webcam,Accessories,North,2.0,3200,0.05,6080.0,3800,Website,Sale,2280.0,0.375
ORD04284,2025-12-30,CUST1387,Smartphone,Electronics,North,5.0,28000,0.1,126000.0,102500,App,Sale,23500.0,0.1865079365079365
ORD04285,2025-05-17,CUST1277,Mouse,Accessories,North,6.0,800,0.1,4320.0,2520,App,Sale,1800.0,0.4166666666666667
ORD04286,2025-10-24,CUST1261,Tablet,Electronics,North,2.0,22000,0.0,44000.0,31000,App,Sale,13000.0,0.29545454545454547
ORD04287,2025-09-16,CUST1318,Laptop,Electronics,East,1.0,55000,0.1,49500.0,36000,Website,Sale,13500.0,0.2727272727272727
ORD04288,2025-08-07,CUST1158,Laptop,Electronics,East,6.0,55000,0.15,280500.0,216000,Website,Sale,64500.0,0.22994652406417113
ORD04289,2025-04-01,CUST1060,Keyboard,Accessories,East,4.0,1500,0.2,4800.0,3400,App,Sale,1400.0,0.2916666666666667
ORD04290,2025-05-04,CUST1061,Headphones,Accessories,East,4.0,2500,0.1,9000.0,5400,Marketplace,Sale,3600.0,0.4
ORD04291,2025-10-22,CUST1305,Smartphone,Electronics,North,5.0,28000,0.0,140000.0,102500,Website,Sale,37500.0,0.26785714285714285
ORD04292,2025-05-11,CUST1009,Webcam,Accessories,East,3.0,3200,0.0,9600.0,5700,Marketplace,Sale,3900.0,0.40625
ORD04293,2025-10-21,CUST1215,Mouse,Accessories,North,4.0,800,0.0,3200.0,1680,Website,Sale,1520.0,0.475
ORD04294,2025-12-02,CUST1311,Mouse,Accessories,South,6.0,800,0.15,4080.0,2520,App,Sale,1560.0,0.38235294117647056
ORD04295,2025-12-02,CUST1017,Tablet,Electronics,East,2.0,22000,0.05,41800.0,31000,App,Sale,10800.0,0.2583732057416268
ORD04296,2025-06-21,CUST1381,Laptop,Electronics,East,3.0,55000,0.05,156750.0,108000,App,Sale,48750.0,0.31100478468899523
ORD04297,2025-10-07,CUST1282,Laptop,Electronics,East,3.0,55000,0.2,132000.0,108000,Marketplace,Sale,24000.0,0.18181818181818182
ORD04298,2025-07-02,CUST1391,Webcam,Accessories,West,5.0,3200,0.05,15200.0,9500,Marketplace,Sale,5700.0,0.375
ORD04299,2025-02-21,CUST1262,Mouse,Accessories,North,3.0,800,0.05,2280.0,1260,Website,Sale,1020.0,0.4473684210526316
ORD04300,2025-12-22,CUST1079,Webcam,Accessories,North,4.0,3200,0.15,10880.0,7600,Marketplace,Sale,3280.0,0.3014705882352941
ORD04301,2025-12-13,CUST1073,Webcam,Accessories,North,5.0,3200,0.0,16000.0,9500,App,Sale,6500.0,0.40625
ORD04302,2025-12-13,CUST1311,Smartphone,Electronics,North,3.0,28000,0.2,67200.0,61500,Website,Sale,5700.0,0.08482142857142858
ORD04303,2025-04-09,CUST1188,Mouse,Accessories,East,4.0,800,0.15,2720.0,1680,App,Sale,1040.0,0.38235294117647056
ORD04304,2025-07-29,CUST1266,Keyboard,Accessories,North,5.0,1500,0.1,6750.0,4250,Website,Sale,2500.0,0.37037037037037035
ORD04305,2025-04-07,CUST1283,Headphones,Accessories,South,-1.0,2500,0.0,-2500.0,-1350,Website,Return,-1150.0,
ORD04306,2025-02-08,CUST1155,Laptop,Electronics,North,1.0,55000,0.0,55000.0,36000,App,Sale,19000.0,0.34545454545454546
ORD04307,2025-12-16,CUST1347,Keyboard,Accessories,East,5.0,1500,0.0,7500.0,4250,Marketplace,Sale,3250.0,0.43333333333333335
ORD04308,2025-05-08,CUST1137,Webcam,Accessories,South,2.0,3200,0.1,5760.0,3800,App,Sale,1960.0,0.3402777777777778
ORD04309,2025-10-05,CUST1074,Monitor,Electronics,North,1.0,12000,0.2,9600.0,7600,Website,Sale,2000.0,0.20833333333333334
ORD04310,2025-08-09,CUST1306,Monitor,Electronics,East,3.0,12000,0.2,28800.0,22800,App,Sale,6000.0,0.20833333333333334
ORD04311,2025-12-13,CUST1264,Monitor,Electronics,South,2.0,12000,0.0,24000.0,15200,Website,Sale,8800.0,0.36666666666666664
ORD04312,2025-01-01,CUST1214,Smartphone,Electronics,East,6.0,28000,0.05,159600.0,123000,Website,Sale,36600.0,0.22932330827067668
ORD04313,2025-06-22,CUST1198,Webcam,Accessories,North,6.0,3200,0.15,16320.0,11400,Marketplace,Sale,4920.0,0.3014705882352941
ORD04314,2025-05-04,CUST1135,Webcam,Accessories,South,2.0,3200,0.05,6080.0,3800,Website,Sale,2280.0,0.375
ORD04315,2025-06-10,CUST1082,Laptop,Electronics,North,3.0,55000,0.2,132000.0,108000,Website,Sale,24000.0,0.18181818181818182
ORD04316,2025-10-06,CUST1094,Smartphone,Electronics,North,3.0,28000,0.15,71400.0,61500,Website,Sale,9900.0,0.13865546218487396
ORD04317,2025-07-10,CUST1191,Headphones,Accessories,North,6.0,2500,0.15,12750.0,8100,App,Sale,4650.0,0.36470588235294116
ORD04318,2025-06-09,CUST1071,Headphones,Accessories,West,2.0,2500,0.2,4000.0,2700,App,Sale,1300.0,0.325
ORD04319,2025-07-03,CUST1290,Smartphone,Electronics,South,3.0,28000,0.2,67200.0,61500,App,Sale,5700.0,0.08482142857142858
ORD04320,2025-01-12,CUST1334,Monitor,Electronics,South,6.0,12000,0.15,61200.0,45600,Marketplace,Sale,15600.0,0.2549019607843137
ORD04321,2025-03-16,CUST1054,Headphones,Accessories,East,4.0,2500,0.2,8000.0,5400,Website,Sale,2600.0,0.325
ORD04322,2025-03-12,CUST1112,Mouse,Accessories,North,1.0,800,0.05,760.0,420,Website,Sale,340.0,0.4473684210526316
ORD04323,2025-04-18,CUST1328,Webcam,Accessories,South,3.0,3200,0.1,8640.0,5700,Website,Sale,2940.0,0.3402777777777778
ORD04324,2025-07-10,CUST1338,Smartphone,Electronics,North,6.0,28000,0.05,159600.0,123000,Marketplace,Sale,36600.0,0.22932330827067668
ORD04325,2025-10-16,CUST1356,Tablet,Electronics,West,5.0,22000,0.2,88000.0,77500,App,Sale,10500.0,0.11931818181818182
ORD04326,2025-08-12,CUST1353,Keyboard,Accessories,East,1.0,1500,0.0,1500.0,850,App,Sale,650.0,0.43333333333333335
ORD04327,2025-11-15,CUST1259,Smartphone,Electronics,North,6.0,28000,0.15,142800.0,123000,Website,Sale,19800.0,0.13865546218487396
ORD04328,2025-02-27,CUST1325,Keyboard,Accessories,North,4.0,1500,0.1,5400.0,3400,Website,Sale,2000.0,0.37037037037037035
ORD04329,2025-02-03,CUST1291,Tablet,Electronics,South,1.0,22000,0.1,19800.0,15500,App,Sale,4300.0,0.21717171717171718
ORD04330,2025-04-18,CUST1220,Keyboard,Accessories,South,2.0,1500,0.05,2850.0,1700,App,Sale,1150.0,0.40350877192982454
ORD04331,2025-12-07,CUST1309,Keyboard,Accessories,East,4.0,1500,0.2,4800.0,3400,App,Sale,1400.0,0.2916666666666667
ORD04332,2025-06-19,CUST1122,Monitor,Electronics,South,1.0,12000,0.1,10800.0,7600,Website,Sale,3200.0,0.2962962962962963
ORD04333,2025-02-03,CUST1107,Headphones,Accessories,South,5.0,2500,0.15,10625.0,6750,Marketplace,Sale,3875.0,0.36470588235294116
ORD04334,2025-06-23,CUST1035,Keyboard,Accessories,West,6.0,1500,0.15,7650.0,5100,App,Sale,2550.0,0.3333333333333333
ORD04335,2025-09-12,CUST1034,Laptop,Electronics,East,5.0,55000,0.0,275000.0,180000,Website,Sale,95000.0,0.34545454545454546
ORD04336,2025-09-28,CUST1396,Keyboard,Accessories,East,3.0,1500,0.0,4500.0,2550,App,Sale,1950.0,0.43333333333333335
ORD04337,2025-05-22,CUST1026,Mouse,Accessories,North,4.0,800,0.2,2560.0,1680,Website,Sale,880.0,0.34375
ORD04338,2025-08-23,CUST1330,Monitor,Electronics,East,4.0,12000,0.0,48000.0,30400,Website,Sale,17600.0,0.36666666666666664
ORD04339,2025-08-26,CUST1236,Webcam,Accessories,South,4.0,3200,0.2,10240.0,7600,App,Sale,2640.0,0.2578125
ORD04340,2025-11-25,CUST1162,Monitor,Electronics,East,6.0,12000,0.2,57600.0,45600,Marketplace,Sale,12000.0,0.20833333333333334
ORD04341,2025-03-03,CUST1326,Headphones,Accessories,South,3.0,2500,0.1,6750.0,4050,Website,Sale,2700.0,0.4
ORD04342,2025-11-04,CUST1172,Tablet,Electronics,North,4.0,22000,0.0,88000.0,62000,Website,Sale,26000.0,0.29545454545454547
ORD04343,2025-02-06,CUST1300,Monitor,Electronics,South,3.0,12000,0.0,36000.0,22800,App,Sale,13200.0,0.36666666666666664
ORD04344,2025-10-22,CUST1187,Headphones,Accessories,South,4.0,2500,0.15,8500.0,5400,App,Sale,3100.0,0.36470588235294116
ORD04345,2025-06-17,CUST1157,Tablet,Electronics,East,3.0,22000,0.2,52800.0,46500,Marketplace,Sale,6300.0,0.11931818181818182
ORD04346,2025-04-21,CUST1026,Smartphone,Electronics,North,5.0,28000,0.05,133000.0,102500,Website,Sale,30500.0,0.22932330827067668
ORD04347,2025-05-30,CUST1424,Laptop,Electronics,North,4.0,55000,0.05,209000.0,144000,Marketplace,Sale,65000.0,0.31100478468899523
ORD04348,2025-09-20,CUST1191,Laptop,Electronics,North,5.0,55000,0.15,233750.0,180000,App,Sale,53750.0,0.22994652406417113
ORD04349,2025-03-24,CUST1375,Headphones,Accessories,South,4.0,2500,0.2,8000.0,5400,Marketplace,Sale,2600.0,0.325
ORD04350,2025-01-22,CUST1276,Webcam,Accessories,East,6.0,3200,0.0,19200.0,11400,Marketplace,Sale,7800.0,0.40625
ORD04351,2025-03-06,CUST1409,Keyboard,Accessories,South,5.0,1500,0.1,6750.0,4250,App,Sale,2500.0,0.37037037037037035
ORD04352,2025-01-17,CUST1073,Webcam,Accessories,South,4.0,3200,0.15,10880.0,7600,Website,Sale,3280.0,0.3014705882352941
ORD04353,2025-05-07,CUST1295,Tablet,Electronics,East,3.0,22000,0.0,66000.0,46500,App,Sale,19500.0,0.29545454545454547
ORD04354,2025-08-09,CUST1253,Monitor,Electronics,East,3.0,12000,0.05,34200.0,22800,App,Sale,11400.0,0.3333333333333333
ORD04355,2025-02-10,CUST1316,Tablet,Electronics,North,4.0,22000,0.05,83600.0,62000,Marketplace,Sale,21600.0,0.2583732057416268
ORD04356,2025-09-17,CUST1042,Webcam,Accessories,West,4.0,3200,0.1,11520.0,7600,Website,Sale,3920.0,0.3402777777777778
ORD04357,2025-08-12,CUST1016,Mouse,Accessories,South,5.0,800,0.2,3200.0,2100,App,Sale,1100.0,0.34375
ORD04358,2025-03-19,CUST1022,Mouse,Accessories,East,3.0,800,0.05,2280.0,1260,App,Sale,1020.0,0.4473684210526316
ORD04359,2025-01-16,CUST1281,Mouse,Accessories,North,6.0,800,0.05,4560.0,2520,Marketplace,Sale,2040.0,0.4473684210526316
ORD04360,2025-02-26,CUST1066,Webcam,Accessories,South,1.0,3200,0.15,2720.0,1900,App,Sale,820.0,0.3014705882352941
ORD04361,2025-12-04,CUST1039,Tablet,Electronics,North,1.0,22000,0.05,20900.0,15500,Website,Sale,5400.0,0.2583732057416268
ORD04362,2025-06-09,CUST1338,Webcam,Accessories,South,1.0,3200,0.0,3200.0,1900,Marketplace,Sale,1300.0,0.40625
ORD04363,2025-05-15,CUST1316,Laptop,Electronics,West,3.0,55000,0.05,156750.0,108000,Website,Sale,48750.0,0.31100478468899523
ORD04364,2025-06-19,CUST1385,Headphones,Accessories,South,4.0,2500,0.05,9500.0,5400,Marketplace,Sale,4100.0,0.43157894736842106
ORD04365,2025-06-16,CUST1207,Keyboard,Accessories,West,5.0,1500,0.1,6750.0,4250,App,Sale,2500.0,0.37037037037037035
ORD04366,2025-04-01,CUST1260,Webcam,Accessories,South,4.0,3200,0.2,10240.0,7600,Marketplace,Sale,2640.0,0.2578125
ORD04367,2025-05-11,CUST1390,Tablet,Electronics,East,2.0,22000,0.2,35200.0,31000,App,Sale,4200.0,0.11931818181818182
ORD04368,2025-03-14,CUST1199,Keyboard,Accessories,West,1.0,1500,0.2,1200.0,850,Marketplace,Sale,350.0,0.2916666666666667
ORD04369,2025-12-14,CUST1223,Smartphone,Electronics,West,6.0,28000,0.1,151200.0,123000,App,Sale,28200.0,0.1865079365079365
ORD04370,2025-10-14,CUST1241,Keyboard,Accessories,West,1.0,1500,0.2,1200.0,850,Website,Sale,350.0,0.2916666666666667
ORD04371,2025-06-30,CUST1277,Smartphone,Electronics,West,4.0,28000,0.15,95200.0,82000,App,Sale,13200.0,0.13865546218487396
ORD04372,2025-07-09,CUST1186,Mouse,Accessories,South,1.0,800,0.0,800.0,420,Website,Sale,380.0,0.475
ORD04373,2025-04-12,CUST1231,Tablet,Electronics,East,1.0,22000,0.2,17600.0,15500,App,Sale,2100.0,0.11931818181818182
ORD04374,2025-12-16,CUST1296,Tablet,Electronics,South,3.0,22000,0.15,56100.0,46500,Website,Sale,9600.0,0.1711229946524064
ORD04375,2025-12-27,CUST1379,Keyboard,Accessories,North,5.0,1500,0.1,6750.0,4250,App,Sale,2500.0,0.37037037037037035
ORD04376,2025-05-07,CUST1400,Mouse,Accessories,East,2.0,800,0.1,1440.0,840,Marketplace,Sale,600.0,0.4166666666666667
ORD04377,2025-11-10,CUST1307,Webcam,Accessories,South,1.0,3200,0.2,2560.0,1900,Website,Sale,660.0,0.2578125
ORD04378,2025-05-15,CUST1398,Mouse,Accessories,East,2.0,800,0.15,1360.0,840,App,Sale,520.0,0.38235294117647056
ORD04379,2025-04-06,CUST1091,Keyboard,Accessories,South,2.0,1500,0.15,2550.0,1700,Website,Sale,850.0,0.3333333333333333
ORD04380,2025-11-06,CUST1397,Smartphone,Electronics,North,3.0,28000,0.0,84000.0,61500,Website,Sale,22500.0,0.26785714285714285
ORD04381,2025-05-10,CUST1216,Monitor,Electronics,West,6.0,12000,0.15,61200.0,45600,App,Sale,15600.0,0.2549019607843137
ORD04382,2025-06-01,CUST1376,Headphones,Accessories,East,1.0,2500,0.05,2375.0,1350,Website,Sale,1025.0,0.43157894736842106
ORD04383,2025-06-15,CUST1262,Webcam,Accessories,South,4.0,3200,0.1,11520.0,7600,Website,Sale,3920.0,0.3402777777777778
ORD04384,2025-08-21,CUST1186,Monitor,Electronics,East,5.0,12000,0.0,60000.0,38000,Website,Sale,22000.0,0.36666666666666664
ORD04385,2025-04-22,CUST1332,Headphones,Accessories,East,1.0,2500,0.15,2125.0,1350,App,Sale,775.0,0.36470588235294116
ORD04386,2025-11-13,CUST1070,Webcam,Accessories,East,4.0,3200,0.2,10240.0,7600,Marketplace,Sale,2640.0,0.2578125
ORD04387,2025-10-20,CUST1377,Headphones,Accessories,South,6.0,2500,0.0,15000.0,8100,Marketplace,Sale,6900.0,0.46
ORD04388,2025-03-21,CUST1240,Monitor,Electronics,South,4.0,12000,0.05,45600.0,30400,Marketplace,Sale,15200.0,0.3333333333333333
ORD04389,2025-03-17,CUST1098,Monitor,Electronics,North,2.0,12000,0.1,21600.0,15200,App,Sale,6400.0,0.2962962962962963
ORD04390,2025-01-15,CUST1302,Tablet,Electronics,North,2.0,22000,0.0,44000.0,31000,App,Sale,13000.0,0.29545454545454547
ORD04391,2025-10-14,CUST1106,Mouse,Accessories,East,2.0,800,0.05,1520.0,840,Website,Sale,680.0,0.4473684210526316
ORD04392,2025-04-22,CUST1033,Webcam,Accessories,North,6.0,3200,0.05,18240.0,11400,App,Sale,6840.0,0.375
ORD04393,2025-12-11,CUST1359,Webcam,Accessories,East,2.0,3200,0.05,6080.0,3800,App,Sale,2280.0,0.375
ORD04394,2025-05-05,CUST1352,Smartphone,Electronics,North,3.0,28000,0.1,75600.0,61500,Website,Sale,14100.0,0.1865079365079365
ORD04395,2025-10-04,CUST1177,Keyboard,Accessories,South,3.0,1500,0.2,3600.0,2550,App,Sale,1050.0,0.2916666666666667
ORD04396,2025-02-08,CUST1189,Monitor,Electronics,North,5.0,12000,0.2,48000.0,38000,App,Sale,10000.0,0.20833333333333334
ORD04397,2025-11-04,CUST1111,Keyboard,Accessories,West,3.0,1500,0.05,4275.0,2550,Website,Sale,1725.0,0.40350877192982454
ORD04398,2025-04-25,CUST1163,Keyboard,Accessories,South,4.0,1500,0.0,6000.0,3400,Website,Sale,2600.0,0.43333333333333335
ORD04399,2025-12-16,CUST1247,Mouse,Accessories,North,4.0,800,0.15,2720.0,1680,Marketplace,Sale,1040.0,0.38235294117647056
ORD04400,2025-05-03,CUST1339,Monitor,Electronics,North,4.0,12000,0.2,38400.0,30400,Website,Sale,8000.0,0.20833333333333334
ORD04401,2025-03-13,CUST1313,Tablet,Electronics,North,2.0,22000,0.0,44000.0,31000,Website,Sale,13000.0,0.29545454545454547
ORD04402,2025-11-27,CUST1353,Tablet,Electronics,East,5.0,22000,0.15,93500.0,77500,Website,Sale,16000.0,0.1711229946524064
ORD04403,2025-03-01,CUST1171,Smartphone,Electronics,North,6.0,28000,0.1,151200.0,123000,Marketplace,Sale,28200.0,0.1865079365079365
ORD04404,2025-07-20,CUST1025,Monitor,Electronics,East,3.0,12000,0.05,34200.0,22800,Website,Sale,11400.0,0.3333333333333333
ORD04405,2025-03-06,CUST1297,Headphones,Accessories,East,3.0,2500,0.1,6750.0,4050,App,Sale,2700.0,0.4
ORD04406,2025-07-02,CUST1111,Laptop,Electronics,South,5.0,55000,0.1,247500.0,180000,Marketplace,Sale,67500.0,0.2727272727272727
ORD04407,2025-03-24,CUST1248,Smartphone,Electronics,East,2.0,28000,0.0,56000.0,41000,Marketplace,Sale,15000.0,0.26785714285714285
ORD04408,2025-04-14,CUST1209,Headphones,Accessories,East,5.0,2500,0.2,10000.0,6750,App,Sale,3250.0,0.325
ORD04409,2025-07-20,CUST1116,Smartphone,Electronics,West,2.0,28000,0.1,50400.0,41000,App,Sale,9400.0,0.1865079365079365
ORD04410,2025-08-04,CUST1189,Tablet,Electronics,South,1.0,22000,0.0,22000.0,15500,Marketplace,Sale,6500.0,0.29545454545454547
ORD04411,2025-11-02,CUST1340,Mouse,Accessories,North,5.0,800,0.1,3600.0,2100,Marketplace,Sale,1500.0,0.4166666666666667
ORD04412,2025-09-15,CUST1360,Keyboard,Accessories,East,5.0,1500,0.15,6375.0,4250,Marketplace,Sale,2125.0,0.3333333333333333
ORD04413,2025-12-22,CUST1112,Monitor,Electronics,North,4.0,12000,0.2,38400.0,30400,Website,Sale,8000.0,0.20833333333333334
ORD04414,2025-05-15,CUST1296,Monitor,Electronics,East,3.0,12000,0.1,32400.0,22800,Website,Sale,9600.0,0.2962962962962963
ORD04415,2025-03-17,CUST1398,Smartphone,Electronics,South,5.0,28000,0.1,126000.0,102500,Website,Sale,23500.0,0.1865079365079365
ORD04416,2025-11-22,CUST1416,Laptop,Electronics,South,2.0,55000,0.1,99000.0,72000,Website,Sale,27000.0,0.2727272727272727
ORD04417,2025-08-20,CUST1298,Tablet,Electronics,South,5.0,22000,0.2,88000.0,77500,Marketplace,Sale,10500.0,0.11931818181818182
ORD04418,2025-02-20,CUST1143,Keyboard,Accessories,West,1.0,1500,0.15,1275.0,850,Website,Sale,425.0,0.3333333333333333
ORD04419,2025-05-07,CUST1071,Keyboard,Accessories,South,1.0,1500,0.0,1500.0,850,Marketplace,Sale,650.0,0.43333333333333335
ORD04420,2025-02-15,CUST1400,Laptop,Electronics,East,1.0,55000,0.05,52250.0,36000,Website,Sale,16250.0,0.31100478468899523
ORD04421,2025-05-12,CUST1164,Tablet,Electronics,West,2.0,22000,0.2,35200.0,31000,App,Sale,4200.0,0.11931818181818182
ORD04422,2025-04-07,CUST1359,Laptop,Electronics,East,3.0,55000,0.2,132000.0,108000,Website,Sale,24000.0,0.18181818181818182
ORD04423,2025-06-10,CUST1397,Smartphone,Electronics,South,4.0,28000,0.05,106400.0,82000,App,Sale,24400.0,0.22932330827067668
ORD04424,2025-10-06,CUST1287,Webcam,Accessories,North,3.0,3200,0.0,9600.0,5700,App,Sale,3900.0,0.40625
ORD04425,2025-03-12,CUST1338,Mouse,Accessories,East,1.0,800,0.0,800.0,420,App,Sale,380.0,0.475
ORD04426,2025-01-22,CUST1104,Mouse,Accessories,South,3.0,800,0.0,2400.0,1260,App,Sale,1140.0,0.475
ORD04427,2025-12-29,CUST1320,Tablet,Electronics,South,1.0,22000,0.2,17600.0,15500,Website,Sale,2100.0,0.11931818181818182
ORD04428,2025-07-16,CUST1270,Webcam,Accessories,West,6.0,3200,0.05,18240.0,11400,App,Sale,6840.0,0.375
ORD04429,2025-02-28,CUST1204,Laptop,Electronics,South,5.0,55000,0.0,275000.0,180000,Website,Sale,95000.0,0.34545454545454546
ORD04430,2025-01-04,CUST1216,Headphones,Accessories,South,4.0,2500,0.2,8000.0,5400,Website,Sale,2600.0,0.325
ORD04431,2025-05-02,CUST1267,Mouse,Accessories,North,3.0,800,0.1,2160.0,1260,App,Sale,900.0,0.4166666666666667
ORD04432,2025-12-26,CUST1029,Keyboard,Accessories,West,1.0,1500,0.05,1425.0,850,Marketplace,Sale,575.0,0.40350877192982454
ORD04433,2025-11-15,CUST1318,Headphones,Accessories,East,1.0,2500,0.2,2000.0,1350,Website,Sale,650.0,0.325
ORD04434,2025-03-12,CUST1012,Webcam,Accessories,South,5.0,3200,0.05,15200.0,9500,Website,Sale,5700.0,0.375
ORD04435,2025-04-26,CUST1389,Smartphone,Electronics,South,4.0,28000,0.15,95200.0,82000,Website,Sale,13200.0,0.13865546218487396
ORD04436,2025-02-04,CUST1285,Webcam,Accessories,East,4.0,3200,0.2,10240.0,7600,Marketplace,Sale,2640.0,0.2578125
ORD04437,2025-04-04,CUST1347,Laptop,Electronics,East,6.0,55000,0.0,330000.0,216000,Marketplace,Sale,114000.0,0.34545454545454546
ORD04438,2025-10-09,CUST1007,Smartphone,Electronics,South,1.0,28000,0.15,23800.0,20500,App,Sale,3300.0,0.13865546218487396
ORD04439,2025-03-29,CUST1398,Tablet,Electronics,South,4.0,22000,0.1,79200.0,62000,App,Sale,17200.0,0.21717171717171718
ORD04440,2025-09-29,CUST1370,Monitor,Electronics,South,1.0,12000,0.05,11400.0,7600,Website,Sale,3800.0,0.3333333333333333
ORD04441,2025-03-09,CUST1088,Monitor,Electronics,East,1.0,12000,0.05,11400.0,7600,Website,Sale,3800.0,0.3333333333333333
ORD04442,2025-06-17,CUST1252,Monitor,Electronics,West,2.0,12000,0.15,20400.0,15200,App,Sale,5200.0,0.2549019607843137
ORD04443,2025-04-17,CUST1427,Smartphone,Electronics,North,2.0,28000,0.1,50400.0,41000,App,Sale,9400.0,0.1865079365079365
ORD04444,2025-03-02,CUST1186,Keyboard,Accessories,South,4.0,1500,0.05,5700.0,3400,Marketplace,Sale,2300.0,0.40350877192982454
ORD04445,2025-10-15,CUST1306,Headphones,Accessories,East,4.0,2500,0.1,9000.0,5400,App,Sale,3600.0,0.4
ORD04446,2025-01-17,CUST1389,Keyboard,Accessories,East,3.0,1500,0.0,4500.0,2550,App,Sale,1950.0,0.43333333333333335
ORD04447,2025-08-20,CUST1278,Smartphone,Electronics,East,3.0,28000,0.15,71400.0,61500,Website,Sale,9900.0,0.13865546218487396
ORD04448,2025-08-12,CUST1164,Headphones,Accessories,West,6.0,2500,0.1,13500.0,8100,Marketplace,Sale,5400.0,0.4
ORD04449,2025-01-27,CUST1160,Webcam,Accessories,East,3.0,3200,0.1,8640.0,5700,Marketplace,Sale,2940.0,0.3402777777777778
ORD04450,2025-07-31,CUST1316,Laptop,Electronics,East,3.0,55000,0.05,156750.0,108000,App,Sale,48750.0,0.31100478468899523
ORD04451,2025-01-25,CUST1259,Webcam,Accessories,East,4.0,3200,0.0,12800.0,7600,App,Sale,5200.0,0.40625
ORD04452,2025-09-16,CUST1439,Keyboard,Accessories,South,1.0,1500,0.15,1275.0,850,App,Sale,425.0,0.3333333333333333
ORD04453,2025-01-15,CUST1287,Smartphone,Electronics,North,2.0,28000,0.1,50400.0,41000,Marketplace,Sale,9400.0,0.1865079365079365
ORD04454,2025-05-16,CUST1446,Webcam,Accessories,West,2.0,3200,0.15,5440.0,3800,Marketplace,Sale,1640.0,0.3014705882352941
ORD04455,2025-10-30,CUST1141,Monitor,Electronics,East,3.0,12000,0.0,36000.0,22800,App,Sale,13200.0,0.36666666666666664
ORD04456,2025-11-03,CUST1292,Headphones,Accessories,East,2.0,2500,0.05,4750.0,2700,App,Sale,2050.0,0.43157894736842106
ORD04457,2025-12-16,CUST1073,Monitor,Electronics,South,4.0,12000,0.2,38400.0,30400,Website,Sale,8000.0,0.20833333333333334
ORD04458,2025-11-30,CUST1254,Monitor,Electronics,East,2.0,12000,0.0,24000.0,15200,App,Sale,8800.0,0.36666666666666664
ORD04459,2025-08-23,CUST1107,Monitor,Electronics,North,1.0,12000,0.0,12000.0,7600,App,Sale,4400.0,0.36666666666666664
ORD04460,2025-10-05,CUST1309,Monitor,Electronics,South,1.0,12000,0.1,10800.0,7600,Website,Sale,3200.0,0.2962962962962963
ORD04461,2025-11-13,CUST1187,Keyboard,Accessories,South,1.0,1500,0.0,1500.0,850,Marketplace,Sale,650.0,0.43333333333333335
ORD04462,2025-12-11,CUST1346,Keyboard,Accessories,East,2.0,1500,0.0,3000.0,1700,Website,Sale,1300.0,0.43333333333333335
ORD04463,2025-09-21,CUST1089,Webcam,Accessories,North,3.0,3200,0.1,8640.0,5700,Marketplace,Sale,2940.0,0.3402777777777778
ORD04464,2025-06-09,CUST1388,Monitor,Electronics,North,5.0,12000,0.0,60000.0,38000,Website,Sale,22000.0,0.36666666666666664
ORD04465,2025-10-24,CUST1057,Laptop,Electronics,East,6.0,55000,0.15,280500.0,216000,Website,Sale,64500.0,0.22994652406417113
ORD04466,2025-03-29,CUST1301,Mouse,Accessories,North,4.0,800,0.2,2560.0,1680,App,Sale,880.0,0.34375
ORD04467,2025-06-09,CUST1212,Laptop,Electronics,South,6.0,55000,0.15,280500.0,216000,Website,Sale,64500.0,0.22994652406417113
ORD04468,2025-11-07,CUST1254,Keyboard,Accessories,North,5.0,1500,0.0,7500.0,4250,Website,Sale,3250.0,0.43333333333333335
ORD04469,2025-03-28,CUST1187,Headphones,Accessories,South,1.0,2500,0.05,2375.0,1350,Website,Sale,1025.0,0.43157894736842106
ORD04470,2025-10-26,CUST1325,Tablet,Electronics,South,2.0,22000,0.1,39600.0,31000,App,Sale,8600.0,0.21717171717171718
ORD04471,2025-09-02,CUST1361,Keyboard,Accessories,East,5.0,1500,0.0,7500.0,4250,Website,Sale,3250.0,0.43333333333333335
ORD04472,2025-02-27,CUST1312,Monitor,Electronics,South,6.0,12000,0.0,72000.0,45600,App,Sale,26400.0,0.36666666666666664
ORD04473,2025-04-17,CUST1006,Keyboard,Accessories,East,2.0,1500,0.05,2850.0,1700,Website,Sale,1150.0,0.40350877192982454
ORD04474,2025-03-16,CUST1388,Tablet,Electronics,South,5.0,22000,0.15,93500.0,77500,Website,Sale,16000.0,0.1711229946524064
ORD04475,2025-09-20,CUST1092,Mouse,Accessories,East,6.0,800,0.05,4560.0,2520,Marketplace,Sale,2040.0,0.4473684210526316
ORD04476,2025-09-23,CUST1212,Mouse,Accessories,North,3.0,800,0.0,2400.0,1260,Marketplace,Sale,1140.0,0.475
ORD04477,2025-09-01,CUST1007,Laptop,Electronics,East,3.0,55000,0.05,156750.0,108000,App,Sale,48750.0,0.31100478468899523
ORD04478,2025-09-19,CUST1436,Smartphone,Electronics,North,3.0,28000,0.0,84000.0,61500,App,Sale,22500.0,0.26785714285714285
ORD04479,2025-09-11,CUST1429,Keyboard,Accessories,South,2.0,1500,0.1,2700.0,1700,Website,Sale,1000.0,0.37037037037037035
ORD04480,2025-10-21,CUST1119,Monitor,Electronics,South,4.0,12000,0.05,45600.0,30400,App,Sale,15200.0,0.3333333333333333
ORD04481,2025-01-25,CUST1283,Headphones,Accessories,East,2.0,2500,0.2,4000.0,2700,Website,Sale,1300.0,0.325
ORD04482,2025-03-31,CUST1263,Webcam,Accessories,North,4.0,3200,0.0,12800.0,7600,App,Sale,5200.0,0.40625
ORD04483,2025-05-18,CUST1199,Webcam,Accessories,North,4.0,3200,0.1,11520.0,7600,App,Sale,3920.0,0.3402777777777778
ORD04484,2025-03-01,CUST1277,Headphones,Accessories,East,1.0,2500,0.0,2500.0,1350,App,Sale,1150.0,0.46
ORD04485,2025-06-17,CUST1182,Smartphone,Electronics,South,5.0,28000,0.0,140000.0,102500,App,Sale,37500.0,0.26785714285714285
ORD04486,2025-05-23,CUST1147,Tablet,Electronics,East,2.0,22000,0.1,39600.0,31000,Marketplace,Sale,8600.0,0.21717171717171718
ORD04487,2025-03-06,CUST1134,Tablet,Electronics,East,3.0,22000,0.15,56100.0,46500,Website,Sale,9600.0,0.1711229946524064
ORD04488,2025-05-26,CUST1378,Keyboard,Accessories,East,4.0,1500,0.1,5400.0,3400,App,Sale,2000.0,0.37037037037037035
ORD04489,2025-12-27,CUST1012,Webcam,Accessories,North,3.0,3200,0.15,8160.0,5700,Website,Sale,2460.0,0.3014705882352941
ORD04490,2025-10-13,CUST1174,Monitor,Electronics,South,2.0,12000,0.2,19200.0,15200,App,Sale,4000.0,0.20833333333333334
ORD04491,2025-04-20,CUST1427,Tablet,Electronics,East,2.0,22000,0.15,37400.0,31000,Website,Sale,6400.0,0.1711229946524064
ORD04492,2025-03-26,CUST1387,Laptop,Electronics,East,6.0,55000,0.05,313500.0,216000,Website,Sale,97500.0,0.31100478468899523
ORD04493,2025-03-12,CUST1176,Tablet,Electronics,West,2.0,22000,0.0,44000.0,31000,Website,Sale,13000.0,0.29545454545454547
ORD04494,2025-12-12,CUST1233,Webcam,Accessories,East,2.0,3200,0.05,6080.0,3800,App,Sale,2280.0,0.375
ORD04495,2025-02-19,CUST1349,Headphones,Accessories,East,5.0,2500,0.05,11875.0,6750,App,Sale,5125.0,0.43157894736842106
ORD04496,2025-08-01,CUST1051,Monitor,Electronics,North,5.0,12000,0.2,48000.0,38000,App,Sale,10000.0,0.20833333333333334
ORD04497,2025-06-27,CUST1092,Monitor,Electronics,West,5.0,12000,0.0,60000.0,38000,App,Sale,22000.0,0.36666666666666664
ORD04498,2025-05-01,CUST1173,Laptop,Electronics,East,4.0,55000,0.1,198000.0,144000,App,Sale,54000.0,0.2727272727272727
ORD04499,2025-04-07,CUST1138,Tablet,Electronics,East,6.0,22000,0.0,132000.0,93000,App,Sale,39000.0,0.29545454545454547
ORD04500,2025-12-12,CUST1443,Keyboard,Accessories,South,2.0,1500,0.1,2700.0,1700,Website,Sale,1000.0,0.37037037037037035
ORD04501,2025-12-15,CUST1331,Tablet,Electronics,South,2.0,22000,0.0,44000.0,31000,App,Sale,13000.0,0.29545454545454547
ORD04502,2025-12-02,CUST1248,Smartphone,Electronics,South,3.0,28000,0.1,75600.0,61500,Website,Sale,14100.0,0.1865079365079365
ORD04503,2025-03-27,CUST1291,Webcam,Accessories,East,5.0,3200,0.0,16000.0,9500,App,Sale,6500.0,0.40625
ORD04504,2025-08-30,CUST1196,Keyboard,Accessories,South,6.0,1500,0.2,7200.0,5100,Website,Sale,2100.0,0.2916666666666667
ORD04505,2025-07-02,CUST1259,Mouse,Accessories,North,1.0,800,0.0,800.0,420,Website,Sale,380.0,0.475
ORD04506,2025-07-27,CUST1010,Laptop,Electronics,West,1.0,55000,0.2,44000.0,36000,Website,Sale,8000.0,0.18181818181818182
ORD04507,2025-07-19,CUST1188,Smartphone,Electronics,North,2.0,28000,0.0,56000.0,41000,Website,Sale,15000.0,0.26785714285714285
ORD04508,2025-04-21,CUST1329,Webcam,Accessories,East,5.0,3200,0.1,14400.0,9500,Website,Sale,4900.0,0.3402777777777778
ORD04509,2025-11-24,CUST1090,Keyboard,Accessories,North,3.0,1500,0.2,3600.0,2550,Website,Sale,1050.0,0.2916666666666667
ORD04510,2025-10-02,CUST1047,Webcam,Accessories,South,2.0,3200,0.15,5440.0,3800,App,Sale,1640.0,0.3014705882352941
ORD04511,2025-01-17,CUST1225,Mouse,Accessories,North,6.0,800,0.0,4800.0,2520,Website,Sale,2280.0,0.475
ORD04512,2025-08-21,CUST1166,Smartphone,Electronics,East,6.0,28000,0.1,151200.0,123000,Website,Sale,28200.0,0.1865079365079365
ORD04513,2025-06-22,CUST1152,Keyboard,Accessories,North,4.0,1500,0.15,5100.0,3400,Website,Sale,1700.0,0.3333333333333333
ORD04514,2025-04-16,CUST1081,Mouse,Accessories,East,3.0,800,0.1,2160.0,1260,Website,Sale,900.0,0.4166666666666667
ORD04515,2025-08-06,CUST1199,Webcam,Accessories,East,6.0,3200,0.05,18240.0,11400,Website,Sale,6840.0,0.375
ORD04516,2025-10-29,CUST1354,Headphones,Accessories,North,3.0,2500,0.05,7125.0,4050,Website,Sale,3075.0,0.43157894736842106
ORD04517,2025-05-14,CUST1246,Keyboard,Accessories,East,5.0,1500,0.15,6375.0,4250,Website,Sale,2125.0,0.3333333333333333
ORD04518,2025-01-21,CUST1035,Mouse,Accessories,North,3.0,800,0.2,1920.0,1260,Website,Sale,660.0,0.34375
ORD04519,2025-06-28,CUST1049,Headphones,Accessories,South,2.0,2500,0.2,4000.0,2700,Marketplace,Sale,1300.0,0.325
ORD04520,2025-05-24,CUST1430,Laptop,Electronics,North,1.0,55000,0.1,49500.0,36000,Website,Sale,13500.0,0.2727272727272727
ORD04521,2025-12-27,CUST1180,Laptop,Electronics,South,5.0,55000,0.2,220000.0,180000,App,Sale,40000.0,0.18181818181818182
ORD04522,2025-08-07,CUST1294,Keyboard,Accessories,East,6.0,1500,0.2,7200.0,5100,Website,Sale,2100.0,0.2916666666666667
ORD04523,2025-05-14,CUST1109,Keyboard,Accessories,South,2.0,1500,0.2,2400.0,1700,Website,Sale,700.0,0.2916666666666667
ORD04524,2025-06-17,CUST1413,Keyboard,Accessories,West,5.0,1500,0.15,6375.0,4250,App,Sale,2125.0,0.3333333333333333
ORD04525,2025-11-25,CUST1170,Tablet,Electronics,North,2.0,22000,0.1,39600.0,31000,Website,Sale,8600.0,0.21717171717171718
ORD04526,2025-08-13,CUST1347,Keyboard,Accessories,South,3.0,1500,0.0,4500.0,2550,Marketplace,Sale,1950.0,0.43333333333333335
ORD04527,2025-07-31,CUST1010,Smartphone,Electronics,South,4.0,28000,0.1,100800.0,82000,App,Sale,18800.0,0.1865079365079365
ORD04528,2025-11-15,CUST1179,Webcam,Accessories,East,2.0,3200,0.1,5760.0,3800,App,Sale,1960.0,0.3402777777777778
ORD04529,2025-04-03,CUST1147,Mouse,Accessories,West,4.0,800,0.0,3200.0,1680,Marketplace,Sale,1520.0,0.475
ORD04530,2025-02-25,CUST1336,Smartphone,Electronics,West,6.0,28000,0.2,134400.0,123000,Website,Sale,11400.0,0.08482142857142858
ORD04531,2025-06-17,CUST1020,Webcam,Accessories,North,5.0,3200,0.05,15200.0,9500,Website,Sale,5700.0,0.375
ORD04532,2025-02-09,CUST1210,Laptop,Electronics,North,2.0,55000,0.15,93500.0,72000,Website,Sale,21500.0,0.22994652406417113
ORD04533,2025-10-10,CUST1410,Mouse,Accessories,South,4.0,800,0.05,3040.0,1680,Website,Sale,1360.0,0.4473684210526316
ORD04534,2025-06-26,CUST1204,Tablet,Electronics,South,3.0,22000,0.15,56100.0,46500,Website,Sale,9600.0,0.1711229946524064
ORD04535,2025-08-29,CUST1189,Laptop,Electronics,South,5.0,55000,0.15,233750.0,180000,Website,Sale,53750.0,0.22994652406417113
ORD04536,2025-07-15,CUST1415,Monitor,Electronics,North,-2.0,12000,0.0,-24000.0,-15200,Website,Return,-8800.0,
ORD04537,2025-02-01,CUST1286,Laptop,Electronics,East,2.0,55000,0.05,104500.0,72000,App,Sale,32500.0,0.31100478468899523
ORD04538,2025-01-22,CUST1375,Laptop,Electronics,South,1.0,55000,0.0,55000.0,36000,Marketplace,Sale,19000.0,0.34545454545454546
ORD04539,2025-10-29,CUST1020,Webcam,Accessories,North,4.0,3200,0.15,10880.0,7600,Marketplace,Sale,3280.0,0.3014705882352941
ORD04540,2025-11-11,CUST1185,Monitor,Electronics,West,4.0,12000,0.05,45600.0,30400,Marketplace,Sale,15200.0,0.3333333333333333
ORD04541,2025-03-11,CUST1032,Headphones,Accessories,West,5.0,2500,0.15,10625.0,6750,Website,Sale,3875.0,0.36470588235294116
ORD04542,2025-03-21,CUST1361,Keyboard,Accessories,South,5.0,1500,0.15,6375.0,4250,App,Sale,2125.0,0.3333333333333333
ORD04543,2025-02-12,CUST1176,Smartphone,Electronics,East,3.0,28000,0.1,75600.0,61500,Website,Sale,14100.0,0.1865079365079365
ORD04544,2025-03-29,CUST1091,Keyboard,Accessories,South,6.0,1500,0.05,8550.0,5100,Website,Sale,3450.0,0.40350877192982454
ORD04545,2025-11-19,CUST1001,Tablet,Electronics,West,4.0,22000,0.0,88000.0,62000,Website,Sale,26000.0,0.29545454545454547
ORD04546,2025-12-20,CUST1217,Smartphone,Electronics,East,1.0,28000,0.05,26600.0,20500,Website,Sale,6100.0,0.22932330827067668
ORD04547,2025-05-24,CUST1099,Smartphone,Electronics,North,2.0,28000,0.2,44800.0,41000,Marketplace,Sale,3800.0,0.08482142857142858
ORD04548,2025-11-10,CUST1387,Laptop,Electronics,South,6.0,55000,0.2,264000.0,216000,App,Sale,48000.0,0.18181818181818182
ORD04549,2025-07-13,CUST1432,Smartphone,Electronics,North,6.0,28000,0.2,134400.0,123000,Website,Sale,11400.0,0.08482142857142858
ORD04550,2025-05-12,CUST1425,Monitor,Electronics,South,4.0,12000,0.1,43200.0,30400,App,Sale,12800.0,0.2962962962962963
ORD04551,2025-05-16,CUST1352,Webcam,Accessories,South,3.0,3200,0.15,8160.0,5700,Website,Sale,2460.0,0.3014705882352941
ORD04552,2025-02-26,CUST1266,Keyboard,Accessories,West,2.0,1500,0.15,2550.0,1700,App,Sale,850.0,0.3333333333333333
ORD04553,2025-03-16,CUST1065,Tablet,Electronics,East,4.0,22000,0.15,74800.0,62000,App,Sale,12800.0,0.1711229946524064
ORD04554,2025-05-29,CUST1368,Keyboard,Accessories,South,3.0,1500,0.1,4050.0,2550,Website,Sale,1500.0,0.37037037037037035
ORD04555,2025-03-06,CUST1283,Webcam,Accessories,South,3.0,3200,0.2,7680.0,5700,App,Sale,1980.0,0.2578125
ORD04556,2025-11-03,CUST1067,Headphones,Accessories,North,6.0,2500,0.05,14250.0,8100,App,Sale,6150.0,0.43157894736842106
ORD04557,2025-01-08,CUST1340,Tablet,Electronics,East,6.0,22000,0.1,118800.0,93000,App,Sale,25800.0,0.21717171717171718
ORD04558,2025-12-25,CUST1037,Laptop,Electronics,North,1.0,55000,0.05,52250.0,36000,Marketplace,Sale,16250.0,0.31100478468899523
ORD04559,2025-12-11,CUST1182,Laptop,Electronics,North,1.0,55000,0.1,49500.0,36000,Website,Sale,13500.0,0.2727272727272727
ORD04560,2025-11-22,CUST1280,Smartphone,Electronics,East,2.0,28000,0.0,56000.0,41000,App,Sale,15000.0,0.26785714285714285
ORD04561,2025-08-25,CUST1307,Webcam,Accessories,South,3.0,3200,0.0,9600.0,5700,Marketplace,Sale,3900.0,0.40625
ORD04562,2025-01-12,CUST1446,Tablet,Electronics,North,6.0,22000,0.2,105600.0,93000,Website,Sale,12600.0,0.11931818181818182
ORD04563,2025-12-02,CUST1113,Monitor,Electronics,South,1.0,12000,0.0,12000.0,7600,Website,Sale,4400.0,0.36666666666666664
ORD04564,2025-07-09,CUST1228,Laptop,Electronics,South,6.0,55000,0.15,280500.0,216000,App,Sale,64500.0,0.22994652406417113
ORD04565,2025-10-11,CUST1213,Smartphone,Electronics,South,4.0,28000,0.05,106400.0,82000,Website,Sale,24400.0,0.22932330827067668
ORD04566,2025-02-14,CUST1040,Monitor,Electronics,East,6.0,12000,0.0,72000.0,45600,App,Sale,26400.0,0.36666666666666664
ORD04567,2025-08-10,CUST1374,Keyboard,Accessories,North,2.0,1500,0.2,2400.0,1700,Marketplace,Sale,700.0,0.2916666666666667
ORD04568,2025-04-12,CUST1153,Mouse,Accessories,South,6.0,800,0.2,3840.0,2520,App,Sale,1320.0,0.34375
ORD04569,2025-11-01,CUST1126,Keyboard,Accessories,North,1.0,1500,0.1,1350.0,850,Marketplace,Sale,500.0,0.37037037037037035
ORD04570,2025-08-09,CUST1095,Tablet,Electronics,East,2.0,22000,0.1,39600.0,31000,Marketplace,Sale,8600.0,0.21717171717171718
ORD04571,2025-06-26,CUST1153,Laptop,Electronics,North,6.0,55000,0.1,297000.0,216000,Website,Sale,81000.0,0.2727272727272727
ORD04572,2025-02-03,CUST1289,Tablet,Electronics,South,4.0,22000,0.2,70400.0,62000,Website,Sale,8400.0,0.11931818181818182
ORD04573,2025-06-27,CUST1434,Webcam,Accessories,South,4.0,3200,0.05,12160.0,7600,App,Sale,4560.0,0.375
ORD04574,2025-06-23,CUST1304,Laptop,Electronics,South,1.0,55000,0.05,52250.0,36000,App,Sale,16250.0,0.31100478468899523
ORD04575,2025-11-24,CUST1418,Mouse,Accessories,East,4.0,800,0.15,2720.0,1680,Marketplace,Sale,1040.0,0.38235294117647056
ORD04576,2025-09-29,CUST1032,Tablet,Electronics,North,1.0,22000,0.0,22000.0,15500,Website,Sale,6500.0,0.29545454545454547
ORD04577,2025-02-05,CUST1063,Headphones,Accessories,East,5.0,2500,0.05,11875.0,6750,Website,Sale,5125.0,0.43157894736842106
ORD04578,2025-10-24,CUST1035,Mouse,Accessories,South,5.0,800,0.15,3400.0,2100,App,Sale,1300.0,0.38235294117647056
ORD04579,2025-04-21,CUST1169,Monitor,Electronics,South,1.0,12000,0.1,10800.0,7600,Website,Sale,3200.0,0.2962962962962963
ORD04580,2025-04-20,CUST1000,Keyboard,Accessories,North,2.0,1500,0.05,2850.0,1700,App,Sale,1150.0,0.40350877192982454
ORD04581,2025-10-09,CUST1169,Tablet,Electronics,South,5.0,22000,0.1,99000.0,77500,Website,Sale,21500.0,0.21717171717171718
ORD04582,2025-12-03,CUST1018,Smartphone,Electronics,West,1.0,28000,0.2,22400.0,20500,App,Sale,1900.0,0.08482142857142858
ORD04583,2025-10-31,CUST1265,Smartphone,Electronics,East,6.0,28000,0.2,134400.0,123000,Marketplace,Sale,11400.0,0.08482142857142858
ORD04584,2025-05-30,CUST1044,Keyboard,Accessories,East,5.0,1500,0.05,7125.0,4250,App,Sale,2875.0,0.40350877192982454
ORD04585,2025-06-12,CUST1366,Smartphone,Electronics,West,4.0,28000,0.05,106400.0,82000,App,Sale,24400.0,0.22932330827067668
ORD04586,2025-03-28,CUST1304,Headphones,Accessories,West,6.0,2500,0.0,15000.0,8100,Marketplace,Sale,6900.0,0.46
ORD04587,2025-07-24,CUST1040,Laptop,Electronics,East,4.0,55000,0.05,209000.0,144000,App,Sale,65000.0,0.31100478468899523
ORD04588,2025-05-29,CUST1400,Keyboard,Accessories,South,3.0,1500,0.05,4275.0,2550,Website,Sale,1725.0,0.40350877192982454
ORD04589,2025-09-08,CUST1444,Keyboard,Accessories,South,1.0,1500,0.1,1350.0,850,Website,Sale,500.0,0.37037037037037035
ORD04590,2025-07-25,CUST1361,Smartphone,Electronics,North,3.0,28000,0.05,79800.0,61500,Marketplace,Sale,18300.0,0.22932330827067668
ORD04591,2025-08-22,CUST1232,Tablet,Electronics,South,6.0,22000,0.2,105600.0,93000,Marketplace,Sale,12600.0,0.11931818181818182
ORD04592,2025-01-12,CUST1009,Webcam,Accessories,East,4.0,3200,0.15,10880.0,7600,App,Sale,3280.0,0.3014705882352941
ORD04593,2025-07-08,CUST1069,Webcam,Accessories,East,5.0,3200,0.2,12800.0,9500,Website,Sale,3300.0,0.2578125
ORD04594,2025-05-19,CUST1291,Keyboard,Accessories,East,-2.0,1500,0.05,-2850.0,-1700,App,Return,-1150.0,
ORD04595,2025-04-18,CUST1003,Webcam,Accessories,West,1.0,3200,0.0,3200.0,1900,Website,Sale,1300.0,0.40625
ORD04596,2025-07-18,CUST1244,Monitor,Electronics,North,5.0,12000,0.05,57000.0,38000,App,Sale,19000.0,0.3333333333333333
ORD04597,2025-10-31,CUST1049,Mouse,Accessories,North,5.0,800,0.0,4000.0,2100,Website,Sale,1900.0,0.475
ORD04598,2025-09-26,CUST1266,Headphones,Accessories,West,4.0,2500,0.15,8500.0,5400,Marketplace,Sale,3100.0,0.36470588235294116
ORD04599,2025-06-03,CUST1086,Smartphone,Electronics,East,3.0,28000,0.2,67200.0,61500,Website,Sale,5700.0,0.08482142857142858
ORD04600,2025-08-12,CUST1148,Monitor,Electronics,North,4.0,12000,0.15,40800.0,30400,App,Sale,10400.0,0.2549019607843137
ORD04601,2025-06-16,CUST1175,Tablet,Electronics,West,6.0,22000,0.15,112200.0,93000,Website,Sale,19200.0,0.1711229946524064
ORD04602,2025-12-04,CUST1320,Monitor,Electronics,North,5.0,12000,0.05,57000.0,38000,Website,Sale,19000.0,0.3333333333333333
ORD04603,2025-04-20,CUST1211,Tablet,Electronics,North,2.0,22000,0.15,37400.0,31000,App,Sale,6400.0,0.1711229946524064
ORD04604,2025-05-28,CUST1159,Headphones,Accessories,West,1.0,2500,0.05,2375.0,1350,App,Sale,1025.0,0.43157894736842106
ORD04605,2025-08-14,CUST1275,Keyboard,Accessories,North,6.0,1500,0.1,8100.0,5100,Website,Sale,3000.0,0.37037037037037035
ORD04606,2025-04-22,CUST1241,Smartphone,Electronics,North,1.0,28000,0.05,26600.0,20500,Marketplace,Sale,6100.0,0.22932330827067668
ORD04607,2025-01-30,CUST1191,Monitor,Electronics,South,3.0,12000,0.0,36000.0,22800,Website,Sale,13200.0,0.36666666666666664
ORD04608,2025-06-15,CUST1245,Webcam,Accessories,North,6.0,3200,0.05,18240.0,11400,App,Sale,6840.0,0.375
ORD04609,2025-07-06,CUST1134,Headphones,Accessories,North,6.0,2500,0.05,14250.0,8100,Website,Sale,6150.0,0.43157894736842106
ORD04610,2025-08-06,CUST1215,Tablet,Electronics,East,2.0,22000,0.2,35200.0,31000,Website,Sale,4200.0,0.11931818181818182
ORD04611,2025-03-22,CUST1109,Laptop,Electronics,West,4.0,55000,0.15,187000.0,144000,Website,Sale,43000.0,0.22994652406417113
ORD04612,2025-08-21,CUST1383,Monitor,Electronics,North,1.0,12000,0.2,9600.0,7600,App,Sale,2000.0,0.20833333333333334
ORD04613,2025-04-06,CUST1377,Laptop,Electronics,South,2.0,55000,0.1,99000.0,72000,Website,Sale,27000.0,0.2727272727272727
ORD04614,2025-12-17,CUST1040,Tablet,Electronics,West,2.0,22000,0.05,41800.0,31000,Website,Sale,10800.0,0.2583732057416268
ORD04615,2025-07-22,CUST1243,Webcam,Accessories,North,6.0,3200,0.1,17280.0,11400,Website,Sale,5880.0,0.3402777777777778
ORD04616,2025-11-25,CUST1238,Keyboard,Accessories,West,3.0,1500,0.2,3600.0,2550,Website,Sale,1050.0,0.2916666666666667
ORD04617,2025-02-20,CUST1192,Monitor,Electronics,South,4.0,12000,0.2,38400.0,30400,App,Sale,8000.0,0.20833333333333334
ORD04618,2025-11-23,CUST1068,Headphones,Accessories,South,1.0,2500,0.0,2500.0,1350,App,Sale,1150.0,0.46
ORD04619,2025-07-23,CUST1010,Webcam,Accessories,West,5.0,3200,0.2,12800.0,9500,Marketplace,Sale,3300.0,0.2578125
ORD04620,2025-01-31,CUST1020,Laptop,Electronics,West,3.0,55000,0.05,156750.0,108000,Marketplace,Sale,48750.0,0.31100478468899523
ORD04621,2025-02-18,CUST1027,Headphones,Accessories,South,2.0,2500,0.2,4000.0,2700,App,Sale,1300.0,0.325
ORD04622,2025-02-08,CUST1386,Laptop,Electronics,West,5.0,55000,0.1,247500.0,180000,Website,Sale,67500.0,0.2727272727272727
ORD04623,2025-06-04,CUST1210,Webcam,Accessories,South,5.0,3200,0.15,13600.0,9500,Website,Sale,4100.0,0.3014705882352941
ORD04624,2025-11-22,CUST1369,Keyboard,Accessories,East,6.0,1500,0.1,8100.0,5100,Website,Sale,3000.0,0.37037037037037035
ORD04625,2025-06-26,CUST1125,Mouse,Accessories,North,6.0,800,0.1,4320.0,2520,App,Sale,1800.0,0.4166666666666667
ORD04626,2025-01-26,CUST1444,Headphones,Accessories,North,5.0,2500,0.0,12500.0,6750,Website,Sale,5750.0,0.46
ORD04627,2025-01-17,CUST1039,Keyboard,Accessories,East,2.0,1500,0.05,2850.0,1700,App,Sale,1150.0,0.40350877192982454
ORD04628,2025-06-09,CUST1083,Tablet,Electronics,East,1.0,22000,0.2,17600.0,15500,Website,Sale,2100.0,0.11931818181818182
ORD04629,2025-08-29,CUST1050,Keyboard,Accessories,North,6.0,1500,0.05,8550.0,5100,Website,Sale,3450.0,0.40350877192982454
ORD04630,2025-03-11,CUST1245,Keyboard,Accessories,North,5.0,1500,0.05,7125.0,4250,Website,Sale,2875.0,0.40350877192982454
ORD04631,2025-12-17,CUST1300,Mouse,Accessories,North,1.0,800,0.05,760.0,420,App,Sale,340.0,0.4473684210526316
ORD04632,2025-08-03,CUST1141,Headphones,Accessories,North,1.0,2500,0.2,2000.0,1350,Website,Sale,650.0,0.325
ORD04633,2025-12-06,CUST1226,Webcam,Accessories,South,5.0,3200,0.15,13600.0,9500,Website,Sale,4100.0,0.3014705882352941
ORD04634,2025-08-25,CUST1437,Tablet,Electronics,East,1.0,22000,0.05,20900.0,15500,App,Sale,5400.0,0.2583732057416268
ORD04635,2025-02-14,CUST1295,Tablet,Electronics,East,-1.0,22000,0.15,-18700.0,-15500,App,Return,-3200.0,
ORD04636,2025-05-22,CUST1000,Smartphone,Electronics,North,4.0,28000,0.2,89600.0,82000,App,Sale,7600.0,0.08482142857142858
ORD04637,2025-11-07,CUST1377,Laptop,Electronics,South,4.0,55000,0.1,198000.0,144000,App,Sale,54000.0,0.2727272727272727
ORD04638,2025-01-08,CUST1357,Keyboard,Accessories,South,5.0,1500,0.2,6000.0,4250,App,Sale,1750.0,0.2916666666666667
ORD04639,2025-03-14,CUST1187,Webcam,Accessories,South,5.0,3200,0.15,13600.0,9500,Website,Sale,4100.0,0.3014705882352941
ORD04640,2025-09-30,CUST1109,Keyboard,Accessories,South,3.0,1500,0.15,3825.0,2550,Marketplace,Sale,1275.0,0.3333333333333333
ORD04641,2025-08-03,CUST1235,Laptop,Electronics,East,5.0,55000,0.0,275000.0,180000,Website,Sale,95000.0,0.34545454545454546
ORD04642,2025-03-12,CUST1292,Webcam,Accessories,East,3.0,3200,0.05,9120.0,5700,Marketplace,Sale,3420.0,0.375
ORD04643,2025-11-28,CUST1216,Mouse,Accessories,East,1.0,800,0.1,720.0,420,Marketplace,Sale,300.0,0.4166666666666667
ORD04644,2025-09-09,CUST1246,Laptop,Electronics,North,2.0,55000,0.2,88000.0,72000,Website,Sale,16000.0,0.18181818181818182
ORD04645,2025-03-15,CUST1306,Webcam,Accessories,West,3.0,3200,0.0,9600.0,5700,App,Sale,3900.0,0.40625
ORD04646,2025-02-09,CUST1269,Mouse,Accessories,West,5.0,800,0.05,3800.0,2100,App,Sale,1700.0,0.4473684210526316
ORD04647,2025-09-20,CUST1229,Webcam,Accessories,East,5.0,3200,0.2,12800.0,9500,Website,Sale,3300.0,0.2578125
ORD04648,2025-10-03,CUST1251,Webcam,Accessories,South,3.0,3200,0.05,9120.0,5700,App,Sale,3420.0,0.375
ORD04649,2025-12-30,CUST1068,Mouse,Accessories,North,4.0,800,0.2,2560.0,1680,App,Sale,880.0,0.34375
ORD04650,2025-01-13,CUST1148,Keyboard,Accessories,East,5.0,1500,0.15,6375.0,4250,App,Sale,2125.0,0.3333333333333333
ORD04651,2025-06-29,CUST1094,Webcam,Accessories,North,4.0,3200,0.05,12160.0,7600,Website,Sale,4560.0,0.375
ORD04652,2025-07-26,CUST1359,Tablet,Electronics,North,5.0,22000,0.15,93500.0,77500,App,Sale,16000.0,0.1711229946524064
ORD04653,2025-04-02,CUST1111,Headphones,Accessories,South,6.0,2500,0.2,12000.0,8100,Website,Sale,3900.0,0.325
ORD04654,2025-05-24,CUST1123,Webcam,Accessories,North,2.0,3200,0.1,5760.0,3800,Website,Sale,1960.0,0.3402777777777778
ORD04655,2025-09-13,CUST1314,Headphones,Accessories,West,1.0,2500,0.2,2000.0,1350,Website,Sale,650.0,0.325
ORD04656,2025-02-11,CUST1093,Keyboard,Accessories,West,1.0,1500,0.15,1275.0,850,App,Sale,425.0,0.3333333333333333
ORD04657,2025-11-03,CUST1005,Tablet,Electronics,North,2.0,22000,0.15,37400.0,31000,Marketplace,Sale,6400.0,0.1711229946524064
ORD04658,2025-04-27,CUST1222,Headphones,Accessories,South,5.0,2500,0.0,12500.0,6750,App,Sale,5750.0,0.46
ORD04659,2025-03-24,CUST1315,Headphones,Accessories,North,6.0,2500,0.0,15000.0,8100,Website,Sale,6900.0,0.46
ORD04660,2025-04-25,CUST1120,Tablet,Electronics,East,3.0,22000,0.1,59400.0,46500,Marketplace,Sale,12900.0,0.21717171717171718
ORD04661,2025-11-13,CUST1233,Monitor,Electronics,South,6.0,12000,0.0,72000.0,45600,App,Sale,26400.0,0.36666666666666664
ORD04662,2025-12-24,CUST1121,Webcam,Accessories,North,6.0,3200,0.0,19200.0,11400,App,Sale,7800.0,0.40625
ORD04663,2025-09-12,CUST1412,Tablet,Electronics,North,3.0,22000,0.0,66000.0,46500,Website,Sale,19500.0,0.29545454545454547
ORD04664,2025-12-21,CUST1123,Mouse,Accessories,West,5.0,800,0.0,4000.0,2100,App,Sale,1900.0,0.475
ORD04665,2025-12-13,CUST1254,Webcam,Accessories,North,5.0,3200,0.0,16000.0,9500,Website,Sale,6500.0,0.40625
ORD04666,2025-01-13,CUST1443,Monitor,Electronics,South,3.0,12000,0.1,32400.0,22800,App,Sale,9600.0,0.2962962962962963
ORD04667,2025-03-15,CUST1049,Headphones,Accessories,North,3.0,2500,0.15,6375.0,4050,App,Sale,2325.0,0.36470588235294116
ORD04668,2025-06-08,CUST1335,Monitor,Electronics,West,2.0,12000,0.2,19200.0,15200,Website,Sale,4000.0,0.20833333333333334
ORD04669,2025-10-16,CUST1300,Mouse,Accessories,West,1.0,800,0.05,760.0,420,Website,Sale,340.0,0.4473684210526316
ORD04670,2025-06-28,CUST1210,Webcam,Accessories,South,-2.0,3200,0.1,-5760.0,-3800,Website,Return,-1960.0,
ORD04671,2025-03-13,CUST1032,Tablet,Electronics,South,3.0,22000,0.0,66000.0,46500,Website,Sale,19500.0,0.29545454545454547
ORD04672,2025-12-18,CUST1412,Mouse,Accessories,North,5.0,800,0.05,3800.0,2100,App,Sale,1700.0,0.4473684210526316
ORD04673,2025-10-17,CUST1038,Mouse,Accessories,North,1.0,800,0.05,760.0,420,Marketplace,Sale,340.0,0.4473684210526316
ORD04674,2025-07-16,CUST1027,Mouse,Accessories,South,6.0,800,0.0,4800.0,2520,App,Sale,2280.0,0.475
ORD04675,2025-07-01,CUST1139,Webcam,Accessories,North,3.0,3200,0.1,8640.0,5700,App,Sale,2940.0,0.3402777777777778
ORD04676,2025-10-06,CUST1328,Keyboard,Accessories,North,4.0,1500,0.0,6000.0,3400,Marketplace,Sale,2600.0,0.43333333333333335
ORD04677,2025-10-05,CUST1115,Keyboard,Accessories,East,5.0,1500,0.15,6375.0,4250,Website,Sale,2125.0,0.3333333333333333
ORD04678,2025-07-10,CUST1070,Keyboard,Accessories,East,3.0,1500,0.15,3825.0,2550,App,Sale,1275.0,0.3333333333333333
ORD04679,2025-06-21,CUST1433,Webcam,Accessories,East,6.0,3200,0.1,17280.0,11400,Website,Sale,5880.0,0.3402777777777778
ORD04680,2025-06-28,CUST1275,Headphones,Accessories,South,6.0,2500,0.1,13500.0,8100,Website,Sale,5400.0,0.4
ORD04681,2025-10-21,CUST1448,Monitor,Electronics,North,5.0,12000,0.1,54000.0,38000,Website,Sale,16000.0,0.2962962962962963
ORD04682,2025-12-27,CUST1303,Smartphone,Electronics,South,1.0,28000,0.2,22400.0,20500,Website,Sale,1900.0,0.08482142857142858
ORD04683,2025-05-08,CUST1041,Monitor,Electronics,East,3.0,12000,0.05,34200.0,22800,App,Sale,11400.0,0.3333333333333333
ORD04684,2025-01-26,CUST1400,Webcam,Accessories,East,6.0,3200,0.05,18240.0,11400,App,Sale,6840.0,0.375
ORD04685,2025-01-04,CUST1273,Mouse,Accessories,East,1.0,800,0.1,720.0,420,Website,Sale,300.0,0.4166666666666667
ORD04686,2025-04-17,CUST1411,Mouse,Accessories,East,2.0,800,0.05,1520.0,840,Website,Sale,680.0,0.4473684210526316
ORD04687,2025-10-10,CUST1366,Laptop,Electronics,North,6.0,55000,0.1,297000.0,216000,App,Sale,81000.0,0.2727272727272727
ORD04688,2025-12-03,CUST1047,Mouse,Accessories,East,5.0,800,0.0,4000.0,2100,App,Sale,1900.0,0.475
ORD04689,2025-12-17,CUST1232,Headphones,Accessories,South,4.0,2500,0.2,8000.0,5400,Marketplace,Sale,2600.0,0.325
ORD04690,2025-11-14,CUST1177,Monitor,Electronics,East,3.0,12000,0.2,28800.0,22800,Website,Sale,6000.0,0.20833333333333334
ORD04691,2025-06-01,CUST1232,Webcam,Accessories,North,1.0,3200,0.2,2560.0,1900,Website,Sale,660.0,0.2578125
ORD04692,2025-07-06,CUST1438,Smartphone,Electronics,South,4.0,28000,0.15,95200.0,82000,Marketplace,Sale,13200.0,0.13865546218487396
ORD04693,2025-05-01,CUST1184,Webcam,Accessories,East,2.0,3200,0.15,5440.0,3800,App,Sale,1640.0,0.3014705882352941
ORD04694,2025-03-11,CUST1410,Mouse,Accessories,East,3.0,800,0.1,2160.0,1260,Website,Sale,900.0,0.4166666666666667
ORD04695,2025-04-03,CUST1269,Webcam,Accessories,North,3.0,3200,0.2,7680.0,5700,Marketplace,Sale,1980.0,0.2578125
ORD04696,2025-07-17,CUST1337,Mouse,Accessories,South,4.0,800,0.05,3040.0,1680,App,Sale,1360.0,0.4473684210526316
ORD04697,2025-02-14,CUST1220,Monitor,Electronics,North,6.0,12000,0.05,68400.0,45600,Website,Sale,22800.0,0.3333333333333333
ORD04698,2025-03-01,CUST1228,Keyboard,Accessories,South,4.0,1500,0.05,5700.0,3400,App,Sale,2300.0,0.40350877192982454
ORD04699,2025-11-14,CUST1285,Tablet,Electronics,South,4.0,22000,0.0,88000.0,62000,Marketplace,Sale,26000.0,0.29545454545454547
ORD04700,2025-09-25,CUST1356,Keyboard,Accessories,West,6.0,1500,0.05,8550.0,5100,Marketplace,Sale,3450.0,0.40350877192982454
ORD04701,2025-01-08,CUST1077,Keyboard,Accessories,West,4.0,1500,0.1,5400.0,3400,Website,Sale,2000.0,0.37037037037037035
ORD04702,2025-09-07,CUST1197,Headphones,Accessories,South,4.0,2500,0.15,8500.0,5400,Marketplace,Sale,3100.0,0.36470588235294116
ORD04703,2025-05-15,CUST1160,Monitor,Electronics,South,1.0,12000,0.2,9600.0,7600,App,Sale,2000.0,0.20833333333333334
ORD04704,2025-05-29,CUST1034,Smartphone,Electronics,East,5.0,28000,0.15,119000.0,102500,Website,Sale,16500.0,0.13865546218487396
ORD04705,2025-12-10,CUST1108,Webcam,Accessories,West,3.0,3200,0.2,7680.0,5700,Marketplace,Sale,1980.0,0.2578125
ORD04706,2025-04-02,CUST1194,Headphones,Accessories,East,4.0,2500,0.2,8000.0,5400,Website,Sale,2600.0,0.325
ORD04707,2025-06-29,CUST1370,Mouse,Accessories,South,4.0,800,0.15,2720.0,1680,Marketplace,Sale,1040.0,0.38235294117647056
ORD04708,2025-02-06,CUST1246,Monitor,Electronics,South,1.0,12000,0.2,9600.0,7600,Marketplace,Sale,2000.0,0.20833333333333334
ORD04709,2025-06-26,CUST1167,Headphones,Accessories,South,1.0,2500,0.1,2250.0,1350,App,Sale,900.0,0.4
ORD04710,2025-09-07,CUST1432,Laptop,Electronics,North,4.0,55000,0.05,209000.0,144000,App,Sale,65000.0,0.31100478468899523
ORD04711,2025-05-12,CUST1365,Monitor,Electronics,South,4.0,12000,0.2,38400.0,30400,Website,Sale,8000.0,0.20833333333333334
ORD04712,2025-11-01,CUST1174,Tablet,Electronics,North,1.0,22000,0.1,19800.0,15500,Website,Sale,4300.0,0.21717171717171718
ORD04713,2025-07-13,CUST1429,Keyboard,Accessories,South,3.0,1500,0.0,4500.0,2550,App,Sale,1950.0,0.43333333333333335
ORD04714,2025-01-28,CUST1093,Tablet,Electronics,East,6.0,22000,0.15,112200.0,93000,Website,Sale,19200.0,0.1711229946524064
ORD04715,2025-04-24,CUST1022,Headphones,Accessories,North,1.0,2500,0.1,2250.0,1350,Marketplace,Sale,900.0,0.4
ORD04716,2025-08-26,CUST1133,Mouse,Accessories,North,3.0,800,0.05,2280.0,1260,Marketplace,Sale,1020.0,0.4473684210526316
ORD04717,2025-04-18,CUST1414,Mouse,Accessories,West,3.0,800,0.1,2160.0,1260,Marketplace,Sale,900.0,0.4166666666666667
ORD04718,2025-03-16,CUST1080,Webcam,Accessories,North,1.0,3200,0.0,3200.0,1900,Marketplace,Sale,1300.0,0.40625
ORD04719,2025-02-15,CUST1359,Mouse,Accessories,East,1.0,800,0.15,680.0,420,Website,Sale,260.0,0.38235294117647056
ORD04720,2025-08-06,CUST1219,Smartphone,Electronics,West,6.0,28000,0.1,151200.0,123000,App,Sale,28200.0,0.1865079365079365
ORD04721,2025-10-04,CUST1311,Smartphone,Electronics,South,2.0,28000,0.05,53200.0,41000,App,Sale,12200.0,0.22932330827067668
ORD04722,2025-11-27,CUST1328,Keyboard,Accessories,East,3.0,1500,0.2,3600.0,2550,Website,Sale,1050.0,0.2916666666666667
ORD04723,2025-06-14,CUST1052,Keyboard,Accessories,East,5.0,1500,0.15,6375.0,4250,App,Sale,2125.0,0.3333333333333333
ORD04724,2025-12-11,CUST1216,Headphones,Accessories,West,4.0,2500,0.05,9500.0,5400,Website,Sale,4100.0,0.43157894736842106
ORD04725,2025-04-18,CUST1329,Laptop,Electronics,South,1.0,55000,0.05,52250.0,36000,App,Sale,16250.0,0.31100478468899523
ORD04726,2025-10-09,CUST1422,Mouse,Accessories,East,6.0,800,0.1,4320.0,2520,Marketplace,Sale,1800.0,0.4166666666666667
ORD04727,2025-08-21,CUST1185,Mouse,Accessories,East,5.0,800,0.15,3400.0,2100,Marketplace,Sale,1300.0,0.38235294117647056
ORD04728,2025-04-21,CUST1180,Mouse,Accessories,South,3.0,800,0.05,2280.0,1260,Marketplace,Sale,1020.0,0.4473684210526316
ORD04729,2025-07-14,CUST1383,Laptop,Electronics,North,4.0,55000,0.2,176000.0,144000,Marketplace,Sale,32000.0,0.18181818181818182
ORD04730,2025-09-01,CUST1410,Monitor,Electronics,North,1.0,12000,0.2,9600.0,7600,App,Sale,2000.0,0.20833333333333334
ORD04731,2025-02-04,CUST1049,Smartphone,Electronics,West,2.0,28000,0.2,44800.0,41000,App,Sale,3800.0,0.08482142857142858
ORD04732,2025-09-20,CUST1064,Mouse,Accessories,West,2.0,800,0.2,1280.0,840,App,Sale,440.0,0.34375
ORD04733,2025-11-18,CUST1054,Smartphone,Electronics,North,1.0,28000,0.1,25200.0,20500,Marketplace,Sale,4700.0,0.1865079365079365
ORD04734,2025-06-14,CUST1392,Webcam,Accessories,North,4.0,3200,0.2,10240.0,7600,Website,Sale,2640.0,0.2578125
ORD04735,2025-11-24,CUST1089,Monitor,Electronics,West,2.0,12000,0.05,22800.0,15200,App,Sale,7600.0,0.3333333333333333
ORD04736,2025-06-22,CUST1421,Keyboard,Accessories,South,4.0,1500,0.2,4800.0,3400,App,Sale,1400.0,0.2916666666666667
ORD04737,2025-02-14,CUST1360,Headphones,Accessories,East,4.0,2500,0.0,10000.0,5400,Marketplace,Sale,4600.0,0.46
ORD04738,2025-06-24,CUST1003,Tablet,Electronics,South,5.0,22000,0.15,93500.0,77500,Marketplace,Sale,16000.0,0.1711229946524064
ORD04739,2025-08-08,CUST1260,Mouse,Accessories,North,1.0,800,0.2,640.0,420,App,Sale,220.0,0.34375
ORD04740,2025-11-07,CUST1341,Webcam,Accessories,North,4.0,3200,0.2,10240.0,7600,App,Sale,2640.0,0.2578125
ORD04741,2025-11-27,CUST1337,Keyboard,Accessories,South,5.0,1500,0.15,6375.0,4250,Website,Sale,2125.0,0.3333333333333333
ORD04742,2025-01-19,CUST1266,Monitor,Electronics,South,3.0,12000,0.1,32400.0,22800,Website,Sale,9600.0,0.2962962962962963
ORD04743,2025-04-18,CUST1209,Mouse,Accessories,North,2.0,800,0.15,1360.0,840,Website,Sale,520.0,0.38235294117647056
ORD04744,2025-09-30,CUST1030,Keyboard,Accessories,South,2.0,1500,0.0,3000.0,1700,Website,Sale,1300.0,0.43333333333333335
ORD04745,2025-07-01,CUST1350,Keyboard,Accessories,South,4.0,1500,0.05,5700.0,3400,App,Sale,2300.0,0.40350877192982454
ORD04746,2025-10-02,CUST1348,Headphones,Accessories,South,4.0,2500,0.15,8500.0,5400,App,Sale,3100.0,0.36470588235294116
ORD04747,2025-08-25,CUST1280,Webcam,Accessories,West,1.0,3200,0.2,2560.0,1900,App,Sale,660.0,0.2578125
ORD04748,2025-04-07,CUST1290,Keyboard,Accessories,East,2.0,1500,0.1,2700.0,1700,App,Sale,1000.0,0.37037037037037035
ORD04749,2025-02-21,CUST1387,Webcam,Accessories,North,1.0,3200,0.15,2720.0,1900,Website,Sale,820.0,0.3014705882352941
ORD04750,2025-10-10,CUST1162,Keyboard,Accessories,East,1.0,1500,0.2,1200.0,850,Website,Sale,350.0,0.2916666666666667
ORD04751,2025-05-30,CUST1345,Laptop,Electronics,South,5.0,55000,0.1,247500.0,180000,Marketplace,Sale,67500.0,0.2727272727272727
ORD04752,2025-03-24,CUST1411,Webcam,Accessories,West,2.0,3200,0.15,5440.0,3800,App,Sale,1640.0,0.3014705882352941
ORD04753,2025-06-13,CUST1108,Mouse,Accessories,South,6.0,800,0.2,3840.0,2520,Website,Sale,1320.0,0.34375
ORD04754,2025-01-07,CUST1070,Keyboard,Accessories,South,1.0,1500,0.2,1200.0,850,App,Sale,350.0,0.2916666666666667
ORD04755,2025-12-25,CUST1257,Webcam,Accessories,North,5.0,3200,0.1,14400.0,9500,App,Sale,4900.0,0.3402777777777778
ORD04756,2025-02-20,CUST1199,Monitor,Electronics,East,2.0,12000,0.05,22800.0,15200,App,Sale,7600.0,0.3333333333333333
ORD04757,2025-10-02,CUST1300,Tablet,Electronics,North,1.0,22000,0.05,20900.0,15500,Website,Sale,5400.0,0.2583732057416268
ORD04758,2025-12-12,CUST1332,Monitor,Electronics,North,6.0,12000,0.1,64800.0,45600,Website,Sale,19200.0,0.2962962962962963
ORD04759,2025-01-29,CUST1026,Headphones,Accessories,South,2.0,2500,0.05,4750.0,2700,App,Sale,2050.0,0.43157894736842106
ORD04760,2025-08-28,CUST1044,Headphones,Accessories,North,5.0,2500,0.15,10625.0,6750,Website,Sale,3875.0,0.36470588235294116
ORD04761,2025-06-15,CUST1195,Mouse,Accessories,East,1.0,800,0.0,800.0,420,Website,Sale,380.0,0.475
ORD04762,2025-05-20,CUST1182,Keyboard,Accessories,West,1.0,1500,0.05,1425.0,850,App,Sale,575.0,0.40350877192982454
ORD04763,2025-04-27,CUST1188,Keyboard,Accessories,South,2.0,1500,0.05,2850.0,1700,Website,Sale,1150.0,0.40350877192982454
ORD04764,2025-10-31,CUST1182,Mouse,Accessories,South,6.0,800,0.1,4320.0,2520,Marketplace,Sale,1800.0,0.4166666666666667
ORD04765,2025-11-04,CUST1168,Webcam,Accessories,East,4.0,3200,0.0,12800.0,7600,Marketplace,Sale,5200.0,0.40625
ORD04766,2025-03-28,CUST1261,Smartphone,Electronics,South,2.0,28000,0.05,53200.0,41000,App,Sale,12200.0,0.22932330827067668
ORD04767,2025-11-01,CUST1233,Mouse,Accessories,South,6.0,800,0.1,4320.0,2520,App,Sale,1800.0,0.4166666666666667
ORD04768,2025-06-27,CUST1045,Tablet,Electronics,South,1.0,22000,0.15,18700.0,15500,Website,Sale,3200.0,0.1711229946524064
ORD04769,2025-06-15,CUST1231,Smartphone,Electronics,North,3.0,28000,0.1,75600.0,61500,Website,Sale,14100.0,0.1865079365079365
ORD04770,2025-07-24,CUST1129,Tablet,Electronics,North,6.0,22000,0.0,132000.0,93000,Marketplace,Sale,39000.0,0.29545454545454547
ORD04771,2025-06-03,CUST1373,Webcam,Accessories,East,2.0,3200,0.15,5440.0,3800,Website,Sale,1640.0,0.3014705882352941
ORD04772,2025-05-14,CUST1312,Keyboard,Accessories,West,2.0,1500,0.15,2550.0,1700,Marketplace,Sale,850.0,0.3333333333333333
ORD04773,2025-07-19,CUST1403,Smartphone,Electronics,South,4.0,28000,0.2,89600.0,82000,App,Sale,7600.0,0.08482142857142858
ORD04774,2025-04-23,CUST1341,Smartphone,Electronics,North,1.0,28000,0.15,23800.0,20500,App,Sale,3300.0,0.13865546218487396
ORD04775,2025-10-18,CUST1061,Keyboard,Accessories,West,5.0,1500,0.1,6750.0,4250,Marketplace,Sale,2500.0,0.37037037037037035
ORD04776,2025-05-08,CUST1203,Laptop,Electronics,West,2.0,55000,0.2,88000.0,72000,App,Sale,16000.0,0.18181818181818182
ORD04777,2025-04-05,CUST1385,Tablet,Electronics,West,5.0,22000,0.1,99000.0,77500,Website,Sale,21500.0,0.21717171717171718
ORD04778,2025-02-05,CUST1231,Headphones,Accessories,North,5.0,2500,0.05,11875.0,6750,App,Sale,5125.0,0.43157894736842106
ORD04779,2025-09-16,CUST1146,Laptop,Electronics,West,4.0,55000,0.2,176000.0,144000,Website,Sale,32000.0,0.18181818181818182
ORD04780,2025-10-02,CUST1119,Smartphone,Electronics,South,4.0,28000,0.05,106400.0,82000,Marketplace,Sale,24400.0,0.22932330827067668
ORD04781,2025-11-23,CUST1018,Headphones,Accessories,South,6.0,2500,0.0,15000.0,8100,App,Sale,6900.0,0.46
ORD04782,2025-01-24,CUST1034,Headphones,Accessories,North,6.0,2500,0.2,12000.0,8100,App,Sale,3900.0,0.325
ORD04783,2025-11-17,CUST1308,Tablet,Electronics,North,6.0,22000,0.15,112200.0,93000,Website,Sale,19200.0,0.1711229946524064
ORD04784,2025-07-19,CUST1093,Smartphone,Electronics,East,2.0,28000,0.15,47600.0,41000,Website,Sale,6600.0,0.13865546218487396
ORD04785,2025-07-28,CUST1138,Keyboard,Accessories,West,3.0,1500,0.1,4050.0,2550,App,Sale,1500.0,0.37037037037037035
ORD04786,2025-01-12,CUST1300,Monitor,Electronics,West,3.0,12000,0.2,28800.0,22800,App,Sale,6000.0,0.20833333333333334
ORD04787,2025-01-26,CUST1331,Monitor,Electronics,North,-2.0,12000,0.05,-22800.0,-15200,Marketplace,Return,-7600.0,
ORD04788,2025-02-13,CUST1010,Monitor,Electronics,North,1.0,12000,0.15,10200.0,7600,Website,Sale,2600.0,0.2549019607843137
ORD04789,2025-05-24,CUST1049,Laptop,Electronics,North,3.0,55000,0.1,148500.0,108000,App,Sale,40500.0,0.2727272727272727
ORD04790,2025-10-20,CUST1390,Laptop,Electronics,East,2.0,55000,0.2,88000.0,72000,Website,Sale,16000.0,0.18181818181818182
ORD04791,2025-02-14,CUST1266,Mouse,Accessories,East,6.0,800,0.15,4080.0,2520,Marketplace,Sale,1560.0,0.38235294117647056
ORD04792,2025-02-28,CUST1007,Webcam,Accessories,South,2.0,3200,0.05,6080.0,3800,Marketplace,Sale,2280.0,0.375
ORD04793,2025-05-09,CUST1089,Keyboard,Accessories,South,1.0,1500,0.0,1500.0,850,Marketplace,Sale,650.0,0.43333333333333335
ORD04794,2025-04-11,CUST1269,Headphones,Accessories,East,2.0,2500,0.1,4500.0,2700,Website,Sale,1800.0,0.4
ORD04795,2025-04-30,CUST1210,Monitor,Electronics,East,1.0,12000,0.15,10200.0,7600,Website,Sale,2600.0,0.2549019607843137
ORD04796,2025-02-24,CUST1173,Laptop,Electronics,East,1.0,55000,0.0,55000.0,36000,Marketplace,Sale,19000.0,0.34545454545454546
ORD04797,2025-12-17,CUST1048,Monitor,Electronics,North,5.0,12000,0.1,54000.0,38000,App,Sale,16000.0,0.2962962962962963
ORD04798,2025-04-08,CUST1049,Mouse,Accessories,North,3.0,800,0.2,1920.0,1260,App,Sale,660.0,0.34375
ORD04799,2025-02-28,CUST1418,Mouse,Accessories,North,3.0,800,0.15,2040.0,1260,App,Sale,780.0,0.38235294117647056
ORD04800,2025-08-20,CUST1445,Smartphone,Electronics,East,4.0,28000,0.2,89600.0,82000,Website,Sale,7600.0,0.08482142857142858
ORD04801,2025-02-15,CUST1382,Mouse,Accessories,North,5.0,800,0.05,3800.0,2100,Website,Sale,1700.0,0.4473684210526316
ORD04802,2025-11-28,CUST1094,Keyboard,Accessories,South,4.0,1500,0.05,5700.0,3400,Website,Sale,2300.0,0.40350877192982454
ORD04803,2025-04-21,CUST1425,Monitor,Electronics,South,6.0,12000,0.1,64800.0,45600,App,Sale,19200.0,0.2962962962962963
ORD04804,2025-01-11,CUST1075,Keyboard,Accessories,North,3.0,1500,0.15,3825.0,2550,Website,Sale,1275.0,0.3333333333333333
ORD04805,2025-04-24,CUST1126,Laptop,Electronics,North,1.0,55000,0.0,55000.0,36000,Website,Sale,19000.0,0.34545454545454546
ORD04806,2025-05-13,CUST1226,Headphones,Accessories,East,1.0,2500,0.0,2500.0,1350,Website,Sale,1150.0,0.46
ORD04807,2025-02-06,CUST1437,Webcam,Accessories,East,6.0,3200,0.0,19200.0,11400,App,Sale,7800.0,0.40625
ORD04808,2025-12-12,CUST1262,Laptop,Electronics,West,5.0,55000,0.2,220000.0,180000,App,Sale,40000.0,0.18181818181818182
ORD04809,2025-07-21,CUST1225,Mouse,Accessories,East,3.0,800,0.1,2160.0,1260,Website,Sale,900.0,0.4166666666666667
ORD04810,2025-08-25,CUST1078,Mouse,Accessories,North,5.0,800,0.15,3400.0,2100,Website,Sale,1300.0,0.38235294117647056
ORD04811,2025-07-28,CUST1442,Keyboard,Accessories,North,5.0,1500,0.1,6750.0,4250,Website,Sale,2500.0,0.37037037037037035
ORD04812,2025-02-02,CUST1068,Webcam,Accessories,North,4.0,3200,0.2,10240.0,7600,Marketplace,Sale,2640.0,0.2578125
ORD04813,2025-10-12,CUST1413,Headphones,Accessories,West,5.0,2500,0.1,11250.0,6750,Website,Sale,4500.0,0.4
ORD04814,2025-07-07,CUST1438,Monitor,Electronics,East,2.0,12000,0.15,20400.0,15200,Website,Sale,5200.0,0.2549019607843137
ORD04815,2025-12-15,CUST1042,Webcam,Accessories,South,4.0,3200,0.15,10880.0,7600,Website,Sale,3280.0,0.3014705882352941
ORD04816,2025-11-09,CUST1391,Laptop,Electronics,West,6.0,55000,0.1,297000.0,216000,Website,Sale,81000.0,0.2727272727272727
ORD04817,2025-11-20,CUST1176,Smartphone,Electronics,North,4.0,28000,0.05,106400.0,82000,Marketplace,Sale,24400.0,0.22932330827067668
ORD04818,2025-01-15,CUST1274,Mouse,Accessories,North,2.0,800,0.1,1440.0,840,Website,Sale,600.0,0.4166666666666667
ORD04819,2025-03-02,CUST1303,Mouse,Accessories,South,1.0,800,0.1,720.0,420,Website,Sale,300.0,0.4166666666666667
ORD04820,2025-04-10,CUST1004,Smartphone,Electronics,East,1.0,28000,0.0,28000.0,20500,Website,Sale,7500.0,0.26785714285714285
ORD04821,2025-01-25,CUST1054,Webcam,Accessories,North,3.0,3200,0.2,7680.0,5700,Marketplace,Sale,1980.0,0.2578125
ORD04822,2025-08-10,CUST1312,Laptop,Electronics,North,2.0,55000,0.1,99000.0,72000,App,Sale,27000.0,0.2727272727272727
ORD04823,2025-12-16,CUST1398,Laptop,Electronics,North,3.0,55000,0.15,140250.0,108000,Website,Sale,32250.0,0.22994652406417113
ORD04824,2025-09-22,CUST1209,Webcam,Accessories,West,3.0,3200,0.2,7680.0,5700,Website,Sale,1980.0,0.2578125
ORD04825,2025-07-31,CUST1162,Webcam,Accessories,West,4.0,3200,0.15,10880.0,7600,App,Sale,3280.0,0.3014705882352941
ORD04826,2025-12-28,CUST1362,Smartphone,Electronics,North,6.0,28000,0.15,142800.0,123000,Website,Sale,19800.0,0.13865546218487396
ORD04827,2025-10-04,CUST1426,Monitor,Electronics,West,6.0,12000,0.1,64800.0,45600,Website,Sale,19200.0,0.2962962962962963
ORD04828,2025-01-19,CUST1151,Tablet,Electronics,North,3.0,22000,0.1,59400.0,46500,Website,Sale,12900.0,0.21717171717171718
ORD04829,2025-10-06,CUST1051,Webcam,Accessories,North,4.0,3200,0.2,10240.0,7600,Website,Sale,2640.0,0.2578125
ORD04830,2025-10-23,CUST1152,Tablet,Electronics,North,1.0,22000,0.15,18700.0,15500,Website,Sale,3200.0,0.1711229946524064
ORD04831,2025-05-04,CUST1159,Keyboard,Accessories,West,2.0,1500,0.2,2400.0,1700,App,Sale,700.0,0.2916666666666667
ORD04832,2025-09-06,CUST1110,Webcam,Accessories,South,6.0,3200,0.05,18240.0,11400,Website,Sale,6840.0,0.375
ORD04833,2025-04-27,CUST1335,Laptop,Electronics,East,2.0,55000,0.1,99000.0,72000,App,Sale,27000.0,0.2727272727272727
ORD04834,2025-04-02,CUST1052,Laptop,Electronics,East,5.0,55000,0.1,247500.0,180000,App,Sale,67500.0,0.2727272727272727
ORD04835,2025-01-30,CUST1203,Laptop,Electronics,North,5.0,55000,0.2,220000.0,180000,Website,Sale,40000.0,0.18181818181818182
ORD04836,2025-01-10,CUST1206,Headphones,Accessories,South,1.0,2500,0.0,2500.0,1350,Marketplace,Sale,1150.0,0.46
ORD04837,2025-09-05,CUST1072,Smartphone,Electronics,East,1.0,28000,0.0,28000.0,20500,Website,Sale,7500.0,0.26785714285714285
ORD04838,2025-10-30,CUST1140,Headphones,Accessories,West,1.0,2500,0.0,2500.0,1350,Website,Sale,1150.0,0.46
ORD04839,2025-12-15,CUST1079,Headphones,Accessories,East,6.0,2500,0.15,12750.0,8100,App,Sale,4650.0,0.36470588235294116
ORD04840,2025-12-01,CUST1288,Tablet,Electronics,East,3.0,22000,0.2,52800.0,46500,App,Sale,6300.0,0.11931818181818182
ORD04841,2025-08-24,CUST1340,Mouse,Accessories,North,6.0,800,0.15,4080.0,2520,App,Sale,1560.0,0.38235294117647056
ORD04842,2025-03-20,CUST1187,Mouse,Accessories,West,2.0,800,0.05,1520.0,840,App,Sale,680.0,0.4473684210526316
ORD04843,2025-05-19,CUST1258,Headphones,Accessories,West,2.0,2500,0.05,4750.0,2700,App,Sale,2050.0,0.43157894736842106
ORD04844,2025-11-06,CUST1223,Laptop,Electronics,North,4.0,55000,0.15,187000.0,144000,Marketplace,Sale,43000.0,0.22994652406417113
ORD04845,2025-12-13,CUST1141,Headphones,Accessories,North,4.0,2500,0.1,9000.0,5400,App,Sale,3600.0,0.4
ORD04846,2025-05-16,CUST1204,Smartphone,Electronics,South,6.0,28000,0.2,134400.0,123000,App,Sale,11400.0,0.08482142857142858
ORD04847,2025-09-09,CUST1132,Monitor,Electronics,North,1.0,12000,0.2,9600.0,7600,Marketplace,Sale,2000.0,0.20833333333333334
ORD04848,2025-05-26,CUST1398,Tablet,Electronics,West,6.0,22000,0.15,112200.0,93000,Website,Sale,19200.0,0.1711229946524064
ORD04849,2025-01-10,CUST1028,Tablet,Electronics,South,2.0,22000,0.15,37400.0,31000,App,Sale,6400.0,0.1711229946524064
ORD04850,2025-09-16,CUST1169,Webcam,Accessories,North,4.0,3200,0.1,11520.0,7600,Marketplace,Sale,3920.0,0.3402777777777778
ORD04851,2025-08-29,CUST1395,Webcam,Accessories,North,2.0,3200,0.05,6080.0,3800,App,Sale,2280.0,0.375
ORD04852,2025-07-27,CUST1346,Monitor,Electronics,South,3.0,12000,0.05,34200.0,22800,App,Sale,11400.0,0.3333333333333333
ORD04853,2025-03-06,CUST1338,Tablet,Electronics,East,5.0,22000,0.0,110000.0,77500,Website,Sale,32500.0,0.29545454545454547
ORD04854,2025-11-24,CUST1290,Webcam,Accessories,West,1.0,3200,0.0,3200.0,1900,Website,Sale,1300.0,0.40625
ORD04855,2025-01-19,CUST1134,Headphones,Accessories,East,3.0,2500,0.05,7125.0,4050,Marketplace,Sale,3075.0,0.43157894736842106
ORD04856,2025-03-20,CUST1162,Headphones,Accessories,North,6.0,2500,0.15,12750.0,8100,App,Sale,4650.0,0.36470588235294116
ORD04857,2025-03-13,CUST1256,Smartphone,Electronics,South,2.0,28000,0.15,47600.0,41000,Website,Sale,6600.0,0.13865546218487396
ORD04858,2025-05-23,CUST1417,Laptop,Electronics,East,1.0,55000,0.2,44000.0,36000,Website,Sale,8000.0,0.18181818181818182
ORD04859,2025-12-17,CUST1096,Keyboard,Accessories,South,6.0,1500,0.05,8550.0,5100,Website,Sale,3450.0,0.40350877192982454
ORD04860,2025-09-10,CUST1183,Webcam,Accessories,South,4.0,3200,0.2,10240.0,7600,Website,Sale,2640.0,0.2578125
ORD04861,2025-09-26,CUST1261,Tablet,Electronics,East,2.0,22000,0.05,41800.0,31000,Website,Sale,10800.0,0.2583732057416268
ORD04862,2025-03-14,CUST1200,Mouse,Accessories,North,4.0,800,0.0,3200.0,1680,Marketplace,Sale,1520.0,0.475
ORD04863,2025-06-28,CUST1293,Laptop,Electronics,North,5.0,55000,0.0,275000.0,180000,App,Sale,95000.0,0.34545454545454546
ORD04864,2025-01-28,CUST1090,Webcam,Accessories,East,3.0,3200,0.15,8160.0,5700,Marketplace,Sale,2460.0,0.3014705882352941
ORD04865,2025-07-19,CUST1296,Smartphone,Electronics,West,6.0,28000,0.2,134400.0,123000,Marketplace,Sale,11400.0,0.08482142857142858
ORD04866,2025-10-27,CUST1019,Laptop,Electronics,East,5.0,55000,0.2,220000.0,180000,Website,Sale,40000.0,0.18181818181818182
ORD04867,2025-06-24,CUST1016,Smartphone,Electronics,East,6.0,28000,0.2,134400.0,123000,Website,Sale,11400.0,0.08482142857142858
ORD04868,2025-07-18,CUST1255,Smartphone,Electronics,North,2.0,28000,0.15,47600.0,41000,App,Sale,6600.0,0.13865546218487396
ORD04869,2025-01-28,CUST1260,Smartphone,Electronics,South,2.0,28000,0.15,47600.0,41000,App,Sale,6600.0,0.13865546218487396
ORD04870,2025-08-07,CUST1418,Keyboard,Accessories,South,4.0,1500,0.1,5400.0,3400,App,Sale,2000.0,0.37037037037037035
ORD04871,2025-04-22,CUST1120,Headphones,Accessories,East,3.0,2500,0.05,7125.0,4050,App,Sale,3075.0,0.43157894736842106
ORD04872,2025-06-25,CUST1308,Monitor,Electronics,West,5.0,12000,0.15,51000.0,38000,App,Sale,13000.0,0.2549019607843137
ORD04873,2025-03-18,CUST1182,Mouse,Accessories,East,1.0,800,0.05,760.0,420,App,Sale,340.0,0.4473684210526316
ORD04874,2025-09-14,CUST1278,Mouse,Accessories,North,6.0,800,0.2,3840.0,2520,App,Sale,1320.0,0.34375
ORD04875,2025-06-18,CUST1430,Webcam,Accessories,East,4.0,3200,0.0,12800.0,7600,Marketplace,Sale,5200.0,0.40625
ORD04876,2025-03-06,CUST1429,Tablet,Electronics,East,3.0,22000,0.2,52800.0,46500,Website,Sale,6300.0,0.11931818181818182
ORD04877,2025-09-27,CUST1162,Monitor,Electronics,East,6.0,12000,0.0,72000.0,45600,Website,Sale,26400.0,0.36666666666666664
ORD04878,2025-04-29,CUST1413,Webcam,Accessories,North,5.0,3200,0.1,14400.0,9500,Website,Sale,4900.0,0.3402777777777778
ORD04879,2025-09-04,CUST1355,Headphones,Accessories,East,5.0,2500,0.15,10625.0,6750,Website,Sale,3875.0,0.36470588235294116
ORD04880,2025-04-06,CUST1088,Monitor,Electronics,East,5.0,12000,0.05,57000.0,38000,Website,Sale,19000.0,0.3333333333333333
ORD04881,2025-03-25,CUST1291,Laptop,Electronics,North,4.0,55000,0.05,209000.0,144000,Website,Sale,65000.0,0.31100478468899523
ORD04882,2025-11-29,CUST1288,Headphones,Accessories,South,5.0,2500,0.2,10000.0,6750,Marketplace,Sale,3250.0,0.325
ORD04883,2025-04-23,CUST1088,Mouse,Accessories,North,3.0,800,0.15,2040.0,1260,Website,Sale,780.0,0.38235294117647056
ORD04884,2025-09-18,CUST1028,Laptop,Electronics,South,1.0,55000,0.0,55000.0,36000,App,Sale,19000.0,0.34545454545454546
ORD04885,2025-01-22,CUST1149,Mouse,Accessories,North,5.0,800,0.1,3600.0,2100,Website,Sale,1500.0,0.4166666666666667
ORD04886,2025-03-01,CUST1422,Monitor,Electronics,North,3.0,12000,0.15,30600.0,22800,App,Sale,7800.0,0.2549019607843137
ORD04887,2025-02-21,CUST1029,Tablet,Electronics,North,2.0,22000,0.2,35200.0,31000,App,Sale,4200.0,0.11931818181818182
ORD04888,2025-11-19,CUST1062,Headphones,Accessories,South,4.0,2500,0.15,8500.0,5400,Marketplace,Sale,3100.0,0.36470588235294116
ORD04889,2025-01-28,CUST1064,Keyboard,Accessories,East,3.0,1500,0.0,4500.0,2550,Website,Sale,1950.0,0.43333333333333335
ORD04890,2025-12-20,CUST1311,Headphones,Accessories,East,2.0,2500,0.1,4500.0,2700,Marketplace,Sale,1800.0,0.4
ORD04891,2025-08-09,CUST1210,Webcam,Accessories,North,4.0,3200,0.15,10880.0,7600,Marketplace,Sale,3280.0,0.3014705882352941
ORD04892,2025-03-26,CUST1428,Keyboard,Accessories,South,1.0,1500,0.0,1500.0,850,Website,Sale,650.0,0.43333333333333335
ORD04893,2025-05-15,CUST1097,Keyboard,Accessories,South,4.0,1500,0.0,6000.0,3400,Marketplace,Sale,2600.0,0.43333333333333335
ORD04894,2025-06-12,CUST1328,Mouse,Accessories,East,2.0,800,0.15,1360.0,840,App,Sale,520.0,0.38235294117647056
ORD04895,2025-05-01,CUST1188,Laptop,Electronics,West,1.0,55000,0.1,49500.0,36000,Website,Sale,13500.0,0.2727272727272727
ORD04896,2025-02-10,CUST1271,Laptop,Electronics,South,1.0,55000,0.0,55000.0,36000,Marketplace,Sale,19000.0,0.34545454545454546
ORD04897,2025-09-13,CUST1260,Mouse,Accessories,North,5.0,800,0.05,3800.0,2100,Marketplace,Sale,1700.0,0.4473684210526316
ORD04898,2025-01-29,CUST1324,Webcam,Accessories,North,2.0,3200,0.0,6400.0,3800,Website,Sale,2600.0,0.40625
ORD04899,2025-11-29,CUST1353,Tablet,Electronics,North,3.0,22000,0.15,56100.0,46500,App,Sale,9600.0,0.1711229946524064
ORD04900,2025-10-10,CUST1008,Tablet,Electronics,South,1.0,22000,0.2,17600.0,15500,App,Sale,2100.0,0.11931818181818182
ORD04901,2025-02-14,CUST1090,Headphones,Accessories,South,6.0,2500,0.1,13500.0,8100,Website,Sale,5400.0,0.4
ORD04902,2025-05-24,CUST1127,Laptop,Electronics,East,1.0,55000,0.15,46750.0,36000,Website,Sale,10750.0,0.22994652406417113
ORD04903,2025-12-05,CUST1404,Laptop,Electronics,North,4.0,55000,0.1,198000.0,144000,Website,Sale,54000.0,0.2727272727272727
ORD04904,2025-12-02,CUST1331,Mouse,Accessories,West,1.0,800,0.0,800.0,420,Marketplace,Sale,380.0,0.475
ORD04905,2025-08-03,CUST1005,Laptop,Electronics,East,4.0,55000,0.0,220000.0,144000,Website,Sale,76000.0,0.34545454545454546
ORD04906,2025-07-26,CUST1246,Smartphone,Electronics,West,5.0,28000,0.2,112000.0,102500,Marketplace,Sale,9500.0,0.08482142857142858
ORD04907,2025-04-23,CUST1353,Mouse,Accessories,North,1.0,800,0.2,640.0,420,Marketplace,Sale,220.0,0.34375
ORD04908,2025-10-24,CUST1163,Webcam,Accessories,North,5.0,3200,0.0,16000.0,9500,Website,Sale,6500.0,0.40625
ORD04909,2025-04-22,CUST1341,Headphones,Accessories,South,6.0,2500,0.1,13500.0,8100,Website,Sale,5400.0,0.4
ORD04910,2025-08-02,CUST1101,Smartphone,Electronics,East,3.0,28000,0.1,75600.0,61500,App,Sale,14100.0,0.1865079365079365
ORD04911,2025-01-31,CUST1381,Tablet,Electronics,North,3.0,22000,0.15,56100.0,46500,Website,Sale,9600.0,0.1711229946524064
ORD04912,2025-09-17,CUST1311,Mouse,Accessories,South,3.0,800,0.2,1920.0,1260,Website,Sale,660.0,0.34375
ORD04913,2025-03-25,CUST1070,Tablet,Electronics,North,5.0,22000,0.05,104500.0,77500,Website,Sale,27000.0,0.2583732057416268
ORD04914,2025-10-13,CUST1115,Tablet,Electronics,South,1.0,22000,0.15,18700.0,15500,Website,Sale,3200.0,0.1711229946524064
ORD04915,2025-09-09,CUST1054,Monitor,Electronics,North,4.0,12000,0.1,43200.0,30400,Website,Sale,12800.0,0.2962962962962963
ORD04916,2025-09-15,CUST1116,Laptop,Electronics,East,1.0,55000,0.0,55000.0,36000,App,Sale,19000.0,0.34545454545454546
ORD04917,2025-02-03,CUST1427,Laptop,Electronics,South,3.0,55000,0.0,165000.0,108000,App,Sale,57000.0,0.34545454545454546
ORD04918,2025-03-24,CUST1136,Monitor,Electronics,South,5.0,12000,0.05,57000.0,38000,Website,Sale,19000.0,0.3333333333333333
ORD04919,2025-12-30,CUST1218,Headphones,Accessories,North,4.0,2500,0.0,10000.0,5400,Marketplace,Sale,4600.0,0.46
ORD04920,2025-12-19,CUST1158,Mouse,Accessories,North,2.0,800,0.15,1360.0,840,App,Sale,520.0,0.38235294117647056
ORD04921,2025-02-23,CUST1443,Tablet,Electronics,South,6.0,22000,0.0,132000.0,93000,App,Sale,39000.0,0.29545454545454547
ORD04922,2025-09-25,CUST1278,Webcam,Accessories,South,3.0,3200,0.15,8160.0,5700,Website,Sale,2460.0,0.3014705882352941
ORD04923,2025-07-26,CUST1445,Monitor,Electronics,North,4.0,12000,0.2,38400.0,30400,App,Sale,8000.0,0.20833333333333334
ORD04924,2025-11-21,CUST1190,Webcam,Accessories,West,3.0,3200,0.15,8160.0,5700,Website,Sale,2460.0,0.3014705882352941
ORD04925,2025-12-06,CUST1020,Tablet,Electronics,East,4.0,22000,0.15,74800.0,62000,Website,Sale,12800.0,0.1711229946524064
ORD04926,2025-07-30,CUST1289,Mouse,Accessories,West,6.0,800,0.05,4560.0,2520,Marketplace,Sale,2040.0,0.4473684210526316
ORD04927,2025-12-20,CUST1229,Smartphone,Electronics,South,4.0,28000,0.15,95200.0,82000,App,Sale,13200.0,0.13865546218487396
ORD04928,2025-08-07,CUST1069,Webcam,Accessories,South,1.0,3200,0.1,2880.0,1900,Website,Sale,980.0,0.3402777777777778
ORD04929,2025-11-23,CUST1084,Tablet,Electronics,East,6.0,22000,0.2,105600.0,93000,App,Sale,12600.0,0.11931818181818182
ORD04930,2025-10-29,CUST1262,Headphones,Accessories,South,3.0,2500,0.15,6375.0,4050,Website,Sale,2325.0,0.36470588235294116
ORD04931,2025-12-17,CUST1350,Monitor,Electronics,North,-1.0,12000,0.2,-9600.0,-7600,Marketplace,Return,-2000.0,
ORD04932,2025-05-25,CUST1435,Keyboard,Accessories,South,3.0,1500,0.2,3600.0,2550,App,Sale,1050.0,0.2916666666666667
ORD04933,2025-05-27,CUST1150,Webcam,Accessories,South,4.0,3200,0.0,12800.0,7600,Marketplace,Sale,5200.0,0.40625
ORD04934,2025-10-27,CUST1315,Keyboard,Accessories,West,2.0,1500,0.15,2550.0,1700,App,Sale,850.0,0.3333333333333333
ORD04935,2025-11-20,CUST1083,Webcam,Accessories,West,4.0,3200,0.05,12160.0,7600,Website,Sale,4560.0,0.375
ORD04936,2025-02-12,CUST1031,Smartphone,Electronics,East,1.0,28000,0.1,25200.0,20500,App,Sale,4700.0,0.1865079365079365
ORD04937,2025-09-02,CUST1366,Monitor,Electronics,West,4.0,12000,0.0,48000.0,30400,Website,Sale,17600.0,0.36666666666666664
ORD04938,2025-09-22,CUST1016,Laptop,Electronics,South,2.0,55000,0.05,104500.0,72000,Marketplace,Sale,32500.0,0.31100478468899523
ORD04939,2025-07-17,CUST1361,Monitor,Electronics,North,4.0,12000,0.05,45600.0,30400,Marketplace,Sale,15200.0,0.3333333333333333
ORD04940,2025-07-28,CUST1440,Keyboard,Accessories,East,3.0,1500,0.0,4500.0,2550,Marketplace,Sale,1950.0,0.43333333333333335
ORD04941,2025-10-28,CUST1099,Keyboard,Accessories,South,6.0,1500,0.2,7200.0,5100,Website,Sale,2100.0,0.2916666666666667
ORD04942,2025-04-13,CUST1228,Webcam,Accessories,East,6.0,3200,0.1,17280.0,11400,App,Sale,5880.0,0.3402777777777778
ORD04943,2025-06-16,CUST1187,Headphones,Accessories,East,6.0,2500,0.0,15000.0,8100,Website,Sale,6900.0,0.46
ORD04944,2025-01-11,CUST1248,Webcam,Accessories,North,5.0,3200,0.15,13600.0,9500,App,Sale,4100.0,0.3014705882352941
ORD04945,2025-05-16,CUST1140,Headphones,Accessories,North,2.0,2500,0.1,4500.0,2700,Marketplace,Sale,1800.0,0.4
ORD04946,2025-04-21,CUST1376,Laptop,Electronics,East,5.0,55000,0.0,275000.0,180000,App,Sale,95000.0,0.34545454545454546
ORD04947,2025-05-22,CUST1186,Webcam,Accessories,South,2.0,3200,0.2,5120.0,3800,App,Sale,1320.0,0.2578125
ORD04948,2025-08-22,CUST1219,Laptop,Electronics,East,3.0,55000,0.2,132000.0,108000,Marketplace,Sale,24000.0,0.18181818181818182
ORD04949,2025-01-05,CUST1331,Tablet,Electronics,North,6.0,22000,0.0,132000.0,93000,App,Sale,39000.0,0.29545454545454547
ORD04950,2025-02-18,CUST1418,Mouse,Accessories,West,2.0,800,0.2,1280.0,840,App,Sale,440.0,0.34375
ORD04951,2025-06-12,CUST1056,Smartphone,Electronics,East,5.0,28000,0.15,119000.0,102500,App,Sale,16500.0,0.13865546218487396
ORD04952,2025-03-28,CUST1001,Monitor,Electronics,West,2.0,12000,0.2,19200.0,15200,App,Sale,4000.0,0.20833333333333334
ORD04953,2025-05-03,CUST1252,Mouse,Accessories,West,6.0,800,0.2,3840.0,2520,Website,Sale,1320.0,0.34375
ORD04954,2025-07-24,CUST1072,Webcam,Accessories,East,1.0,3200,0.15,2720.0,1900,App,Sale,820.0,0.3014705882352941
ORD04955,2025-02-05,CUST1042,Headphones,Accessories,South,5.0,2500,0.0,12500.0,6750,Marketplace,Sale,5750.0,0.46
ORD04956,2025-08-10,CUST1394,Tablet,Electronics,South,6.0,22000,0.05,125400.0,93000,Website,Sale,32400.0,0.2583732057416268
ORD04957,2025-10-22,CUST1272,Keyboard,Accessories,North,4.0,1500,0.15,5100.0,3400,App,Sale,1700.0,0.3333333333333333
ORD04958,2025-02-09,CUST1204,Smartphone,Electronics,South,3.0,28000,0.1,75600.0,61500,App,Sale,14100.0,0.1865079365079365
ORD04959,2025-09-07,CUST1449,Webcam,Accessories,South,6.0,3200,0.1,17280.0,11400,App,Sale,5880.0,0.3402777777777778
ORD04960,2025-04-22,CUST1201,Keyboard,Accessories,North,2.0,1500,0.15,2550.0,1700,App,Sale,850.0,0.3333333333333333
ORD04961,2025-06-24,CUST1244,Keyboard,Accessories,North,3.0,1500,0.05,4275.0,2550,Marketplace,Sale,1725.0,0.40350877192982454
ORD04962,2025-05-13,CUST1001,Monitor,Electronics,North,4.0,12000,0.15,40800.0,30400,Marketplace,Sale,10400.0,0.2549019607843137
ORD04963,2025-08-12,CUST1296,Webcam,Accessories,South,6.0,3200,0.1,17280.0,11400,Marketplace,Sale,5880.0,0.3402777777777778
ORD04964,2025-06-03,CUST1163,Mouse,Accessories,East,3.0,800,0.1,2160.0,1260,App,Sale,900.0,0.4166666666666667
ORD04965,2025-11-30,CUST1367,Tablet,Electronics,North,4.0,22000,0.1,79200.0,62000,Marketplace,Sale,17200.0,0.21717171717171718
ORD04966,2025-12-09,CUST1361,Webcam,Accessories,South,4.0,3200,0.05,12160.0,7600,App,Sale,4560.0,0.375
ORD04967,2025-01-14,CUST1084,Tablet,Electronics,East,4.0,22000,0.0,88000.0,62000,App,Sale,26000.0,0.29545454545454547
ORD04968,2025-08-03,CUST1002,Headphones,Accessories,West,2.0,2500,0.2,4000.0,2700,App,Sale,1300.0,0.325
ORD04969,2025-03-10,CUST1304,Laptop,Electronics,South,5.0,55000,0.05,261250.0,180000,App,Sale,81250.0,0.31100478468899523
ORD04970,2025-01-19,CUST1100,Smartphone,Electronics,South,-2.0,28000,0.05,-53200.0,-41000,Marketplace,Return,-12200.0,
ORD04971,2025-09-09,CUST1300,Mouse,Accessories,North,1.0,800,0.05,760.0,420,Website,Sale,340.0,0.4473684210526316
ORD04972,2025-03-27,CUST1432,Laptop,Electronics,West,1.0,55000,0.05,52250.0,36000,App,Sale,16250.0,0.31100478468899523
ORD04973,2025-10-20,CUST1108,Mouse,Accessories,East,3.0,800,0.2,1920.0,1260,Website,Sale,660.0,0.34375
ORD04974,2025-04-29,CUST1242,Smartphone,Electronics,North,3.0,28000,0.0,84000.0,61500,App,Sale,22500.0,0.26785714285714285
ORD04975,2025-09-04,CUST1075,Tablet,Electronics,North,1.0,22000,0.1,19800.0,15500,App,Sale,4300.0,0.21717171717171718
ORD04976,2025-09-19,CUST1059,Headphones,Accessories,North,5.0,2500,0.05,11875.0,6750,App,Sale,5125.0,0.43157894736842106
ORD04977,2025-03-13,CUST1353,Webcam,Accessories,East,4.0,3200,0.0,12800.0,7600,Website,Sale,5200.0,0.40625
ORD04978,2025-02-22,CUST1127,Headphones,Accessories,South,5.0,2500,0.0,12500.0,6750,Marketplace,Sale,5750.0,0.46
ORD04979,2025-11-11,CUST1266,Laptop,Electronics,East,1.0,55000,0.05,52250.0,36000,App,Sale,16250.0,0.31100478468899523
ORD04980,2025-12-24,CUST1336,Tablet,Electronics,East,5.0,22000,0.15,93500.0,77500,App,Sale,16000.0,0.1711229946524064
ORD04981,2025-12-20,CUST1026,Headphones,Accessories,North,4.0,2500,0.0,10000.0,5400,App,Sale,4600.0,0.46
ORD04982,2025-12-02,CUST1178,Laptop,Electronics,North,2.0,55000,0.1,99000.0,72000,Website,Sale,27000.0,0.2727272727272727
ORD04983,2025-04-02,CUST1215,Laptop,Electronics,North,3.0,55000,0.0,165000.0,108000,Marketplace,Sale,57000.0,0.34545454545454546
ORD04984,2025-08-12,CUST1439,Tablet,Electronics,North,1.0,22000,0.15,18700.0,15500,Website,Sale,3200.0,0.1711229946524064
ORD04985,2025-12-23,CUST1371,Headphones,Accessories,East,5.0,2500,0.1,11250.0,6750,App,Sale,4500.0,0.4
ORD04986,2025-06-21,CUST1142,Mouse,Accessories,South,2.0,800,0.15,1360.0,840,Website,Sale,520.0,0.38235294117647056
ORD04987,2025-05-16,CUST1422,Laptop,Electronics,West,6.0,55000,0.0,330000.0,216000,App,Sale,114000.0,0.34545454545454546
ORD04988,2025-10-12,CUST1291,Keyboard,Accessories,East,3.0,1500,0.05,4275.0,2550,Website,Sale,1725.0,0.40350877192982454
ORD04989,2025-12-08,CUST1439,Monitor,Electronics,West,6.0,12000,0.2,57600.0,45600,App,Sale,12000.0,0.20833333333333334
ORD04990,2025-02-27,CUST1138,Mouse,Accessories,South,4.0,800,0.2,2560.0,1680,Marketplace,Sale,880.0,0.34375
ORD04991,2025-10-01,CUST1017,Laptop,Electronics,West,3.0,55000,0.2,132000.0,108000,App,Sale,24000.0,0.18181818181818182
ORD04992,2025-06-16,CUST1043,Monitor,Electronics,North,5.0,12000,0.2,48000.0,38000,App,Sale,10000.0,0.20833333333333334
ORD04993,2025-07-19,CUST1172,Laptop,Electronics,North,6.0,55000,0.05,313500.0,216000,App,Sale,97500.0,0.31100478468899523
ORD04994,2025-01-14,CUST1029,Keyboard,Accessories,West,1.0,1500,0.2,1200.0,850,App,Sale,350.0,0.2916666666666667
ORD04995,2025-07-12,CUST1168,Laptop,Electronics,West,3.0,55000,0.2,132000.0,108000,Marketplace,Sale,24000.0,0.18181818181818182
ORD04996,2025-10-24,CUST1444,Headphones,Accessories,West,6.0,2500,0.2,12000.0,8100,Website,Sale,3900.0,0.325
ORD04997,2025-06-20,CUST1393,Mouse,Accessories,North,3.0,800,0.15,2040.0,1260,App,Sale,780.0,0.38235294117647056
ORD04998,2025-09-21,CUST1090,Laptop,Electronics,North,4.0,55000,0.2,176000.0,144000,Website,Sale,32000.0,0.18181818181818182
ORD04999,2025-01-21,CUST1378,Mouse,Accessories,South,1.0,800,0.15,680.0,420,App,Sale,260.0,0.38235294117647056
ORD05000,2025-06-17,CUST1237,Monitor,Electronics,East,1.0,12000,0.2,9600.0,7600,Website,Sale,2000.0,0.20833333333333334
