Order_ID,Order_Date,Customer_ID,Product,Category,Region,Quantity,Unit_Price,Discount,Sales,Cost,Channel
ORD00001,2025-11-24,CUST1302,Keyboard,Accessories,North,2,1500,0.05,2850.0,1700,Website
ORD00002,2025/04/22,CUST1112,Laptop,Electronics,East,5,55000,0.05,261250.0,180000,Website
ORD00003,2025-03-23,CUST1047,Headphones,Accessories,East,3,2500,0.05,7125.0,4050,Marketplace
ORD00004,2025/11/06,CUST1040,Laptop,Electronics,EAST,6,55000,0.15,280500.0,216000,APP
ORD00005,05/07/2025,CUST1443,Monitor,Electronics,East,1,12000,0.05,11400.0,7600,website
ORD00006,2025-11-22,CUST1311,Headphones,Accessories,north,3,2500,0.05,7125.0,4050,App
ORD00007,2025-03-25,CUST1117,Keyboard,Accessories,EAST,6,1500,0.2,7200.0,5100,Marketplace
ORD00008,2025/07/25,CUST1073,Mouse,Accessories,South,5,800,0.1,3600.0,2100,APP
ORD00009,03/10/2025,CUST1260,Webcam,Accessories,EAST,5,3200,0.15,13600.0,9500,Website
ORD00010,2025/02/26,CUST1270,Smartphone,Electronics,north,6,28000,0.15,142800.0,123000,Website
ORD00011,2025/12/15,CUST1001,Keyboard,Accessories,South ,6,1500,10%,8100.0,5100,Marketplace
ORD00012,14/09/2025,CUST1078,Monitor,Electronics,South,6,12000,0.1,64800.0,45600,APP
ORD00013,09-29-2025,CUST1122,Headphones,Accessories,north,4,2500,0%,10000,5400,Website
ORD00014,13/02/2025,CUST1135,Monitor,Electronics,north,5,12000,0.05,57000.0,38000,website
ORD00015,04-19-2025,CUST1224,Mouse,Accessories,West,6,800,0.1,4320.0,2520,Website
ORD00016,2025-05-07,CUST1036,Headphones,Accessories,North,1,2500,0.2,2000.0,1350,App
ORD00017,04/02/2025,CUST1276,Headphones,Accessories,north,1,2500,0.2,2000.0,1350,APP
ORD00018,08-31-2025,CUST1216,Tablet,Electronics,EAST,4,22000,5%,83600.0,62000,Website
ORD00019,2025-12-11,CUST1127,Monitor,Electronics,north,1,12000,0.15,10200.0,7600,website
ORD00020,2025-03-13,CUST1025,Keyboard,Accessories,north,4,1500,0.05,5700.0,3400,Website
ORD00021,2025-02-17,CUST1084,Webcam,Accessories,West,4,3200,0.15,10880.0,7600,Marketplace
ORD00022,2025-08-21,CUST1382,Tablet,Electronics,North,2,22000,0.05,41800.0,31000,APP
ORD00023,2025-09-02,CUST1345,Smartphone,Electronics,West,1,28000,20%,22400.0,20500,Website
ORD00024,10-19-2025,CUST1133,Laptop,Electronics,South ,5,55000,0,275000,180000,Marketplace
ORD00025,2025-05-03,CUST1004,Smartphone,Electronics,north,6,28000,0.1,151200.0,123000,Website
ORD00026,02-07-2025,CUST1145,Keyboard,Accessories,EAST,2,1500,0.1,2700.0,1700,APP
ORD00027,27/12/2025,CUST1135,Laptop,Electronics,North,6,55000,0.2,264000.0,216000,APP
ORD00028,03-21-2025,CUST1258,Mouse,Accessories,EAST,6,800,0.1,4320.0,2520,Website
ORD00029,02-17-2025,CUST1082,Keyboard,Accessories,north,1,1500,0,1500,850,website
ORD00030,15/10/2025,CUST1220,Monitor,Electronics,East,6,12000,0.05,68400.0,45600,Marketplace
ORD00031,2025/01/21,CUST1317,Mouse,Accessories,South,6,800,0,4800,2520,App
ORD00032,01/04/2025,CUST1136,Smartphone,Electronics,South ,6,28000,0.1,151200.0,123000,Website
ORD00033,07-15-2025,CUST1420,Tablet,Electronics,South,2,22000,0.05,41800.0,31000,App
ORD00034,01-13-2025,CUST1179,Webcam,Accessories,West,3,3200,0.1,8640.0,5700,APP
ORD00035,2025-06-19,CUST1305,Keyboard,Accessories,South ,2,1500,0.2,2400.0,1700,Marketplace
ORD00036,2025/08/12,CUST1000,Monitor,Electronics,EAST,4,12000,0.2,38400.0,30400,APP
ORD00037,12-18-2025,CUST1319,Mouse,Accessories,EAST,3,800,15%,2040.0,1260,Website
ORD00038,03/06/2025,CUST1215,Webcam,Accessories,West,3,3200,0.15,8160.0,5700,App
ORD00039,11-12-2025,CUST1238,Webcam,Accessories,South ,5,3200,0,16000,9500,App
ORD00040,09-19-2025,CUST1047,Smartphone,Electronics,EAST,6,28000,0,168000,123000,App
ORD00041,2025-12-11,CUST1233,Mouse,Accessories,South ,2,800,0%,1600,840,APP
ORD00042,2025-04-10,CUST1384,Webcam,Accessories,North,4,3200,0.15,10880.0,7600,website
ORD00043,2025/04/23,CUST1068,Tablet,Electronics,South ,1,22000,0.2,17600.0,15500,APP
ORD00044,2025/10/14,CUST1081,Tablet,Electronics,West,5,22000,0.2,88000.0,77500,website
ORD00045,2025-05-13,CUST1365,Keyboard,Accessories,East,5,1500,0.15,6375.0,4250,Marketplace
ORD00046,13/06/2025,CUST1032,Smartphone,Electronics,East,2,28000,0.05,53200.0,41000,APP
ORD00047,2025-08-27,CUST1438,Mouse,Accessories,north,4,800,0.15,2720.0,1680,website
ORD00048,02/09/2025,CUST1249,Keyboard,Accessories,West,4,1500,0.15,5100.0,3400,website
ORD00049,2025-01-15,CUST1201,Webcam,Accessories,South ,6,3200,0.05,18240.0,11400,Website
ORD00050,12/02/2025,CUST1232,Smartphone,Electronics,EAST,4,28000,5%,106400.0,82000,website
ORD00051,05-23-2025,CUST1114,Monitor,Electronics,EAST,4,12000,0,48000,30400,Website
ORD00052,2025-01-16,CUST1288,Laptop,Electronics,West,5,55000,0.05,261250.0,180000,Marketplace
ORD00053,07-08-2025,CUST1294,Monitor,Electronics,West,2,12000,10%,21600.0,15200,website
ORD00054,2025-04-12,CUST1407,Mouse,Accessories,EAST,1,800,0.1,720.0,420,Website
ORD00055,2025/06/27,CUST1054,Headphones,Accessories,East,-2,2500,0.2,-4000.0,-2700,website
ORD00056,2025/12/29,CUST1238,Smartphone,Electronics,South ,6,28000,0.2,134400.0,123000,APP
ORD00057,2025/05/18,CUST1291,Mouse,Accessories,West,1,800,0.1,720.0,420,Marketplace
ORD00058,01-15-2025,CUST1143,Headphones,Accessories,South ,2,2500,0.15,4250.0,2700,Marketplace
ORD00059,12/10/2025,CUST1353,Mouse,Accessories,South ,1,800,0.05,760.0,420,website
ORD00060,08-18-2025,CUST1242,Keyboard,Accessories,East,2,1500,0.15,2550.0,1700,website
ORD00061,09/10/2025,CUST1161,Tablet,Electronics,north,3,22000,0.1,59400.0,46500,App
ORD00062,04-09-2025,CUST1051,Tablet,Electronics,East,3,22000,0.2,52800.0,46500,App
ORD00063,2025-07-04,CUST1283,Laptop,Electronics,South,6,55000,0.2,264000.0,216000,website
ORD00064,2025-02-22,CUST1129,Keyboard,Accessories,West,4,1500,0.15,5100.0,3400,Website
ORD00065,02-03-2025,CUST1043,Monitor,Electronics,North,5,12000,0,60000,38000,APP
ORD00066,2025/08/02,CUST1156,Mouse,Accessories,North,5,800,0.15,3400.0,2100,APP
ORD00067,2025-02-20,CUST1080,Mouse,accessories,West,3,800,0,2400,1260,APP
ORD00068,29/08/2025,CUST1135,Mouse,Accessories,South ,3,800,0.1,2160.0,1260,APP
ORD00069,05/12/2025,CUST1036,Monitor,Electronics,EAST,5,12000,0.05,57000.0,38000,Marketplace
ORD00070,2025/11/01,CUST1139,Keyboard,Accessories,West,4,1500,0,6000,3400,website
ORD00071,11/02/2025,CUST1345,Webcam,Accessories,north,6,3200,0.1,17280.0,11400,APP
ORD00072,2025/01/11,CUST1142,Keyboard,Accessories,north,5,1500,0,7500,4250,website
ORD00073,22/11/2025,CUST1168,Tablet,Electronics,West,3,22000,0.15,56100.0,46500,Marketplace
ORD00074,2025/12/06,CUST1442,Laptop,Electronics,North,4,55000,0,220000,144000,APP
ORD00075,2025/08/25,CUST1389,Mouse,Accessories,East,5,800,0.1,3600.0,2100,APP
ORD00076,09/03/2025,CUST1363,Tablet,Electronics,north,1,22000,0,22000,15500,Website
ORD00077,10/10/2025,CUST1255,Mouse,Accessories,East,1,800,0.15,680.0,420,APP
ORD00078,28/12/2025,CUST1306,Tablet,Electronics,South,4,22000,0.05,83600.0,62000,Website
ORD00079,2025/05/22,CUST1443,Keyboard,Accessories,north,1,1500,0.1,1350.0,850,website
ORD00080,26/06/2025,CUST1292,Webcam,Accessories,EAST,4,3200,0.1,11520.0,7600,website
ORD00081,23/01/2025,CUST1253,Tablet,Electronics,South,6,22000,0.15,112200.0,93000,APP
ORD00082,30/10/2025,CUST1209,Monitor,Electronics,South,4,12000,0,48000,30400,Website
ORD00083,2025/08/29,CUST1162,Webcam,Accessories,EAST,6,3200,0,19200,11400,website
ORD00084,2025/10/05,CUST1050,Monitor,Electronics,South ,2,12000,0.1,21600.0,15200,Website
ORD00085,08-16-2025,CUST1191,Keyboard,Accessories,South,1,1500,0,1500,850,APP
ORD00086,30/07/2025,CUST1254,Smartphone,Electronics,South,2,28000,5%,53200.0,41000,App
ORD00087,08-25-2025,CUST1346,Tablet,Electronics,North,3,22000,0,66000,46500,website
ORD00088,2025/06/26,CUST1436,Webcam,Accessories,,6,3200,0.1,17280.0,11400,website
ORD00089,2025/10/20,CUST1140,Keyboard,accessories,EAST,6,1500,10%,8100.0,5100,Website
ORD00090,07/11/2025,CUST1317,Keyboard,Accessories,EAST,2,1500,0.2,2400.0,1700,App
ORD00091,18/11/2025,CUST1046,Laptop,Electronics,East,3,55000,15%,140250.0,108000,website
ORD00092,03-31-2025,CUST1422,Headphones,Accessories,EAST,5,2500,0.2,10000.0,6750,Marketplace
ORD00093,2025/06/23,CUST1433,Monitor,Electronics,East,2,12000,0.05,22800.0,15200,Website
ORD00094,2025/07/22,CUST1421,Monitor,Electronics,East,4,12000,0.1,43200.0,30400,Website
ORD00095,2025-12-12,CUST1325,Laptop,Electronics,South ,5,55000,0.2,220000.0,180000,Marketplace
ORD00096,2025-11-29,CUST1120,Smartphone,Electronics,South,1,28000,0,28000,20500,website
ORD00097,2025/08/21,CUST1315,Webcam,Accessories,East,5,3200,0.05,15200.0,9500,Website
ORD00098,12-20-2025,CUST1278,Tablet,Electronics,South ,4,22000,0.05,83600.0,62000,Marketplace
ORD00099,2025-02-01,CUST1025,Mouse,Accessories,South,1,800,15%,680.0,420,App
ORD00100,17/10/2025,CUST1403,Mouse,Accessories,North,5,800,0.05,3800.0,2100,Marketplace
ORD00101,2025-03-16,CUST1183,Keyboard,Accessories,South,2,1500,0,3000,1700,APP
ORD00102,2025-06-15,CUST1243,Keyboard,Accessories,East,1,1500,0.05,1425.0,850,APP
ORD00103,10-31-2025,CUST1234,Mouse,Accessories,North,5,800,0,4000,2100,Website
ORD00104,03/09/2025,CUST1033,Monitor,Electronics,north,4,12000,15%,40800.0,30400,APP
ORD00105,2025/10/08,CUST1050,Webcam,Accessories,North,5,3200,0.2,12800.0,9500,APP
ORD00106,2025-04-21,CUST1160,Mouse,Accessories,South ,4,800,0.1,2880.0,1680,Marketplace
ORD00107,2025-07-11,CUST1381,Tablet,Electronics,EAST,1,22000,0,22000,15500,App
ORD00108,2025/10/12,CUST1444,Headphones,Accessories,North,6,2500,0,15000,8100,Marketplace
ORD00109,04/11/2025,CUST1433,Monitor,Electronics,EAST,5,12000,0.2,48000.0,38000,APP
ORD00110,2025-07-08,CUST1311,Keyboard,Accessories,EAST,5,1500,0.05,7125.0,4250,Marketplace
ORD00111,2025/01/15,CUST1035,Keyboard,Accessories,South ,3,1500,10%,4050.0,2550,Website
ORD00112,02-16-2025,CUST1369,Mouse,Accessories,north,4,800,0.15,2720.0,1680,APP
ORD00113,2025/02/13,CUST1248,Smartphone,Electronics,West,5,28000,0,140000,102500,Marketplace
ORD00114,2025/04/21,CUST1269,Headphones,Accessories,North,4,2500,0,10000,5400,App
ORD00115,07-22-2025,CUST1148,Laptop,Electronics,North,2,55000,0.1,99000.0,72000,website
ORD00116,08-09-2025,CUST1036,Webcam,Accessories,South ,5,3200,0.05,15200.0,9500,Website
ORD00117,2025/08/12,CUST1148,Monitor,Electronics,North,3,12000,0.2,28800.0,22800,Marketplace
ORD00118,2025/03/29,CUST1268,Headphones,Accessories,EAST,1,2500,0.15,2125.0,1350,Marketplace
ORD00119,23/06/2025,CUST1397,Smartphone,Electronics,South ,1,28000,0.2,22400.0,20500,App
ORD00120,2025-05-01,CUST1090,Keyboard,Accessories,South ,2,1500,0.05,2850.0,1700,website
ORD00121,08-26-2025,CUST1442,Tablet,Electronics,East,6,22000,0.2,105600.0,93000,App
ORD00122,08-14-2025,CUST1259,Tablet,Electronics,West,6,22000,0.1,118800.0,93000,website
ORD00123,2025/01/20,CUST1297,Keyboard,Accessories,EAST,1,1500,0,1500,850,Website
ORD00124,2025-08-19,CUST1230,Mouse,Accessories,EAST,3,800,0.2,1920.0,1260,Marketplace
ORD00125,13/02/2025,CUST1186,Smartphone,Electronics,East,1,28000,0.05,26600.0,20500,website
ORD00126,2025/07/29,CUST1145,Laptop,Electronics,EAST,6,55000,10%,297000.0,216000,APP
ORD00127,2025/03/18,CUST1066,Smartphone,Electronics,North,3,28000,0.1,75600.0,61500,Marketplace
ORD00128,10-14-2025,CUST1009,Headphones,Accessories,South,2,2500,20%,4000.0,2700,App
ORD00129,2025-06-24,CUST1259,Mouse,Accessories,EAST,2,800,5%,1520.0,840,APP
ORD00130,20/01/2025,CUST1369,Smartphone,Electronics,West,5,28000,0.15,119000.0,102500,Marketplace
ORD00131,13/12/2025,CUST1273,Tablet,Electronics,EAST,5,22000,0.1,99000.0,77500,website
ORD00132,2025/04/10,CUST1082,Tablet,Electronics,EAST,4,22000,0.1,79200.0,62000,APP
ORD00133,2025-03-12,CUST1145,Tablet,Electronics,South,3,22000,0.2,52800.0,46500,Marketplace
ORD00134,2025-08-19,CUST1212,Webcam,Accessories,north,1,3200,0.05,3040.0,1900,Marketplace
ORD00135,05-01-2025,CUST1405,Headphones,Accessories,North,2,2500,0,5000,2700,Marketplace
ORD00136,2025-08-30,CUST1131,Smartphone,Electronics,South,-1,28000,0.15,-23800.0,-20500,APP
ORD00137,2025/11/08,CUST1327,Monitor,Electronics,West,3,12000,0.05,34200.0,22800,Website
ORD00138,02-26-2025,CUST1219,Laptop,electronics,East,6,55000,0.2,264000.0,216000,App
ORD00139,2025-10-20,CUST1199,Monitor,Electronics,North,5,12000,10%,54000.0,38000,website
ORD00140,2025-07-11,CUST1395,Laptop,Electronics,EAST,3,55000,0,165000,108000,Marketplace
ORD00141,2025/03/10,CUST1323,Headphones,Accessories,South,6,2500,0.05,14250.0,8100,Website
ORD00142,08-23-2025,CUST1263,Mouse,Accessories,EAST,1,800,0.05,760.0,420,APP
ORD00143,08-31-2025,CUST1139,Mouse,Accessories,East,3,800,0.1,2160.0,1260,website
ORD00144,07-24-2025,CUST1410,Webcam,Accessories,West,3,3200,0.05,9120.0,5700,Website
ORD00145,08-09-2025,CUST1156,Smartphone,Electronics,South ,5,28000,0.1,126000.0,102500,website
ORD00146,2025/03/27,CUST1140,Headphones,Accessories,EAST,4,2500,0,10000,5400,Website
ORD00147,2025-02-08,CUST1073,Webcam,Accessories,South ,3,3200,0.2,7680.0,5700,website
ORD00148,2025-01-18,CUST1309,Mouse,Accessories,West,6,800,0.1,4320.0,2520,Marketplace
ORD00149,07-10-2025,CUST1127,Monitor,Electronics,North,5,12000,0.05,57000.0,38000,App
ORD00150,09-13-2025,CUST1355,Monitor,Electronics,West,3,12000,0.1,32400.0,22800,App
ORD00151,2025-03-04,CUST1414,Monitor,Electronics,EAST,4,12000,0.05,45600.0,30400,Marketplace
ORD00152,08/12/2025,CUST1364,Monitor,Electronics,South ,5,12000,0.2,48000.0,38000,App
ORD00153,07-05-2025,CUST1283,Monitor,Electronics,West,2,12000,0.05,22800.0,15200,APP
ORD00154,2025/03/08,CUST1269,Monitor,Electronics,West,1,12000,0.1,10800.0,7600,APP
ORD00155,07/02/2025,CUST1393,Monitor,Electronics,West,4,12000,0.15,40800.0,30400,APP
ORD00156,29/01/2025,CUST1177,Smartphone,Electronics,north,3,28000,0.05,79800.0,61500,Marketplace
ORD00157,10/02/2025,CUST1303,Keyboard,Accessories,South,2,1500,0.1,2700.0,1700,App
ORD00158,2025-12-04,CUST1328,Headphones,Accessories,East,5,2500,0,12500,6750,App
ORD00159,2025/10/20,CUST1125,Laptop,Electronics,South ,4,55000,0.2,176000.0,144000,website
ORD00160,06-02-2025,CUST1310,Laptop,Electronics,EAST,2,55000,0.15,93500.0,72000,Marketplace
ORD00161,2025-06-26,CUST1136,Headphones,Accessories,South,5,2500,20%,10000.0,6750,Website
ORD00162,01-26-2025,CUST1097,Webcam,Accessories,West,2,3200,0.05,6080.0,3800,APP
ORD00163,2025/08/28,CUST1123,Keyboard,Accessories,East,4,1500,0%,6000,3400,Website
ORD00164,26/01/2025,CUST1135,Tablet,Electronics,EAST,3,22000,20%,52800.0,46500,website
ORD00165,2025-07-07,CUST1197,Laptop,Electronics,EAST,5,55000,0.2,220000.0,180000,APP
ORD00166,05-24-2025,CUST1285,Monitor,Electronics,EAST,2,12000,0,24000,15200,App
ORD00167,04-12-2025,CUST1411,Webcam,Accessories,West,5,3200,0%,16000,9500,App
ORD00168,11-07-2025,CUST1303,Headphones,Accessories,EAST,5,2500,0.1,11250.0,6750,APP
ORD00169,2025/09/30,CUST1298,Keyboard,Accessories,South ,4,1500,0,6000,3400,Website
ORD00170,2025/11/02,CUST1075,Mouse,Accessories,South,6,800,0,4800,2520,Website
ORD00171,21/10/2025,CUST1210,Mouse,Accessories,north,1,800,0.15,680.0,420,website
ORD00172,2025/02/01,CUST1160,Mouse,Accessories,West,5,800,0.1,3600.0,2100,APP
ORD00173,06-25-2025,CUST1115,Keyboard,Accessories,East,5,1500,0.15,6375.0,4250,Marketplace
ORD00174,12-27-2025,CUST1147,Tablet,Electronics,South ,3,22000,0.15,56100.0,46500,APP
ORD00175,2025-07-14,CUST1177,Headphones,Accessories,South ,2,2500,10%,4500.0,2700,Marketplace
ORD00176,03/09/2025,CUST1124,Keyboard,Accessories,north,5,1500,0.1,6750.0,4250,App
ORD00177,23/11/2025,CUST1002,Monitor,Electronics,South,4,12000,0.1,43200.0,30400,website
ORD00178,2025-12-01,CUST1333,Mouse,Accessories,north,3,800,0.1,2160.0,1260,Website
ORD00179,03-31-2025,CUST1448,Smartphone,Electronics,East,1,28000,0.15,23800.0,20500,APP
ORD00180,2025/11/05,CUST1068,Headphones,Accessories,West,3,2500,0.15,6375.0,4050,Marketplace
ORD00181,2025-04-09,CUST1377,Smartphone,Electronics,East,6,28000,0.15,142800.0,123000,APP
ORD00182,2025-12-12,CUST1094,Webcam,Accessories,West,4,3200,0.2,10240.0,7600,Marketplace
ORD00183,05-08-2025,CUST1298,Webcam,Accessories,North,2,3200,0.15,5440.0,3800,Marketplace
ORD00184,12-01-2025,CUST1353,Mouse,Accessories,East,1,800,0,800,420,Marketplace
ORD00185,11-11-2025,CUST1212,Smartphone,Electronics,West,4,28000,0.05,106400.0,82000,APP
ORD00186,2025/12/07,CUST1270,Mouse,Accessories,North,6,800,0.2,3840.0,2520,APP
ORD00187,2025/02/27,CUST1059,Mouse,Accessories,South ,5,800,0.2,3200.0,2100,APP
ORD00188,2025-09-08,CUST1286,Tablet,Electronics,EAST,1,22000,0.15,18700.0,15500,Marketplace
ORD00189,01-12-2025,CUST1358,Laptop,Electronics,North,6,55000,0.05,313500.0,216000,Website
ORD00190,2025/08/30,CUST1191,Webcam,Accessories,West,2,3200,0.05,6080.0,3800,website
ORD00191,2025/07/13,CUST1270,Smartphone,Electronics,South,6,28000,10%,151200.0,123000,Website
ORD00192,01-12-2025,CUST1079,Webcam,Accessories,South ,5,3200,0.15,13600.0,9500,Website
ORD00193,2025/01/17,CUST1306,Laptop,Electronics,EAST,2,55000,5%,104500.0,72000,Website
ORD00194,2025-05-06,CUST1071,Webcam,Accessories,East,4,3200,0.05,12160.0,7600,App
ORD00195,22/10/2025,CUST1211,Headphones,Accessories,North,2,2500,0.1,4500.0,2700,APP
ORD00196,10-30-2025,CUST1329,Smartphone,Electronics,EAST,6,28000,0.15,142800.0,123000,APP
ORD00197,2025/06/13,CUST1123,Webcam,Accessories,East,2,3200,0.1,5760.0,3800,App
ORD00198,08-26-2025,CUST1104,Webcam,Accessories,North,4,3200,0.2,10240.0,7600,website
ORD00199,2025-07-09,CUST1447,Mouse,Accessories,EAST,1,800,0.1,720.0,420,APP
ORD00200,10/12/2025,CUST1097,Tablet,Electronics,North,2,22000,0.1,39600.0,31000,website
ORD00201,2025/05/05,CUST1238,Mouse,Accessories,East,4,800,0.05,3040.0,1680,Marketplace
ORD00202,05-14-2025,CUST1104,Tablet,Electronics,West,4,22000,0,88000,62000,Website
ORD00203,2025/10/16,CUST1151,Smartphone,Electronics,East,1,28000,0.1,25200.0,20500,App
ORD00204,07-14-2025,CUST1390,Mouse,Accessories,South ,4,800,0.2,2560.0,1680,website
ORD00205,2025-08-24,CUST1268,Headphones,Accessories,EAST,2,2500,0.05,4750.0,2700,Website
ORD00206,09/12/2025,CUST1004,Laptop,Electronics,West,4,55000,0.05,209000.0,144000,Marketplace
ORD00207,2025/01/31,CUST1006,Tablet,electronics,South ,6,22000,15%,112200.0,93000,Marketplace
ORD00208,02/10/2025,CUST1098,Webcam,Accessories,East,2,3200,0,6400,3800,Marketplace
ORD00209,17/05/2025,CUST1153,Headphones,Accessories,EAST,4,2500,0.15,8500.0,5400,Website
ORD00210,2025-12-01,CUST1326,Laptop,electronics,South,1,55000,0.15,46750.0,36000,Website
ORD00211,13/09/2025,CUST1108,Headphones,Accessories,South ,5,2500,0,12500,6750,APP
ORD00212,2025-09-01,CUST1091,Monitor,Electronics,East,6,12000,0.1,64800.0,45600,Website
ORD00213,2025/04/17,CUST1346,Webcam,Accessories,East,1,3200,0.1,2880.0,1900,website
ORD00214,2025-03-13,CUST1174,Monitor,Electronics,north,5,12000,10%,54000.0,38000,APP
ORD00215,2025/07/23,CUST1221,Keyboard,Accessories,north,4,1500,0.15,5100.0,3400,website
ORD00216,13/02/2025,CUST1378,Mouse,Accessories,East,6,800,0%,4800,2520,Website
ORD00217,2025/02/16,CUST1229,Tablet,Electronics,north,3,22000,10%,59400.0,46500,website
ORD00218,2025/02/22,CUST1006,Headphones,Accessories,West,5,2500,0,12500,6750,Website
ORD00219,10-14-2025,CUST1252,Smartphone,Electronics,South,6,28000,0.15,142800.0,123000,website
ORD00220,2025/05/22,CUST1304,Tablet,Electronics,West,1,22000,0.1,19800.0,15500,Website
ORD00221,2025/03/11,CUST1171,Webcam,Accessories,EAST,3,3200,0.2,7680.0,5700,APP
ORD00222,03-11-2025,CUST1149,Mouse,Accessories,South ,4,800,0.1,2880.0,1680,website
ORD00223,22/10/2025,CUST1303,Webcam,Accessories,South,3,3200,0.15,8160.0,5700,APP
ORD00224,2025/01/14,CUST1344,Mouse,Accessories,South ,4,800,0.1,2880.0,1680,Marketplace
ORD00225,2025/05/04,CUST1298,Smartphone,Electronics,north,6,28000,0.15,142800.0,123000,website
ORD00226,2025-10-06,CUST1393,Headphones,Accessories,South ,6,2500,0.2,12000.0,8100,Marketplace
ORD00227,2025/03/27,CUST1054,Laptop,electronics,East,5,55000,0.15,233750.0,180000,App
ORD00228,19/09/2025,CUST1176,Mouse,Accessories,West,4,800,0.1,2880.0,1680,Website
ORD00229,01/06/2025,CUST1266,Monitor,Electronics,West,1,12000,0.05,11400.0,7600,Website
ORD00230,2025-08-13,CUST1011,Tablet,Electronics,South ,3,22000,0,66000,46500,Website
ORD00231,2025/12/13,CUST1236,Mouse,Accessories,West,5,800,0.05,3800.0,2100,App
ORD00232,2025/04/06,CUST1303,Webcam,Accessories,North,4,3200,0,12800,7600,App
ORD00233,04-16-2025,CUST1166,Monitor,Electronics,North,5,12000,0,60000,38000,Marketplace
ORD00234,12-10-2025,CUST1180,Headphones,Accessories,north,5,2500,0.15,10625.0,6750,App
ORD00235,2025-12-11,CUST1122,Keyboard,Accessories,South,5,1500,20%,6000.0,4250,Marketplace
ORD00236,22/12/2025,CUST1249,Webcam,Accessories,South ,4,3200,0.2,10240.0,7600,App
ORD00237,2025-10-12,CUST1443,Keyboard,Accessories,North,2,1500,0.05,2850.0,1700,website
ORD00238,2025/03/11,CUST1212,Webcam,Accessories,West,5,3200,0.2,12800.0,9500,website
ORD00239,03-27-2025,CUST1086,Laptop,Electronics,north,2,55000,10%,99000.0,72000,website
ORD00240,2025-10-09,CUST1389,Monitor,Electronics,north,3,12000,0.2,28800.0,22800,App
ORD00241,2025-08-06,CUST1224,Mouse,Accessories,North,3,800,0,2400,1260,App
ORD00242,18/04/2025,CUST1401,Headphones,Accessories,South,6,2500,0.2,12000.0,8100,Website
ORD00243,10-19-2025,CUST1148,Keyboard,Accessories,EAST,5,1500,0.2,6000.0,4250,APP
ORD00244,14/12/2025,CUST1127,Webcam,Accessories,East,1,3200,0.1,2880.0,1900,App
ORD00245,2025-12-13,CUST1324,Smartphone,Electronics,EAST,5,28000,0.1,126000.0,102500,Website
ORD00246,2025-07-26,CUST1444,Keyboard,Accessories,South ,6,1500,0.1,8100.0,5100,Website
ORD00247,23/08/2025,CUST1253,Headphones,Accessories,EAST,1,2500,0.2,2000.0,1350,Marketplace
ORD00248,2025-06-22,CUST1023,Smartphone,Electronics,EAST,5,28000,0.15,119000.0,102500,website
ORD00249,09/01/2025,CUST1352,Smartphone,Electronics,South ,4,28000,15%,95200.0,82000,Marketplace
ORD00250,23/03/2025,CUST1026,Headphones,Accessories,East,3,2500,0,7500,4050,App
ORD00251,08/08/2025,CUST1265,Monitor,Electronics,North,1,12000,0.05,11400.0,7600,Website
ORD00252,2025-12-23,CUST1374,Monitor,Electronics,North,4,12000,0.05,45600.0,30400,Marketplace
ORD00253,08/07/2025,CUST1225,Webcam,Accessories,South,2,3200,5%,6080.0,3800,App
ORD00254,2025-07-30,CUST1301,Tablet,Electronics,East,2,22000,0,44000,31000,website
ORD00255,06-11-2025,CUST1398,Keyboard,Accessories,North,6,1500,0,9000,5100,Marketplace
ORD00256,16/04/2025,CUST1253,Mouse,Accessories,South,6,800,0.15,4080.0,2520,website
ORD00257,2025/11/23,CUST1187,Laptop,Electronics,South,3,55000,0.1,148500.0,108000,website
ORD00258,2025/02/07,CUST1259,Monitor,Electronics,South ,1,12000,0.1,10800.0,7600,APP
ORD00259,2025-08-01,CUST1158,Webcam,Accessories,South,1,3200,0.2,2560.0,1900,App
ORD00260,2025-10-02,CUST1125,Monitor,Electronics,West,3,12000,0.15,30600.0,22800,Website
ORD00261,2025-08-21,CUST1083,Laptop,Electronics,East,3,55000,5%,156750.0,108000,APP
ORD00262,2025-09-22,CUST1394,Smartphone,Electronics,East,3,28000,0.05,79800.0,61500,website
ORD00263,05-20-2025,CUST1028,Keyboard,Accessories,north,6,1500,0.2,7200.0,5100,App
ORD00264,2025-07-08,CUST1439,Monitor,Electronics,South,5,12000,0,60000,38000,Website
ORD00265,2025/08/30,CUST1114,Smartphone,Electronics,West,2,28000,0,56000,41000,Marketplace
ORD00266,19/05/2025,CUST1411,Headphones,Accessories,North,1,2500,0.2,2000.0,1350,website
ORD00267,02-05-2025,CUST1102,Keyboard,Accessories,EAST,3,1500,10%,4050.0,2550,Marketplace
ORD00268,15/11/2025,CUST1077,Headphones,accessories,West,5,2500,0.15,10625.0,6750,Website
ORD00269,04-30-2025,CUST1053,Laptop,Electronics,South,3,55000,0,165000,108000,website
ORD00270,2025/09/09,CUST1358,Keyboard,Accessories,West,1,1500,0,1500,850,Website
ORD00271,2025/10/25,CUST1339,Smartphone,Electronics,South,6,28000,15%,142800.0,123000,Marketplace
ORD00272,2025-05-14,CUST1103,Webcam,Accessories,EAST,6,3200,0.1,17280.0,11400,APP
ORD00273,02-25-2025,CUST1394,Smartphone,Electronics,East,4,28000,0.15,95200.0,82000,website
ORD00274,2025-05-16,CUST1110,Smartphone,Electronics,East,6,28000,0.1,151200.0,123000,App
ORD00275,16/02/2025,CUST1015,Headphones,Accessories,EAST,4,2500,20%,8000.0,5400,website
ORD00276,2025-10-12,CUST1006,Mouse,Accessories,EAST,1,800,15%,680.0,420,App
ORD00277,2025-03-08,CUST1011,Webcam,Accessories,South,3,3200,0,9600,5700,website
ORD00278,2025/03/07,CUST1420,Headphones,Accessories,West,1,2500,0,2500,1350,Website
ORD00279,2025/07/15,CUST1076,Smartphone,Electronics,north,3,28000,0.05,79800.0,61500,APP
ORD00280,2025/05/06,CUST1070,Tablet,Electronics,South ,4,22000,0.2,70400.0,62000,APP
ORD00281,05-08-2025,CUST1289,Laptop,Electronics,West,4,55000,0.1,198000.0,144000,Marketplace
ORD00282,04-03-2025,CUST1392,Mouse,Accessories,South,1,800,10%,720.0,420,App
ORD00283,2025-02-21,CUST1391,Mouse,Accessories,South,3,800,0.2,1920.0,1260,APP
ORD00284,07-18-2025,CUST1302,Smartphone,Electronics,South ,2,28000,0.05,53200.0,41000,Marketplace
ORD00285,2025-10-18,CUST1028,Mouse,Accessories,South,4,800,0.2,2560.0,1680,Website
ORD00286,27/09/2025,CUST1410,Headphones,Accessories,East,5,2500,0.05,11875.0,6750,Website
ORD00287,01-12-2025,CUST1360,Smartphone,Electronics,West,1,28000,0.2,22400.0,20500,APP
ORD00288,2025/02/21,CUST1332,Headphones,Accessories,South ,2,2500,0.05,4750.0,2700,APP
ORD00289,12-22-2025,CUST1065,Headphones,Accessories,North,2,2500,0.2,4000.0,2700,APP
ORD00290,20/07/2025,CUST1327,Smartphone,Electronics,West,5,28000,0.1,126000.0,102500,App
ORD00291,2025-06-19,CUST1420,Mouse,Accessories,South ,3,800,0.1,2160.0,1260,Marketplace
ORD00292,2025-08-17,CUST1024,Mouse,Accessories,South ,2,800,0,1600,840,website
ORD00293,27/03/2025,CUST1083,Webcam,Accessories,EAST,3,3200,0.2,7680.0,5700,Website
ORD00294,31/05/2025,CUST1374,Keyboard,Accessories,North,1,1500,0,1500,850,Marketplace
ORD00295,2025/11/01,CUST1080,Tablet,Electronics,East,6,22000,0,132000,93000,App
ORD00296,2025/04/08,CUST1292,Keyboard,Accessories,West,6,1500,0.1,8100.0,5100,App
ORD00297,2025/01/28,CUST1102,Webcam,Accessories,South,1,3200,0.1,2880.0,1900,App
ORD00298,11-23-2025,CUST1046,Tablet,Electronics,West,1,22000,0.1,19800.0,15500,App
ORD00299,09/07/2025,CUST1428,Smartphone,Electronics,North,4,28000,0,112000,82000,App
ORD00300,23/12/2025,CUST1283,Monitor,Electronics,West,6,12000,0.1,64800.0,45600,APP
ORD00301,2025-08-03,CUST1257,Tablet,Electronics,north,5,22000,0.05,104500.0,77500,APP
ORD00302,13/12/2025,CUST1413,Monitor,Electronics,North,4,12000,0.05,45600.0,30400,website
ORD00303,2025-02-10,CUST1044,Mouse,Accessories,West,6,800,0.05,4560.0,2520,APP
ORD00304,2025-06-16,CUST1212,Tablet,Electronics,north,1,22000,0.2,17600.0,15500,APP
ORD00305,10-26-2025,CUST1449,Monitor,Electronics,West,5,12000,0,60000,38000,website
ORD00306,2025/10/20,CUST1019,Laptop,Electronics,East,2,55000,0.1,99000.0,72000,App
ORD00307,01-26-2025,CUST1143,Keyboard,Accessories,EAST,3,1500,0,4500,2550,Website
ORD00308,2025-04-27,CUST1096,Tablet,Electronics,EAST,3,22000,0.1,59400.0,46500,website
ORD00309,2025/09/06,CUST1069,Headphones,Accessories,north,1,2500,0.2,2000.0,1350,APP
ORD00310,01-15-2025,CUST1360,Mouse,Accessories,East,1,800,5%,760.0,420,website
ORD00311,2025/09/16,CUST1090,Monitor,Electronics,West,6,12000,0,72000,45600,APP
ORD00312,10/10/2025,CUST1437,Smartphone,Electronics,South,3,28000,0,84000,61500,App
ORD00313,2025-11-28,CUST1242,Mouse,Accessories,South ,3,800,0.15,2040.0,1260,App
ORD00314,11-04-2025,CUST1216,Keyboard,Accessories,EAST,5,1500,0.1,6750.0,4250,Marketplace
ORD00315,2025-08-24,CUST1003,Tablet,Electronics,South ,3,22000,0.2,52800.0,46500,Marketplace
ORD00316,10-15-2025,CUST1327,Keyboard,Accessories,East,3,1500,0,4500,2550,Marketplace
ORD00317,2025-12-02,CUST1412,Keyboard,Accessories,EAST,2,1500,0.05,2850.0,1700,APP
ORD00318,07-26-2025,CUST1214,Smartphone,Electronics,South ,6,28000,0,168000,123000,Website
ORD00319,2025/10/26,CUST1343,Mouse,Accessories,East,3,800,0.05,2280.0,1260,App
ORD00320,03/12/2025,CUST1348,Keyboard,Accessories,South ,1,1500,0.15,1275.0,850,Website
ORD00321,2025/04/24,CUST1435,Keyboard,Accessories,North,4,1500,0.1,5400.0,3400,APP
ORD00322,10-25-2025,CUST1211,Tablet,Electronics,EAST,2,22000,20%,35200.0,31000,App
ORD00323,12/03/2025,CUST1398,Webcam,Accessories,East,5,3200,0.15,13600.0,9500,App
ORD00324,10/06/2025,CUST1250,Laptop,Electronics,EAST,4,55000,0.1,198000.0,144000,Website
ORD00325,2025-03-08,CUST1273,Webcam,Accessories,East,4,3200,0.15,10880.0,7600,Website
ORD00326,06-14-2025,CUST1159,Laptop,Electronics,West,6,55000,0,330000,216000,APP
ORD00327,10-29-2025,CUST1222,Monitor,Electronics,South,1,12000,0.1,10800.0,7600,Marketplace
ORD00328,08/09/2025,CUST1108,Mouse,Accessories,north,2,800,15%,1360.0,840,APP
ORD00329,2025-03-28,CUST1338,Laptop,Electronics,EAST,4,55000,0.1,198000.0,144000,Website
ORD00330,25/01/2025,CUST1105,Webcam,Accessories,South ,4,3200,0.15,10880.0,7600,Website
ORD00331,04/06/2025,CUST1214,Monitor,Electronics,North,6,12000,0.2,57600.0,45600,APP
ORD00332,11-13-2025,CUST1425,Monitor,Electronics,South,1,12000,0.15,10200.0,7600,Marketplace
ORD00333,2025/12/27,CUST1169,Smartphone,Electronics,North,1,28000,0.2,22400.0,20500,Website
ORD00334,2025-02-26,CUST1131,Tablet,Electronics,West,2,22000,0,44000,31000,Marketplace
ORD00335,05-16-2025,CUST1218,Monitor,Electronics,North,2,12000,0,24000,15200,Website
ORD00336,01-05-2025,CUST1449,Smartphone,Electronics,East,3,28000,0.1,75600.0,61500,Marketplace
ORD00337,2025/04/04,CUST1409,Webcam,Accessories,EAST,4,3200,0.1,11520.0,7600,App
ORD00338,2025/02/27,CUST1092,Laptop,Electronics,EAST,2,55000,0,110000,72000,Marketplace
ORD00339,2025-11-10,CUST1032,Smartphone,Electronics,East,4,28000,15%,95200.0,82000,Website
ORD00340,2025-12-27,CUST1221,Mouse,Accessories,South,6,800,0.1,4320.0,2520,website
ORD00341,2025-06-27,CUST1329,Webcam,Accessories,north,2,3200,0.2,5120.0,3800,website
ORD00342,11/09/2025,CUST1281,Tablet,Electronics,West,3,22000,0.05,62700.0,46500,App
ORD00343,2025/02/10,CUST1381,Tablet,Electronics,North,1,22000,0.15,18700.0,15500,website
ORD00344,31/07/2025,CUST1335,Laptop,Electronics,East,1,55000,0.2,44000.0,36000,Marketplace
ORD00345,01-28-2025,CUST1366,Tablet,Electronics,North,3,22000,0.2,52800.0,46500,App
ORD00346,02/01/2025,CUST1252,Keyboard,Accessories,South ,5,1500,0.2,6000.0,4250,website
ORD00347,2025/02/24,CUST1422,Mouse,Accessories,South ,2,800,0,1600,840,Marketplace
ORD00348,25/02/2025,CUST1255,Monitor,electronics,South ,4,12000,0.15,40800.0,30400,Website
ORD00349,11/10/2025,CUST1053,Tablet,Electronics,north,5,22000,0.05,104500.0,77500,APP
ORD00350,06-14-2025,CUST1203,Webcam,Accessories,East,4,3200,0.2,10240.0,7600,website
ORD00351,10/03/2025,CUST1102,Keyboard,Accessories,South ,6,1500,0.2,7200.0,5100,Marketplace
ORD00352,12-18-2025,CUST1363,Smartphone,Electronics,East,6,28000,0.05,159600.0,123000,APP
ORD00353,2025-09-03,CUST1267,Webcam,Accessories,West,6,3200,0.2,15360.0,11400,App
ORD00354,28/01/2025,CUST1429,Mouse,Accessories,EAST,3,800,0.05,2280.0,1260,Marketplace
ORD00355,15/04/2025,CUST1380,Headphones,Accessories,West,4,2500,0,10000,5400,App
ORD00356,09-19-2025,CUST1282,Laptop,Electronics,South ,4,55000,0.15,187000.0,144000,Marketplace
ORD00357,14/04/2025,CUST1397,Tablet,Electronics,South,2,22000,0.1,39600.0,31000,Marketplace
ORD00358,2025-08-18,CUST1219,Monitor,Electronics,East,2,12000,0.05,22800.0,15200,App
ORD00359,2025-03-24,CUST1078,Keyboard,Accessories,north,1,1500,0.1,1350.0,850,Website
ORD00360,11-17-2025,CUST1269,Keyboard,Accessories,South,4,1500,0.2,4800.0,3400,APP
ORD00361,04/02/2025,CUST1339,Webcam,Accessories,East,5,3200,0.2,12800.0,9500,Marketplace
ORD00362,22/04/2025,CUST1328,Tablet,Electronics,north,5,22000,0%,110000,77500,App
ORD00363,01-21-2025,CUST1012,Headphones,Accessories,EAST,4,2500,0,10000,5400,Marketplace
ORD00364,2025-09-21,CUST1049,Tablet,Electronics,EAST,1,22000,0.1,19800.0,15500,APP
ORD00365,2025-10-01,CUST1105,Monitor,Electronics,South ,2,12000,0.05,22800.0,15200,website
ORD00366,2025-11-28,CUST1027,Smartphone,Electronics,East,1,28000,0.15,23800.0,20500,APP
ORD00367,2025/02/06,CUST1161,Mouse,accessories,South ,3,800,0.15,2040.0,1260,Website
ORD00368,10-01-2025,CUST1257,Monitor,Electronics,EAST,6,12000,20%,57600.0,45600,Marketplace
ORD00369,07/11/2025,CUST1273,Tablet,Electronics,South ,4,22000,0.15,74800.0,62000,website
ORD00370,2025-10-07,CUST1021,Smartphone,electronics,north,-1,28000,0.1,-25200.0,-20500,website
ORD00371,03/10/2025,CUST1082,Keyboard,Accessories,north,2,1500,0.1,2700.0,1700,Marketplace
ORD00372,2025-04-10,CUST1128,Laptop,Electronics,South ,5,55000,0.15,233750.0,180000,APP
ORD00373,07/09/2025,CUST1162,Smartphone,Electronics,East,6,28000,5%,159600.0,123000,APP
ORD00374,2025/12/04,CUST1086,Smartphone,electronics,South,5,28000,0.2,112000.0,102500,App
ORD00375,2025/12/31,CUST1236,Webcam,Accessories,EAST,3,3200,0.1,8640.0,5700,Marketplace
ORD00376,07/09/2025,CUST1275,Smartphone,Electronics,South ,6,28000,20%,134400.0,123000,Website
ORD00377,2025-02-08,CUST1282,Laptop,Electronics,north,5,55000,0.2,220000.0,180000,website
ORD00378,2025/12/01,CUST1256,Webcam,Accessories,West,2,3200,0.2,5120.0,3800,Marketplace
ORD00379,15/09/2025,CUST1091,Mouse,Accessories,north,5,800,0.05,3800.0,2100,App
ORD00380,2025-09-05,CUST1342,Mouse,Accessories,EAST,4,800,5%,3040.0,1680,Marketplace
ORD00381,07-18-2025,CUST1427,Tablet,Electronics,north,1,22000,0,22000,15500,APP
ORD00382,10-19-2025,CUST1192,Webcam,Accessories,South,3,3200,0.2,7680.0,5700,APP
ORD00383,2025/07/27,CUST1084,Headphones,Accessories,north,-1,2500,0.15,-2125.0,-1350,Marketplace
ORD00384,19/04/2025,CUST1212,Smartphone,Electronics,South ,3,28000,0.2,67200.0,61500,Website
ORD00385,2025-09-04,CUST1124,Tablet,Electronics,north,2,22000,0.2,35200.0,31000,APP
ORD00386,24/03/2025,CUST1264,Laptop,Electronics,north,5,55000,5%,261250.0,180000,APP
ORD00387,2025/11/23,CUST1087,Keyboard,Accessories,West,1,1500,0.05,1425.0,850,APP
ORD00388,03-15-2025,CUST1232,Smartphone,Electronics,North,5,28000,0.2,112000.0,102500,App
ORD00389,2025/07/13,CUST1423,Monitor,Electronics,North,1,12000,0.05,11400.0,7600,App
ORD00390,01/09/2025,CUST1308,Laptop,Electronics,North,5,55000,0.2,220000.0,180000,website
ORD00391,2025/09/25,CUST1404,Laptop,Electronics,East,6,55000,0.2,264000.0,216000,APP
ORD00392,2025-12-23,CUST1145,Webcam,Accessories,north,2,3200,0.1,5760.0,3800,website
ORD00393,05-12-2025,CUST1209,Laptop,Electronics,South,-1,55000,20%,-44000.0,-36000,website
ORD00394,2025/11/30,CUST1386,Keyboard,Accessories,north,5,1500,0.15,6375.0,4250,APP
ORD00395,2025/09/05,CUST1376,Tablet,Electronics,EAST,3,22000,0.1,59400.0,46500,Website
ORD00396,2025-04-28,CUST1082,Smartphone,Electronics,South ,1,28000,0.05,26600.0,20500,Website
ORD00397,2025-02-16,CUST1370,Webcam,Accessories,West,1,3200,0,3200,1900,APP
ORD00398,12-02-2025,CUST1099,Laptop,Electronics,north,2,55000,0.15,93500.0,72000,APP
ORD00399,22/09/2025,CUST1044,Smartphone,Electronics,EAST,6,28000,0,168000,123000,website
ORD00400,2025-06-30,CUST1046,Webcam,Accessories,South ,5,3200,0.05,15200.0,9500,APP
ORD00401,2025/10/26,CUST1294,Keyboard,accessories,South,2,1500,0.2,2400.0,1700,website
ORD00402,09-17-2025,CUST1448,Monitor,Electronics,EAST,5,12000,0.1,54000.0,38000,APP
ORD00403,2025/05/09,CUST1348,Webcam,Accessories,north,5,3200,0.15,13600.0,9500,Website
ORD00404,09-04-2025,CUST1211,Monitor,Electronics,north,4,12000,0.05,45600.0,30400,APP
ORD00405,01-05-2025,CUST1038,Keyboard,Accessories,South,2,1500,10%,2700.0,1700,website
ORD00406,10/06/2025,CUST1446,Keyboard,Accessories,South,2,1500,0.05,2850.0,1700,App
ORD00407,2025/05/08,CUST1314,Smartphone,electronics,EAST,1,28000,0,28000,20500,APP
ORD00408,01-22-2025,CUST1203,Headphones,Accessories,north,4,2500,0.2,8000.0,5400,App
ORD00409,28/01/2025,CUST1234,Webcam,Accessories,South ,4,3200,20%,10240.0,7600,APP
ORD00410,08-24-2025,CUST1313,Laptop,Electronics,South,1,55000,0.05,52250.0,36000,APP
ORD00411,15/05/2025,CUST1214,Tablet,Electronics,East,5,22000,0.1,99000.0,77500,Marketplace
ORD00412,2025-07-25,CUST1369,Smartphone,Electronics,South,5,28000,0.05,133000.0,102500,APP
ORD00413,2025/08/10,CUST1068,Smartphone,Electronics,EAST,-2,28000,0.05,-53200.0,-41000,APP
ORD00414,2025/10/01,CUST1050,Tablet,Electronics,North,3,22000,0.1,59400.0,46500,App
ORD00415,05-11-2025,CUST1176,Monitor,electronics,North,4,12000,0.1,43200.0,30400,Marketplace
ORD00416,2025/12/14,CUST1040,Smartphone,Electronics,East,3,28000,0.1,75600.0,61500,website
ORD00417,2025/11/20,CUST1434,Smartphone,Electronics,North,6,28000,0.1,151200.0,123000,App
ORD00418,2025/06/25,CUST1138,Headphones,Accessories,EAST,6,2500,0.1,13500.0,8100,Marketplace
ORD00419,28/10/2025,CUST1338,Webcam,Accessories,South ,2,3200,0.05,6080.0,3800,Website
ORD00420,2025-04-18,CUST1013,Monitor,Electronics,north,1,12000,0,12000,7600,Website
ORD00421,02-23-2025,CUST1226,Smartphone,Electronics,South,1,28000,0.15,23800.0,20500,APP
ORD00422,03-29-2025,CUST1280,Headphones,Accessories,South ,3,2500,0.15,6375.0,4050,APP
ORD00423,04-01-2025,CUST1177,Tablet,Electronics,South,6,22000,0.2,105600.0,93000,Website
ORD00424,08-15-2025,CUST1146,Webcam,Accessories,North,-1,3200,0.05,-3040.0,-1900,website
ORD00425,02/09/2025,CUST1210,Webcam,Accessories,West,-2,3200,0.2,-5120.0,-3800,website
ORD00426,08/05/2025,CUST1264,Webcam,Accessories,north,4,3200,0.05,12160.0,7600,Marketplace
ORD00427,05-26-2025,CUST1056,Keyboard,Accessories,north,4,1500,0.05,5700.0,3400,website
ORD00428,2025-05-20,CUST1095,Tablet,Electronics,East,2,22000,10%,39600.0,31000,Marketplace
ORD00429,03-06-2025,CUST1215,Laptop,Electronics,EAST,2,55000,0,110000,72000,website
ORD00430,2025-07-10,CUST1136,Laptop,Electronics,North,3,55000,0,165000,108000,APP
ORD00431,29/08/2025,CUST1197,Keyboard,Accessories,West,4,1500,0,6000,3400,App
ORD00432,01-18-2025,,Monitor,Electronics,South ,5,12000,0.05,57000.0,38000,Website
ORD00433,09/10/2025,CUST1057,Keyboard,Accessories,West,4,1500,0.1,5400.0,3400,Marketplace
ORD00434,2025-01-08,CUST1297,Keyboard,Accessories,West,5,1500,0,7500,4250,APP
ORD00435,03-21-2025,CUST1388,Monitor,Electronics,North,2,12000,0.05,22800.0,15200,Marketplace
ORD00436,11-27-2025,CUST1412,Monitor,Electronics,South ,2,12000,0.15,20400.0,15200,App
ORD00437,2025/01/11,CUST1286,Headphones,Accessories,South ,6,2500,0.05,14250.0,8100,website
ORD00438,08/04/2025,CUST1035,Headphones,Accessories,West,3,2500,0.15,6375.0,4050,Marketplace
ORD00439,2025-05-15,CUST1317,Tablet,Electronics,EAST,1,22000,0.2,17600.0,15500,APP
ORD00440,2025/05/03,CUST1392,Monitor,Electronics,north,6,12000,0.2,57600.0,45600,Marketplace
ORD00441,15/06/2025,CUST1091,Headphones,Accessories,South,1,2500,0,2500,1350,Website
ORD00442,09-06-2025,CUST1025,Laptop,Electronics,north,5,55000,0.15,233750.0,180000,Website
ORD00443,2025/01/07,CUST1420,Tablet,Electronics,South ,1,22000,0.15,18700.0,15500,Website
ORD00444,12/11/2025,CUST1265,Laptop,Electronics,South ,6,55000,0,330000,216000,App
ORD00445,2025/09/30,CUST1382,Mouse,Accessories,South ,5,800,0.05,3800.0,2100,APP
ORD00446,07-03-2025,CUST1336,Webcam,Accessories,north,1,3200,0.05,3040.0,1900,website
ORD00447,06-30-2025,CUST1311,Headphones,Accessories,north,3,2500,0.15,6375.0,4050,App
ORD00448,2025-07-12,CUST1145,Keyboard,Accessories,north,3,1500,0.15,3825.0,2550,App
ORD00449,06-04-2025,CUST1283,Mouse,Accessories,north,2,800,10%,1440.0,840,APP
ORD00450,21/03/2025,CUST1119,Tablet,Electronics,East,3,22000,0.05,62700.0,46500,Website
ORD00451,20/10/2025,CUST1249,Mouse,Accessories,South ,6,800,0,4800,2520,APP
ORD00452,02-18-2025,CUST1178,Keyboard,Accessories,West,1,1500,0.2,1200.0,850,website
ORD00453,03-03-2025,CUST1276,Laptop,Electronics,East,6,55000,15%,280500.0,216000,APP
ORD00454,2025-12-24,CUST1113,Laptop,Electronics,EAST,6,55000,0.15,280500.0,216000,website
ORD00455,03-17-2025,CUST1043,Monitor,Electronics,West,4,12000,0.2,38400.0,30400,App
ORD00456,11/03/2025,CUST1124,Mouse,Accessories,EAST,4,800,0.15,2720.0,1680,website
ORD00457,06-15-2025,CUST1176,Monitor,Electronics,North,1,12000,0.15,10200.0,7600,Marketplace
ORD00458,28/03/2025,CUST1102,Tablet,Electronics,South,5,22000,0.05,104500.0,77500,Website
ORD00459,2025-02-27,CUST1175,Mouse,Accessories,North,5,800,0.05,3800.0,2100,Marketplace
ORD00460,08-19-2025,CUST1280,Headphones,Accessories,South ,2,2500,0.2,4000.0,2700,App
ORD00461,12-22-2025,CUST1087,Laptop,Electronics,South,4,55000,0.2,176000.0,144000,APP
ORD00462,05-19-2025,CUST1442,Laptop,Electronics,East,1,55000,0.15,46750.0,36000,website
ORD00463,29/04/2025,CUST1101,Monitor,Electronics,West,3,12000,0.15,30600.0,22800,APP
ORD00464,31/12/2025,CUST1009,Mouse,Accessories,East,5,800,0.1,3600.0,2100,Marketplace
ORD00465,2025-11-17,CUST1284,Keyboard,Accessories,South,1,1500,0.1,1350.0,850,App
ORD00466,24/06/2025,CUST1213,Smartphone,Electronics,South,1,28000,0.15,23800.0,20500,website
ORD00467,09/06/2025,CUST1441,Tablet,Electronics,South ,5,22000,0.05,104500.0,77500,APP
ORD00468,2025-03-11,CUST1094,Smartphone,Electronics,South,6,28000,0.2,134400.0,123000,Website
ORD00469,13/06/2025,CUST1094,Keyboard,Accessories,north,4,1500,0.1,5400.0,3400,APP
ORD00470,2025-05-17,CUST1352,Mouse,Accessories,South,5,800,0.05,3800.0,2100,APP
ORD00471,06/11/2025,CUST1115,Headphones,Accessories,EAST,2,2500,0.15,4250.0,2700,Website
ORD00472,2025/05/19,CUST1443,Mouse,Accessories,South ,2,800,0,1600,840,Marketplace
ORD00473,08-23-2025,CUST1201,Webcam,Accessories,South ,1,3200,0.2,2560.0,1900,APP
ORD00474,2025-11-01,CUST1449,Laptop,Electronics,north,5,55000,0,275000,180000,APP
ORD00475,07-22-2025,CUST1396,Webcam,Accessories,West,5,3200,0,16000,9500,App
ORD00476,2025/08/05,CUST1046,Laptop,Electronics,North,6,55000,0.2,264000.0,216000,App
ORD00477,2025/10/27,CUST1302,Smartphone,Electronics,South,4,28000,0.15,95200.0,82000,website
ORD00478,02-16-2025,CUST1043,Smartphone,Electronics,West,6,28000,0%,168000,123000,APP
ORD00479,10/11/2025,CUST1083,Webcam,Accessories,South,1,3200,0.05,3040.0,1900,Website
ORD00480,03/08/2025,CUST1001,Tablet,Electronics,East,3,22000,5%,62700.0,46500,Website
ORD00481,23/08/2025,CUST1301,Tablet,Electronics,West,5,22000,0,110000,77500,website
ORD00482,15/08/2025,CUST1025,Laptop,Electronics,North,2,55000,0.2,88000.0,72000,Marketplace
ORD00483,2025-01-19,CUST1025,Laptop,Electronics,South,6,55000,0.2,264000.0,216000,App
ORD00484,12-11-2025,CUST1165,Smartphone,Electronics,West,4,28000,0.2,89600.0,82000,Website
ORD00485,08-07-2025,CUST1269,Keyboard,Accessories,South,4,1500,0.05,5700.0,3400,App
ORD00486,11-10-2025,CUST1218,Monitor,Electronics,East,4,12000,0.2,38400.0,30400,Marketplace
ORD00487,2025/09/27,CUST1252,Headphones,Accessories,north,2,2500,0.2,4000.0,2700,App
ORD00488,29/12/2025,CUST1409,Laptop,Electronics,West,1,55000,0,55000,36000,website
ORD00489,2025-01-24,CUST1157,Mouse,Accessories,north,1,800,0.05,760.0,420,Marketplace
ORD00490,2025-01-04,CUST1426,Headphones,Accessories,East,3,2500,0.15,6375.0,4050,Marketplace
ORD00491,12-11-2025,CUST1236,Tablet,Electronics,West,1,22000,0.05,20900.0,15500,Website
ORD00492,09-24-2025,CUST1409,Headphones,Accessories,EAST,5,2500,20%,10000.0,6750,Marketplace
ORD00493,2025/02/03,CUST1095,Laptop,Electronics,EAST,3,55000,0.15,140250.0,108000,Marketplace
ORD00494,12-28-2025,CUST1231,Laptop,Electronics,East,3,55000,15%,140250.0,108000,App
ORD00495,2025/09/26,CUST1259,Monitor,electronics,West,3,12000,0,36000,22800,APP
ORD00496,2025-03-20,CUST1420,Tablet,Electronics,north,6,22000,0.2,105600.0,93000,App
ORD00497,2025-04-16,CUST1351,Tablet,Electronics,EAST,4,22000,20%,70400.0,62000,Website
ORD00498,2025-06-20,CUST1295,Laptop,Electronics,South ,1,55000,0.2,44000.0,36000,App
ORD00499,2025-06-14,CUST1139,Keyboard,Accessories,East,3,1500,0.2,3600.0,2550,Website
ORD00500,08/01/2025,CUST1360,Monitor,Electronics,north,2,12000,0.2,19200.0,15200,App
ORD00501,2025-03-29,CUST1054,Headphones,Accessories,North,5,2500,15%,10625.0,6750,website
ORD00502,2025-07-20,CUST1386,Tablet,Electronics,north,5,22000,0.1,99000.0,77500,App
ORD00503,2025/02/17,CUST1240,Monitor,Electronics,South,4,12000,0.1,43200.0,30400,App
ORD00504,11-12-2025,CUST1232,Headphones,Accessories,North,4,2500,0.05,9500.0,5400,website
ORD00505,27/02/2025,CUST1260,Tablet,Electronics,EAST,2,22000,0.1,39600.0,31000,Website
ORD00506,16/06/2025,CUST1317,Monitor,Electronics,South,3,12000,0.2,28800.0,22800,website
ORD00507,07-16-2025,CUST1278,Mouse,Accessories,South,6,800,0.2,3840.0,2520,Website
ORD00508,2025-12-31,CUST1420,Tablet,Electronics,East,1,22000,0.2,17600.0,15500,website
ORD00509,05/02/2025,CUST1418,Webcam,Accessories,north,3,3200,0.15,8160.0,5700,Website
ORD00510,17/03/2025,CUST1105,Tablet,Electronics,East,5,22000,0.1,99000.0,77500,Marketplace
ORD00511,2025/10/19,CUST1433,Webcam,Accessories,East,6,3200,0.1,17280.0,11400,Website
ORD00512,07-09-2025,CUST1443,Laptop,Electronics,West,6,55000,0.2,264000.0,216000,APP
ORD00513,21/07/2025,CUST1243,Webcam,Accessories,north,4,3200,0.15,10880.0,7600,website
ORD00514,2025-07-04,CUST1073,Keyboard,Accessories,West,6,1500,0.05,8550.0,5100,website
ORD00515,2025/03/11,CUST1260,Webcam,Accessories,EAST,4,3200,0.2,10240.0,7600,website
ORD00516,16/07/2025,CUST1364,Smartphone,Electronics,West,4,28000,20%,89600.0,82000,APP
ORD00517,2025/10/23,CUST1353,Laptop,Electronics,South ,5,55000,0.15,233750.0,180000,APP
ORD00518,2025-05-24,CUST1350,Monitor,Electronics,EAST,5,12000,20%,48000.0,38000,APP
ORD00519,2025/06/09,CUST1293,Headphones,Accessories,West,5,2500,0,12500,6750,Marketplace
ORD00520,05-31-2025,CUST1031,Laptop,Electronics,north,6,55000,0.2,264000.0,216000,App
ORD00521,21/10/2025,CUST1258,Keyboard,Accessories,EAST,6,1500,20%,7200.0,5100,Marketplace
ORD00522,10/05/2025,CUST1302,Keyboard,Accessories,South ,3,1500,10%,4050.0,2550,website
ORD00523,07-09-2025,CUST1043,Mouse,Accessories,north,4,800,0.05,3040.0,1680,App
ORD00524,09-11-2025,CUST1027,Webcam,Accessories,EAST,2,3200,0.15,5440.0,3800,Website
ORD00525,27/01/2025,CUST1194,Webcam,Accessories,West,4,3200,0.1,11520.0,7600,website
ORD00526,05-15-2025,CUST1271,Webcam,Accessories,North,1,3200,0.1,2880.0,1900,Website
ORD00527,2025-09-30,CUST1130,Webcam,Accessories,West,5,3200,0.1,14400.0,9500,website
ORD00528,12-12-2025,CUST1280,Mouse,accessories,North,5,800,0.1,3600.0,2100,Website
ORD00529,01-07-2025,CUST1098,Monitor,Electronics,north,6,12000,0.15,61200.0,45600,Website
ORD00530,30/01/2025,CUST1192,Mouse,Accessories,South ,5,800,0,4000,2100,APP
ORD00531,2025/04/05,CUST1141,Smartphone,Electronics,South ,3,28000,0.1,75600.0,61500,Marketplace
ORD00532,2025-05-12,CUST1132,Monitor,Electronics,East,3,12000,0,36000,22800,App
ORD00533,14/08/2025,CUST1276,Mouse,Accessories,South,5,800,0.15,3400.0,2100,APP
ORD00534,11-26-2025,CUST1397,Tablet,Electronics,West,6,22000,10%,118800.0,93000,App
ORD00535,2025/12/01,CUST1294,Laptop,electronics,South ,6,55000,0.15,280500.0,216000,website
ORD00536,2025/09/02,CUST1062,Monitor,Electronics,East,5,12000,5%,57000.0,38000,Marketplace
ORD00537,12-16-2025,CUST1041,Laptop,Electronics,EAST,6,55000,0,330000,216000,Marketplace
ORD00538,2025-11-28,CUST1322,Laptop,Electronics,West,4,55000,0.05,209000.0,144000,Website
ORD00539,20/11/2025,CUST1250,Mouse,Accessories,EAST,2,800,0,1600,840,APP
ORD00540,2025-11-26,CUST1207,Tablet,Electronics,EAST,1,22000,0,22000,15500,APP
ORD00541,23/08/2025,CUST1250,Smartphone,Electronics,West,6,28000,0.2,134400.0,123000,APP
ORD00542,2025-01-24,CUST1233,Smartphone,Electronics,EAST,1,28000,0.05,26600.0,20500,APP
ORD00543,2025/02/02,CUST1172,Tablet,Electronics,South ,5,22000,0.2,88000.0,77500,website
ORD00544,06-16-2025,CUST1032,Smartphone,Electronics,South,3,28000,0.05,79800.0,61500,website
ORD00545,2025-03-28,CUST1405,Smartphone,Electronics,north,4,28000,0.05,106400.0,82000,website
ORD00546,03-22-2025,CUST1213,Tablet,Electronics,EAST,1,22000,0%,22000,15500,website
ORD00547,21/12/2025,CUST1312,Smartphone,Electronics,north,6,28000,0.1,151200.0,123000,App
ORD00548,2025-09-13,CUST1271,Keyboard,Accessories,north,3,1500,15%,3825.0,2550,Marketplace
ORD00549,04/10/2025,CUST1350,Tablet,Electronics,West,6,22000,0.05,125400.0,93000,website
ORD00550,04-01-2025,CUST1315,Laptop,Electronics,EAST,1,55000,0.1,49500.0,36000,website
ORD00551,2025-01-23,CUST1036,Laptop,Electronics,South ,5,55000,0.05,261250.0,180000,website
ORD00552,31/10/2025,CUST1050,Webcam,Accessories,West,2,3200,0.1,5760.0,3800,App
ORD00553,12/07/2025,CUST1312,Tablet,Electronics,West,5,22000,15%,93500.0,77500,Marketplace
ORD00554,11/03/2025,CUST1016,Mouse,Accessories,North,6,800,0.1,4320.0,2520,Marketplace
ORD00555,03-11-2025,CUST1309,Tablet,Electronics,EAST,4,22000,0.15,74800.0,62000,APP
ORD00556,29/03/2025,CUST1302,Mouse,Accessories,West,1,800,0.15,680.0,420,Marketplace
ORD00557,08/01/2025,CUST1293,Mouse,Accessories,West,2,800,0.1,1440.0,840,Website
ORD00558,2025-01-21,CUST1231,Laptop,Electronics,North,4,55000,0.2,176000.0,144000,APP
ORD00559,2025-01-07,CUST1008,Webcam,Accessories,East,2,3200,0.05,6080.0,3800,App
ORD00560,2025/12/27,CUST1094,Laptop,Electronics,East,4,55000,0.15,187000.0,144000,website
ORD00561,12-27-2025,CUST1357,Monitor,Electronics,north,4,12000,0.1,43200.0,30400,APP
ORD00562,04-17-2025,CUST1026,Headphones,Accessories,East,6,2500,0,15000,8100,website
ORD00563,13/11/2025,CUST1070,Headphones,Accessories,South,2,2500,0.2,4000.0,2700,APP
ORD00564,2025/02/28,CUST1141,Mouse,Accessories,East,6,800,0.05,4560.0,2520,Marketplace
ORD00565,08-20-2025,CUST1231,Monitor,Electronics,EAST,4,12000,0.2,38400.0,30400,Website
ORD00566,2025-04-07,CUST1084,Monitor,Electronics,South ,4,12000,0.05,45600.0,30400,App
ORD00567,12/09/2025,CUST1242,Mouse,Accessories,West,5,800,0,4000,2100,Website
ORD00568,05-30-2025,CUST1335,Laptop,Electronics,East,2,55000,0.2,88000.0,72000,website
ORD00569,10-31-2025,CUST1087,Tablet,Electronics,South,4,22000,0.1,79200.0,62000,website
ORD00570,10/07/2025,CUST1364,Laptop,Electronics,South,2,55000,0.1,99000.0,72000,App
ORD00571,29/12/2025,CUST1225,Smartphone,Electronics,South,2,28000,5%,53200.0,41000,App
ORD00572,15/10/2025,CUST1273,Headphones,Accessories,North,3,2500,0.05,7125.0,4050,website
ORD00573,09-13-2025,CUST1331,Headphones,Accessories,West,2,2500,0,5000,2700,Marketplace
ORD00574,21/10/2025,CUST1347,Tablet,Electronics,East,3,22000,0,66000,46500,Website
ORD00575,25/07/2025,CUST1298,Mouse,Accessories,EAST,4,800,10%,2880.0,1680,Marketplace
ORD00576,2025/04/11,CUST1162,Tablet,Electronics,north,6,22000,0,132000,93000,Website
ORD00577,12-08-2025,CUST1176,Smartphone,Electronics,West,6,28000,0.15,142800.0,123000,APP
ORD00578,2025/02/14,CUST1373,Tablet,Electronics,South,6,22000,0.15,112200.0,93000,APP
ORD00579,11-03-2025,CUST1033,Mouse,Accessories,north,3,800,0.15,2040.0,1260,website
ORD00580,15/02/2025,CUST1102,Keyboard,Accessories,West,4,1500,0.05,5700.0,3400,Marketplace
ORD00581,11/10/2025,CUST1013,Keyboard,Accessories,South,5,1500,0.1,6750.0,4250,Marketplace
ORD00582,03/06/2025,CUST1014,Tablet,Electronics,East,1,22000,0.1,19800.0,15500,website
ORD00583,2025/02/04,CUST1355,Headphones,Accessories,East,5,2500,0.15,10625.0,6750,APP
ORD00584,22/10/2025,CUST1182,Keyboard,Accessories,East,2,1500,20%,2400.0,1700,Marketplace
ORD00585,2025-08-03,CUST1263,Headphones,Accessories,South ,1,2500,0.1,2250.0,1350,App
ORD00586,02-18-2025,CUST1138,Smartphone,Electronics,South ,5,28000,0.1,126000.0,102500,Marketplace
ORD00587,2025/02/19,CUST1210,Headphones,Accessories,South,2,2500,0,5000,2700,Website
ORD00588,2025-04-22,CUST1213,Mouse,Accessories,North,2,800,0.2,1280.0,840,Website
ORD00589,03-09-2025,CUST1088,Headphones,Accessories,North,3,2500,0.1,6750.0,4050,Website
ORD00590,2025-04-24,CUST1217,Smartphone,Electronics,EAST,6,28000,0.05,159600.0,123000,Website
ORD00591,2025-02-09,CUST1240,Tablet,Electronics,East,4,22000,0,88000,62000,Website
ORD00592,03/02/2025,CUST1094,Laptop,Electronics,North,1,55000,0,55000,36000,Website
ORD00593,16/03/2025,CUST1258,Headphones,Accessories,North,3,2500,0.05,7125.0,4050,APP
ORD00594,2025-01-08,CUST1109,Mouse,Accessories,EAST,3,800,0.05,2280.0,1260,website
ORD00595,2025/07/07,CUST1217,Smartphone,Electronics,South,4,28000,0,112000,82000,website
ORD00596,02-27-2025,CUST1285,Tablet,Electronics,North,1,22000,0.2,17600.0,15500,Marketplace
ORD00597,2025/09/10,CUST1115,Keyboard,Accessories,East,4,1500,0.2,4800.0,3400,website
ORD00598,2025/04/07,CUST1344,Tablet,Electronics,West,6,22000,0.1,118800.0,93000,APP
ORD00599,2025-12-04,CUST1379,Monitor,Electronics,South,2,12000,0.15,20400.0,15200,Website
ORD00600,2025/07/06,CUST1142,Mouse,Accessories,EAST,5,800,0.15,3400.0,2100,APP
ORD00601,2025/10/31,CUST1261,Webcam,Accessories,EAST,3,3200,0.15,8160.0,5700,website
ORD00602,2025-02-25,CUST1377,Tablet,Electronics,North,4,22000,0.05,83600.0,62000,website
ORD00603,2025-12-14,CUST1389,Webcam,Accessories,EAST,5,3200,0.1,14400.0,9500,APP
ORD00604,09-10-2025,CUST1414,Keyboard,Accessories,north,6,1500,0.15,7650.0,5100,Website
ORD00605,2025/01/17,CUST1018,Monitor,Electronics,north,4,12000,0.15,40800.0,30400,Marketplace
ORD00606,2025-12-28,CUST1291,Webcam,Accessories,South ,2,3200,0.1,5760.0,3800,APP
ORD00607,2025/12/17,CUST1134,Tablet,Electronics,West,4,22000,0.2,70400.0,62000,APP
ORD00608,12-13-2025,CUST1178,Keyboard,Accessories,north,3,1500,0%,4500,2550,Website
ORD00609,2025-11-17,CUST1338,Monitor,Electronics,South,4,12000,0.1,43200.0,30400,Marketplace
ORD00610,10-31-2025,CUST1019,Monitor,Electronics,EAST,3,12000,0,36000,22800,website
ORD00611,10-18-2025,CUST1193,Webcam,Accessories,East,3,3200,0,9600,5700,APP
ORD00612,02-20-2025,CUST1085,Mouse,Accessories,East,3,800,0.15,2040.0,1260,website
ORD00613,2025/04/14,CUST1411,Monitor,Electronics,South ,5,12000,0.05,57000.0,38000,Website
ORD00614,2025/10/24,CUST1107,Headphones,Accessories,North,3,2500,0,7500,4050,Marketplace
ORD00615,2025/09/16,CUST1343,Headphones,Accessories,South,2,2500,0.15,4250.0,2700,Website
ORD00616,2025/11/18,CUST1137,Smartphone,Electronics,north,5,28000,0.15,119000.0,102500,APP
ORD00617,11/08/2025,CUST1382,Laptop,Electronics,East,5,55000,0.05,261250.0,180000,website
ORD00618,07-30-2025,CUST1330,Monitor,Electronics,South ,6,12000,0.05,68400.0,45600,APP
ORD00619,05-01-2025,CUST1237,Monitor,Electronics,West,2,12000,5%,22800.0,15200,website
ORD00620,11-28-2025,CUST1337,Smartphone,Electronics,South ,3,28000,5%,79800.0,61500,Website
ORD00621,2025/09/06,CUST1186,Monitor,Electronics,North,3,12000,0.2,28800.0,22800,website
ORD00622,03-13-2025,CUST1254,Monitor,Electronics,South,5,12000,0.2,48000.0,38000,APP
ORD00623,2025-03-04,CUST1089,Webcam,Accessories,East,6,3200,0.05,18240.0,11400,website
ORD00624,07-29-2025,CUST1279,Laptop,Electronics,South ,4,55000,0.2,176000.0,144000,App
ORD00625,2025-05-23,CUST1430,Tablet,Electronics,EAST,6,22000,0.1,118800.0,93000,Website
ORD00626,12-20-2025,CUST1415,Keyboard,Accessories,north,5,1500,0.15,6375.0,4250,App
ORD00627,15/08/2025,CUST1152,Webcam,Accessories,South,3,3200,10%,8640.0,5700,website
ORD00628,2025/11/20,CUST1241,Webcam,Accessories,EAST,1,3200,0.1,2880.0,1900,Marketplace
ORD00629,08-05-2025,CUST1232,Smartphone,Electronics,EAST,6,28000,0.1,151200.0,123000,Website
ORD00630,11-25-2025,CUST1160,Tablet,Electronics,North,6,22000,5%,125400.0,93000,App
ORD00631,2025/05/08,CUST1447,Smartphone,Electronics,East,5,28000,0.15,119000.0,102500,App
ORD00632,2025/12/18,CUST1448,Headphones,Accessories,EAST,3,2500,5%,7125.0,4050,APP
ORD00633,25/04/2025,CUST1025,Mouse,Accessories,West,1,800,0.15,680.0,420,APP
ORD00634,2025/05/14,CUST1395,Headphones,Accessories,West,2,2500,20%,4000.0,2700,website
ORD00635,02/03/2025,CUST1220,Mouse,Accessories,north,2,800,0.1,1440.0,840,App
ORD00636,05-25-2025,CUST1134,Mouse,Accessories,West,4,800,0.05,3040.0,1680,App
ORD00637,2025/07/09,CUST1351,Tablet,Electronics,West,1,22000,0,22000,15500,website
ORD00638,2025/11/02,CUST1181,Monitor,Electronics,South ,5,12000,0%,60000,38000,APP
ORD00639,2025/12/30,CUST1343,Laptop,Electronics,north,1,55000,0.1,49500.0,36000,Website
ORD00640,25/10/2025,CUST1045,Smartphone,Electronics,north,5,28000,0.15,119000.0,102500,website
ORD00641,03-14-2025,CUST1382,Headphones,Accessories,West,1,2500,0.05,2375.0,1350,Marketplace
ORD00642,2025/05/15,CUST1391,Keyboard,Accessories,north,5,1500,0.1,6750.0,4250,website
ORD00643,2025/01/28,CUST1223,Laptop,Electronics,West,2,55000,5%,104500.0,72000,Website
ORD00644,15/08/2025,CUST1063,Tablet,Electronics,South,4,22000,15%,74800.0,62000,Marketplace
ORD00645,2025-04-03,CUST1269,Keyboard,Accessories,South,5,1500,0.2,6000.0,4250,website
ORD00646,2025-02-09,CUST1201,Tablet,Electronics,North,6,22000,0,132000,93000,Marketplace
ORD00647,2025-03-20,CUST1168,Tablet,Electronics,South ,6,22000,0.15,112200.0,93000,APP
ORD00648,2025-08-20,CUST1380,Smartphone,Electronics,north,2,28000,0,56000,41000,website
ORD00649,17/02/2025,CUST1198,Smartphone,Electronics,East,2,28000,15%,47600.0,41000,App
ORD00650,03-03-2025,CUST1340,Webcam,Accessories,East,6,3200,0.1,17280.0,11400,APP
ORD00651,2025/04/13,CUST1415,Webcam,Accessories,South,4,3200,0.1,11520.0,7600,website
ORD00652,19/11/2025,CUST1253,Laptop,Electronics,South ,5,55000,0.1,247500.0,180000,APP
ORD00653,02-12-2025,CUST1430,Webcam,Accessories,West,1,3200,0.15,2720.0,1900,Marketplace
ORD00654,2025-10-19,CUST1237,Monitor,Electronics,north,1,12000,20%,9600.0,7600,Marketplace
ORD00655,01/07/2025,CUST1402,Monitor,Electronics,West,5,12000,0%,60000,38000,Website
ORD00656,2025/02/12,CUST1319,Keyboard,Accessories,East,3,1500,0.2,3600.0,2550,App
ORD00657,2025/04/19,CUST1059,Keyboard,accessories,South ,6,1500,0,9000,5100,website
ORD00658,2025/08/24,CUST1411,Tablet,Electronics,South,3,22000,0.2,52800.0,46500,App
ORD00659,08/01/2025,CUST1332,Laptop,Electronics,EAST,6,55000,0.05,313500.0,216000,APP
ORD00660,08/04/2025,CUST1378,Tablet,Electronics,West,2,22000,0.15,37400.0,31000,website
ORD00661,2025-01-11,CUST1170,Mouse,accessories,South ,2,800,0.1,1440.0,840,website
ORD00662,2025/08/01,CUST1118,Keyboard,Accessories,north,1,1500,0.15,1275.0,850,Website
ORD00663,08-05-2025,CUST1229,Monitor,Electronics,North,3,12000,0.15,30600.0,22800,App
ORD00664,05-28-2025,CUST1308,Tablet,Electronics,South ,3,22000,0.15,56100.0,46500,website
ORD00665,09/03/2025,CUST1318,Webcam,Accessories,South ,4,3200,0.1,11520.0,7600,Website
ORD00666,2025/12/08,CUST1252,Smartphone,Electronics,South,2,28000,0.05,53200.0,41000,APP
ORD00667,2025-01-25,CUST1413,Keyboard,Accessories,West,3,1500,0.05,4275.0,2550,Website
ORD00668,2025-11-13,CUST1394,Mouse,Accessories,East,4,800,0.1,2880.0,1680,App
ORD00669,2025/12/20,CUST1430,Monitor,Electronics,North,6,12000,0,72000,45600,APP
ORD00670,09/11/2025,CUST1185,Laptop,Electronics,East,5,55000,0,275000,180000,website
ORD00671,17/09/2025,CUST1224,Monitor,Electronics,EAST,2,12000,0.1,21600.0,15200,Website
ORD00672,2025/05/06,CUST1184,Keyboard,Accessories,South,5,1500,5%,7125.0,4250,App
ORD00673,2025/09/29,CUST1436,Mouse,Accessories,South ,2,800,0.15,1360.0,840,Marketplace
ORD00674,01-16-2025,CUST1205,Laptop,Electronics,South,6,55000,0.2,264000.0,216000,website
ORD00675,02-01-2025,CUST1214,Laptop,Electronics,South ,6,55000,0.05,313500.0,216000,APP
ORD00676,05/06/2025,CUST1358,Headphones,Accessories,South ,3,2500,0,7500,4050,App
ORD00677,2025/10/06,CUST1397,Tablet,Electronics,East,6,22000,0.1,118800.0,93000,Website
ORD00678,19/01/2025,CUST1047,Webcam,Accessories,East,6,3200,0.05,18240.0,11400,APP
ORD00679,06-24-2025,CUST1371,Laptop,Electronics,north,1,55000,0.2,44000.0,36000,Website
ORD00680,2025/01/31,CUST1152,Headphones,Accessories,North,1,2500,0,2500,1350,website
ORD00681,23/06/2025,CUST1365,Mouse,Accessories,South ,3,800,0.1,2160.0,1260,App
ORD00682,2025/02/23,CUST1041,Mouse,Accessories,West,3,800,15%,2040.0,1260,App
ORD00683,2025/09/01,CUST1446,Monitor,Electronics,West,3,12000,0.2,28800.0,22800,website
ORD00684,14/08/2025,CUST1248,Tablet,Electronics,South,6,22000,0.15,112200.0,93000,APP
ORD00685,09-28-2025,CUST1060,Mouse,Accessories,West,4,800,15%,2720.0,1680,Website
ORD00686,03-03-2025,CUST1155,Keyboard,Accessories,North,1,1500,0.2,1200.0,850,App
ORD00687,2025/03/14,CUST1001,Laptop,Electronics,East,3,55000,0.1,148500.0,108000,Website
ORD00688,2025/01/23,CUST1427,Keyboard,Accessories,north,5,1500,0.15,6375.0,4250,App
ORD00689,2025-03-12,CUST1409,Tablet,Electronics,north,4,22000,0.15,74800.0,62000,website
ORD00690,2025/07/18,CUST1376,Webcam,Accessories,North,3,3200,20%,7680.0,5700,App
ORD00691,2025-12-29,CUST1291,Keyboard,Accessories,EAST,5,1500,0,7500,4250,website
ORD00692,2025/09/15,CUST1043,Smartphone,Electronics,north,1,28000,0.1,25200.0,20500,Marketplace
ORD00693,07-25-2025,CUST1195,Tablet,Electronics,North,1,22000,0.1,19800.0,15500,Website
ORD00694,2025/10/05,CUST1347,Smartphone,Electronics,north,2,28000,0.1,50400.0,41000,Marketplace
ORD00695,04-03-2025,CUST1132,Laptop,Electronics,EAST,3,55000,15%,140250.0,108000,Website
ORD00696,2025-01-27,CUST1137,Mouse,Accessories,West,4,800,0.2,2560.0,1680,APP
ORD00697,2025-07-28,CUST1126,Laptop,Electronics,South ,4,55000,0.05,209000.0,144000,App
ORD00698,06-05-2025,CUST1276,Tablet,Electronics,EAST,1,22000,0.2,17600.0,15500,App
ORD00699,10-03-2025,CUST1334,Tablet,Electronics,North,1,22000,0,22000,15500,Website
ORD00700,04/09/2025,CUST1299,Keyboard,Accessories,East,6,1500,0.15,7650.0,5100,Website
ORD00701,24/03/2025,CUST1371,Monitor,Electronics,East,3,12000,0,36000,22800,website
ORD00702,2025/04/18,CUST1139,Headphones,Accessories,East,6,2500,0.1,13500.0,8100,Marketplace
ORD00703,2025-04-18,CUST1004,Headphones,Accessories,West,-2,2500,0.05,-4750.0,-2700,APP
ORD00704,2025-12-23,CUST1275,Webcam,Accessories,EAST,5,3200,0,16000,9500,website
ORD00705,2025-12-11,CUST1063,Webcam,Accessories,South,5,3200,0.1,14400.0,9500,website
ORD00706,01-05-2025,CUST1413,Laptop,Electronics,South,3,55000,0.1,148500.0,108000,website
ORD00707,2025/07/05,CUST1056,Tablet,Electronics,north,6,22000,0.2,105600.0,93000,APP
ORD00708,10/09/2025,CUST1033,Mouse,Accessories,South ,6,800,0.2,3840.0,2520,Website
ORD00709,03-07-2025,CUST1348,Mouse,Accessories,West,5,800,0.1,3600.0,2100,Website
ORD00710,2025-08-07,CUST1348,Laptop,Electronics,West,3,55000,0.15,140250.0,108000,Marketplace
ORD00711,09-22-2025,CUST1002,Mouse,Accessories,East,1,800,0.1,720.0,420,Website
ORD00712,20/10/2025,CUST1084,Mouse,Accessories,North,6,800,0.15,4080.0,2520,Website
ORD00713,2025/01/15,CUST1122,Laptop,Electronics,EAST,5,55000,0.1,247500.0,180000,Website
ORD00714,2025/06/20,CUST1296,Mouse,Accessories,North,1,800,0.2,640.0,420,Website
ORD00715,07-13-2025,CUST1312,Monitor,Electronics,North,2,12000,0,24000,15200,Website
ORD00716,2025/12/13,CUST1119,Laptop,Electronics,EAST,3,55000,0.15,140250.0,108000,APP
ORD00717,2025-01-06,CUST1232,Tablet,Electronics,north,4,22000,0.2,70400.0,62000,App
ORD00718,02-25-2025,CUST1181,Monitor,Electronics,South ,5,12000,0.05,57000.0,38000,APP
ORD00719,08-16-2025,CUST1159,Smartphone,Electronics,north,1,28000,0,28000,20500,App
ORD00720,17/03/2025,CUST1029,Headphones,Accessories,EAST,3,2500,0.1,6750.0,4050,APP
ORD00721,2025/01/28,CUST1355,Mouse,Accessories,West,2,800,0.05,1520.0,840,APP
ORD00722,2025/12/21,CUST1448,Headphones,Accessories,North,5,2500,0.1,11250.0,6750,website
ORD00723,2025/04/23,CUST1376,Mouse,Accessories,EAST,6,800,0.05,4560.0,2520,Marketplace
ORD00724,2025-07-12,CUST1072,Smartphone,Electronics,South,1,28000,10%,25200.0,20500,APP
ORD00725,04/07/2025,CUST1173,Mouse,Accessories,South,2,800,0.1,1440.0,840,App
ORD00726,2025-04-11,CUST1173,Keyboard,Accessories,East,1,1500,0,1500,850,website
ORD00727,2025/05/03,CUST1449,Headphones,Accessories,North,6,2500,0.05,14250.0,8100,App
ORD00728,08/03/2025,CUST1023,Webcam,Accessories,north,6,3200,0.1,17280.0,11400,App
ORD00729,02/10/2025,CUST1435,Smartphone,Electronics,north,3,28000,5%,79800.0,61500,website
ORD00730,04-18-2025,CUST1255,Tablet,Electronics,South,6,22000,20%,105600.0,93000,Marketplace
ORD00731,2025-12-31,CUST1106,Tablet,Electronics,South,6,22000,0.15,112200.0,93000,website
ORD00732,05-01-2025,CUST1130,Keyboard,Accessories,South,4,1500,0.15,5100.0,3400,Website
ORD00733,06-01-2025,CUST1218,Headphones,Accessories,West,2,2500,20%,4000.0,2700,website
ORD00734,2025-07-08,CUST1183,Keyboard,Accessories,East,4,1500,0,6000,3400,APP
ORD00735,2025-09-20,CUST1279,Monitor,Electronics,South,3,12000,5%,34200.0,22800,Marketplace
ORD00736,05-09-2025,CUST1004,Keyboard,Accessories,East,2,1500,0.2,2400.0,1700,Marketplace
ORD00737,2025/07/26,CUST1116,Laptop,Electronics,South ,4,55000,0.2,176000.0,144000,App
ORD00738,31/08/2025,CUST1219,Tablet,Electronics,South ,6,22000,0.15,112200.0,93000,website
ORD00739,2025-04-18,CUST1255,Laptop,Electronics,EAST,3,55000,0.05,156750.0,108000,Marketplace
ORD00740,06-23-2025,CUST1166,Webcam,Accessories,north,6,3200,0.15,16320.0,11400,Website
ORD00741,2025/03/13,CUST1096,Webcam,Accessories,East,4,3200,0.05,12160.0,7600,APP
ORD00742,2025-08-20,CUST1423,Keyboard,Accessories,West,1,1500,5%,1425.0,850,Website
ORD00743,2025-04-06,CUST1232,Webcam,Accessories,north,3,3200,0.05,9120.0,5700,Website
ORD00744,2025/03/29,CUST1244,Webcam,Accessories,West,4,3200,0.05,12160.0,7600,App
ORD00745,03-08-2025,CUST1300,Webcam,Accessories,South ,6,3200,0.15,16320.0,11400,website
ORD00746,22/05/2025,CUST1269,Smartphone,Electronics,north,4,28000,0,112000,82000,website
ORD00747,2025/08/24,CUST1177,Laptop,Electronics,South ,6,55000,0,330000,216000,Marketplace
ORD00748,2025/07/20,CUST1234,Smartphone,Electronics,South ,4,28000,0.05,106400.0,82000,App
ORD00749,12-24-2025,CUST1321,Webcam,Accessories,South ,6,3200,0,19200,11400,Website
ORD00750,12-24-2025,CUST1039,Mouse,Accessories,north,4,800,0.15,2720.0,1680,Marketplace
ORD00751,2025/07/29,CUST1195,Keyboard,Accessories,West,2,1500,20%,2400.0,1700,App
ORD00752,2025/07/23,CUST1236,Keyboard,Accessories,north,1,1500,0.05,1425.0,850,App
ORD00753,13/08/2025,CUST1150,Keyboard,Accessories,South ,2,1500,0.05,2850.0,1700,website
ORD00754,28/03/2025,CUST1365,Laptop,Electronics,South ,6,55000,0.1,297000.0,216000,APP
ORD00755,2025-04-21,CUST1199,Laptop,Electronics,West,6,55000,0.2,264000.0,216000,Website
ORD00756,2025-11-03,CUST1008,Webcam,Accessories,North,2,3200,0.05,6080.0,3800,Marketplace
ORD00757,09/04/2025,CUST1370,Monitor,Electronics,West,2,12000,0,24000,15200,APP
ORD00758,2025/02/25,CUST1061,Mouse,Accessories,North,5,800,0.05,3800.0,2100,Marketplace
ORD00759,15/06/2025,CUST1033,Webcam,Accessories,East,6,3200,10%,17280.0,11400,APP
ORD00760,2025-07-08,CUST1364,Mouse,Accessories,EAST,4,800,0.1,2880.0,1680,APP
ORD00761,29/03/2025,CUST1170,Headphones,Accessories,EAST,6,2500,0.15,12750.0,8100,Marketplace
ORD00762,08/12/2025,CUST1257,Headphones,Accessories,North,1,2500,0.2,2000.0,1350,App
ORD00763,2025-01-11,CUST1030,Monitor,Electronics,West,3,12000,0.05,34200.0,22800,Marketplace
ORD00764,2025/04/14,CUST1378,Mouse,Accessories,South,6,800,0,4800,2520,Marketplace
ORD00765,2025-06-12,CUST1117,Laptop,Electronics,East,5,55000,0.15,233750.0,180000,Marketplace
ORD00766,05/05/2025,CUST1311,Laptop,Electronics,north,6,55000,0.05,313500.0,216000,Marketplace
ORD00767,04/04/2025,CUST1104,Laptop,Electronics,South,1,55000,15%,46750.0,36000,APP
ORD00768,09/10/2025,CUST1217,Monitor,Electronics,South,4,12000,0.15,40800.0,30400,Marketplace
ORD00769,2025/05/27,CUST1193,Mouse,Accessories,West,3,800,15%,2040.0,1260,website
ORD00770,2025-09-16,CUST1388,Webcam,Accessories,East,2,3200,15%,5440.0,3800,APP
ORD00771,2025/10/03,CUST1287,Smartphone,Electronics,North,3,28000,0.15,71400.0,61500,Marketplace
ORD00772,03-11-2025,CUST1251,Mouse,Accessories,West,2,800,5%,1520.0,840,website
ORD00773,2025-07-11,CUST1197,Keyboard,Accessories,South,6,1500,20%,7200.0,5100,App
ORD00774,2025-08-12,CUST1333,Headphones,Accessories,West,5,2500,0.15,10625.0,6750,App
ORD00775,05-05-2025,CUST1309,Headphones,Accessories,South ,6,2500,0,15000,8100,App
ORD00776,2025/05/11,CUST1203,Smartphone,Electronics,North,1,28000,0,28000,20500,APP
ORD00777,2025/04/07,CUST1300,Webcam,Accessories,West,3,3200,0.1,8640.0,5700,Website
ORD00778,2025/02/25,CUST1357,Headphones,Accessories,South,2,2500,0.1,4500.0,2700,website
ORD00779,01/01/2025,CUST1090,Webcam,Accessories,South ,5,3200,0.15,13600.0,9500,App
ORD00780,2025-04-12,CUST1383,Monitor,Electronics,EAST,4,12000,0.2,38400.0,30400,App
ORD00781,2025-05-13,CUST1141,Monitor,Electronics,North,6,12000,5%,68400.0,45600,APP
ORD00782,2025-05-01,CUST1049,Monitor,Electronics,EAST,1,12000,0,12000,7600,Website
ORD00783,07-12-2025,CUST1189,Keyboard,Accessories,East,4,1500,0.15,5100.0,3400,Marketplace
ORD00784,05-03-2025,CUST1412,Webcam,Accessories,West,4,3200,20%,10240.0,7600,website
ORD00785,13/03/2025,CUST1188,Monitor,Electronics,South ,5,12000,0.1,54000.0,38000,website
ORD00786,2025-09-21,CUST1413,Mouse,Accessories,South ,1,800,10%,720.0,420,website
ORD00787,2025/04/30,CUST1337,Webcam,Accessories,North,6,3200,0.2,15360.0,11400,website
ORD00788,2025-05-31,CUST1065,Smartphone,Electronics,North,5,28000,0.2,112000.0,102500,Marketplace
ORD00789,11/12/2025,CUST1124,Tablet,Electronics,EAST,2,22000,0.15,37400.0,31000,Website
ORD00790,24/02/2025,CUST1368,Laptop,Electronics,West,2,55000,0.1,99000.0,72000,Website
ORD00791,2025-12-07,CUST1329,Tablet,Electronics,South ,1,22000,0.1,19800.0,15500,website
ORD00792,2025-12-01,CUST1045,Webcam,Accessories,north,2,3200,0.05,6080.0,3800,App
ORD00793,01/03/2025,CUST1433,Smartphone,Electronics,West,-1,28000,0.15,-23800.0,-20500,Marketplace
ORD00794,2025-07-06,CUST1275,Smartphone,Electronics,East,5,28000,0.2,112000.0,102500,App
ORD00795,2025-06-01,CUST1306,Tablet,Electronics,north,2,22000,0.2,35200.0,31000,Website
ORD00796,2025/05/21,CUST1030,Tablet,Electronics,East,6,22000,0.05,125400.0,93000,App
ORD00797,2025/04/18,CUST1372,Mouse,Accessories,EAST,6,800,0,4800,2520,App
ORD00798,2025/01/12,CUST1036,Headphones,Accessories,East,4,2500,0.15,8500.0,5400,Marketplace
ORD00799,2025-12-23,CUST1435,Webcam,Accessories,East,1,3200,0.05,3040.0,1900,website
ORD00800,02/12/2025,CUST1411,Smartphone,Electronics,South ,4,28000,0.15,95200.0,82000,Website
ORD00801,05/07/2025,CUST1028,Monitor,Electronics,West,6,12000,0.05,68400.0,45600,App
ORD00802,2025/01/27,CUST1125,Headphones,Accessories,South,5,2500,0.15,10625.0,6750,website
ORD00803,2025-09-08,CUST1398,Smartphone,Electronics,EAST,6,28000,0.15,142800.0,123000,website
ORD00804,2025/05/21,CUST1328,Tablet,Electronics,north,3,22000,0,66000,46500,App
ORD00805,2025/01/12,CUST1330,Tablet,Electronics,East,3,22000,0,66000,46500,APP
ORD00806,2025-03-06,CUST1201,Monitor,Electronics,north,6,12000,0.2,57600.0,45600,APP
ORD00807,08/09/2025,CUST1002,Monitor,Electronics,EAST,2,12000,0,24000,15200,Marketplace
ORD00808,2025-03-04,CUST1043,Mouse,Accessories,north,6,800,5%,4560.0,2520,Marketplace
ORD00809,07-06-2025,CUST1337,Webcam,Accessories,South,6,3200,0,19200,11400,APP
ORD00810,2025-09-09,CUST1121,Headphones,Accessories,South,5,2500,0.2,10000.0,6750,Marketplace
ORD00811,2025/04/21,CUST1038,Mouse,Accessories,East,5,800,0.1,3600.0,2100,website
ORD00812,29/11/2025,CUST1274,Tablet,,South ,1,22000,0.1,19800.0,15500,Marketplace
ORD00813,21/11/2025,CUST1214,Mouse,Accessories,East,6,800,0.1,4320.0,2520,website
ORD00814,2025/07/14,CUST1033,Mouse,Accessories,North,1,800,0.1,720.0,420,Marketplace
ORD00815,20/06/2025,CUST1193,Mouse,Accessories,EAST,3,800,0%,2400,1260,Website
ORD00816,03-31-2025,CUST1282,Keyboard,Accessories,North,5,1500,15%,6375.0,4250,Website
ORD00817,2025/03/29,CUST1244,Webcam,Accessories,East,2,3200,0.1,5760.0,3800,Website
ORD00818,12-18-2025,CUST1027,Smartphone,Electronics,South ,6,28000,0.05,159600.0,123000,Marketplace
ORD00819,2025/12/29,CUST1257,Webcam,Accessories,West,6,3200,0.15,16320.0,11400,APP
ORD00820,2025-04-28,CUST1039,Monitor,Electronics,North,3,12000,0.15,30600.0,22800,App
ORD00821,22/10/2025,CUST1245,Keyboard,Accessories,South ,-2,1500,0.15,-2550.0,-1700,APP
ORD00822,2025/12/24,CUST1359,Laptop,Electronics,East,5,55000,0.05,261250.0,180000,App
ORD00823,05/12/2025,CUST1089,Laptop,Electronics,EAST,5,55000,0.15,233750.0,180000,App
ORD00824,09-21-2025,CUST1347,Webcam,Accessories,north,4,3200,0.15,10880.0,7600,Website
ORD00825,2025/05/29,CUST1111,Keyboard,Accessories,South ,3,1500,5%,4275.0,2550,APP
ORD00826,01-19-2025,CUST1181,Tablet,Electronics,East,1,22000,10%,19800.0,15500,App
ORD00827,25/07/2025,CUST1210,Monitor,Electronics,West,4,12000,0.15,40800.0,30400,Website
ORD00828,21/03/2025,CUST1274,Mouse,Accessories,North,4,800,0.15,2720.0,1680,website
ORD00829,03/12/2025,CUST1056,Smartphone,Electronics,North,3,28000,15%,71400.0,61500,App
ORD00830,07-22-2025,CUST1060,Headphones,Accessories,north,1,2500,0.05,2375.0,1350,website
ORD00831,2025/12/16,CUST1067,Headphones,Accessories,North,4,2500,0.2,8000.0,5400,Website
ORD00832,2025/03/06,CUST1305,Laptop,Electronics,West,6,55000,5%,313500.0,216000,website
ORD00833,29/05/2025,CUST1127,Monitor,Electronics,North,4,12000,0.05,45600.0,30400,Marketplace
ORD00834,25/12/2025,CUST1096,Webcam,Accessories,north,2,3200,0.15,5440.0,3800,App
ORD00835,2025/04/28,CUST1009,Webcam,Accessories,North,1,3200,0.1,2880.0,1900,Website
ORD00836,2025-07-14,CUST1261,Keyboard,Accessories,North,6,1500,0.05,8550.0,5100,Marketplace
ORD00837,26/02/2025,CUST1020,Keyboard,accessories,South ,3,1500,0.15,3825.0,2550,Marketplace
ORD00838,2025/04/19,CUST1186,Keyboard,Accessories,North,5,1500,0,7500,4250,Website
ORD00839,12-09-2025,CUST1121,Smartphone,Electronics,South,3,28000,0.1,75600.0,61500,APP
ORD00840,16/07/2025,CUST1098,Monitor,Electronics,North,2,12000,0.2,19200.0,15200,Website
ORD00841,07/10/2025,CUST1022,Keyboard,Accessories,West,6,1500,0.15,7650.0,5100,APP
ORD00842,2025/12/31,CUST1034,Headphones,Accessories,north,3,2500,0.15,6375.0,4050,APP
ORD00843,2025-01-12,CUST1406,Keyboard,Accessories,South,6,1500,0.05,8550.0,5100,website
ORD00844,2025/09/11,CUST1205,Monitor,Electronics,South,2,12000,0.15,20400.0,15200,App
ORD00845,2025/01/02,CUST1257,Mouse,Accessories,north,5,800,0,4000,2100,Marketplace
ORD00846,05/06/2025,CUST1149,Keyboard,Accessories,South,5,1500,0,7500,4250,Marketplace
ORD00847,2025-03-10,CUST1000,Laptop,Electronics,South ,6,55000,0.05,313500.0,216000,APP
ORD00848,07-08-2025,CUST1029,Keyboard,Accessories,North,6,1500,0.05,8550.0,5100,Marketplace
ORD00849,2025-04-23,CUST1369,Smartphone,Electronics,West,3,28000,0,84000,61500,Marketplace
ORD00850,2025/11/17,CUST1079,Mouse,Accessories,South ,4,800,0.05,3040.0,1680,website
ORD00851,08/07/2025,CUST1096,Tablet,Electronics,South ,1,22000,0.15,18700.0,15500,App
ORD00852,28/11/2025,CUST1035,Keyboard,Accessories,West,2,1500,0.05,2850.0,1700,App
ORD00853,2025-08-21,CUST1308,Monitor,Electronics,West,6,12000,0.2,57600.0,45600,Website
ORD00854,2025-02-26,CUST1405,Laptop,Electronics,EAST,2,55000,0.05,104500.0,72000,Website
ORD00855,2025/10/05,CUST1417,Headphones,Accessories,East,6,2500,0,15000,8100,website
ORD00856,2025-03-21,CUST1278,Keyboard,Accessories,north,6,1500,0.2,7200.0,5100,website
ORD00857,03-14-2025,CUST1115,Mouse,Accessories,South ,1,800,0.05,760.0,420,website
ORD00858,12-18-2025,CUST1182,Monitor,Electronics,East,4,12000,0.05,45600.0,30400,Website
ORD00859,04/07/2025,CUST1347,Laptop,Electronics,South ,5,55000,0.05,261250.0,180000,Marketplace
ORD00860,2025-11-16,CUST1403,Monitor,electronics,South,3,12000,0.15,30600.0,22800,App
ORD00861,2025/06/13,CUST1372,Tablet,Electronics,North,6,22000,0.15,112200.0,93000,Marketplace
ORD00862,2025/03/07,CUST1308,Webcam,Accessories,East,3,3200,0.1,8640.0,5700,App
ORD00863,01/12/2025,CUST1196,Webcam,Accessories,South ,5,3200,0.15,13600.0,9500,website
ORD00864,09-27-2025,CUST1285,Mouse,Accessories,South,-1,800,0,-800,-420,Website
ORD00865,2025/01/31,CUST1124,Smartphone,Electronics,South,3,28000,0.15,71400.0,61500,Website
ORD00866,2025-03-12,CUST1359,Smartphone,Electronics,north,4,28000,0,112000,82000,Website
ORD00867,2025-09-02,CUST1006,Smartphone,Electronics,EAST,1,28000,0.05,26600.0,20500,website
ORD00868,2025/03/18,CUST1369,Smartphone,Electronics,EAST,6,28000,0.2,134400.0,123000,Website
ORD00869,27/05/2025,CUST1005,Laptop,Electronics,West,6,55000,0,330000,216000,website
ORD00870,11/10/2025,CUST1139,Keyboard,Accessories,north,5,1500,0.2,6000.0,4250,website
ORD00871,2025-03-06,CUST1418,Webcam,Accessories,West,5,3200,0,16000,9500,Marketplace
ORD00872,01/12/2025,CUST1138,Webcam,Accessories,North,2,3200,0,6400,3800,Marketplace
ORD00873,2025-11-05,CUST1387,Mouse,Accessories,South,3,800,0.05,2280.0,1260,APP
ORD00874,2025-04-14,CUST1288,Laptop,Electronics,West,2,55000,10%,99000.0,72000,Website
ORD00875,25/01/2025,CUST1161,Keyboard,Accessories,South ,1,1500,0.1,1350.0,850,Marketplace
ORD00876,08/03/2025,CUST1012,Monitor,Electronics,West,3,12000,0.15,30600.0,22800,website
ORD00877,28/10/2025,CUST1110,Smartphone,Electronics,South ,2,28000,15%,47600.0,41000,App
ORD00878,2025/03/24,CUST1020,Headphones,Accessories,EAST,4,2500,0.05,9500.0,5400,website
ORD00879,2025-05-03,CUST1073,Monitor,Electronics,East,2,12000,0.2,19200.0,15200,APP
ORD00880,02-14-2025,CUST1295,Tablet,Electronics,North,3,22000,0.05,62700.0,46500,Website
ORD00881,2025/04/02,CUST1332,Tablet,Electronics,North,3,22000,0.15,56100.0,46500,APP
ORD00882,07/09/2025,CUST1225,Keyboard,Accessories,EAST,4,1500,0.15,5100.0,3400,APP
ORD00883,2025-06-10,CUST1317,Webcam,Accessories,North,5,3200,0.15,13600.0,9500,App
ORD00884,2025-12-25,CUST1114,Smartphone,Electronics,West,1,28000,0.1,25200.0,20500,Website
ORD00885,2025/06/28,CUST1393,Tablet,Electronics,West,1,22000,0,22000,15500,Marketplace
ORD00886,03/02/2025,CUST1240,Tablet,Electronics,South,2,22000,15%,37400.0,31000,Marketplace
ORD00887,18/10/2025,CUST1027,Webcam,Accessories,North,1,3200,0.1,2880.0,1900,website
ORD00888,05-19-2025,CUST1447,Smartphone,Electronics,EAST,1,28000,5%,26600.0,20500,website
ORD00889,09-26-2025,CUST1385,Keyboard,Accessories,South,2,1500,0%,3000,1700,Marketplace
ORD00890,2025/08/03,CUST1421,Smartphone,electronics,EAST,6,28000,0.15,142800.0,123000,APP
ORD00891,12/04/2025,CUST1255,Smartphone,Electronics,North,3,28000,10%,75600.0,61500,website
ORD00892,2025-05-15,CUST1018,Laptop,Electronics,South,4,55000,0.05,209000.0,144000,website
ORD00893,23/12/2025,CUST1347,Smartphone,Electronics,North,5,28000,0.15,119000.0,102500,Marketplace
ORD00894,2025/07/06,CUST1211,Keyboard,Accessories,East,5,1500,0,7500,4250,APP
ORD00895,07/08/2025,CUST1277,Headphones,Accessories,East,1,2500,0.05,2375.0,1350,website
ORD00896,2025/11/21,CUST1053,Monitor,Electronics,EAST,1,12000,0%,12000,7600,APP
ORD00897,2025/10/06,CUST1108,Tablet,Electronics,West,5,22000,0.2,88000.0,77500,APP
ORD00898,2025/07/15,CUST1420,Tablet,Electronics,EAST,1,22000,0.1,19800.0,15500,website
ORD00899,01-04-2025,CUST1429,Mouse,Accessories,West,5,800,0.1,3600.0,2100,App
ORD00900,01-03-2025,CUST1171,Laptop,Electronics,north,1,55000,0.05,52250.0,36000,website
ORD00901,2025/05/04,CUST1065,Mouse,Accessories,West,5,800,0.15,3400.0,2100,App
ORD00902,2025-07-26,CUST1323,Smartphone,Electronics,West,4,28000,5%,106400.0,82000,Marketplace
ORD00903,2025-10-11,CUST1316,Mouse,Accessories,North,-1,800,0%,-800,-420,APP
ORD00904,15/07/2025,CUST1152,Smartphone,Electronics,EAST,4,28000,0.1,100800.0,82000,App
ORD00905,2025-07-13,CUST1056,Laptop,Electronics,north,3,55000,0,165000,108000,Website
ORD00906,24/02/2025,CUST1200,Keyboard,Accessories,EAST,2,1500,0%,3000,1700,Website
ORD00907,2025/07/31,CUST1413,Monitor,Electronics,East,2,12000,0.15,20400.0,15200,Website
ORD00908,2025-04-02,CUST1081,Laptop,Electronics,East,1,55000,0.1,49500.0,36000,Website
ORD00909,04-09-2025,CUST1058,Laptop,Electronics,North,5,55000,0.2,220000.0,180000,Marketplace
ORD00910,03-12-2025,CUST1362,Smartphone,Electronics,East,3,28000,0.1,75600.0,61500,website
ORD00911,09-11-2025,CUST1201,Webcam,Accessories,EAST,2,3200,0.1,5760.0,3800,APP
ORD00912,06-09-2025,CUST1417,Mouse,Accessories,North,6,800,0.15,4080.0,2520,APP
ORD00913,07-16-2025,CUST1300,Headphones,Accessories,north,3,2500,0,7500,4050,APP
ORD00914,30/06/2025,CUST1037,Monitor,Electronics,East,2,12000,0.1,21600.0,15200,Marketplace
ORD00915,03-16-2025,CUST1119,Laptop,Electronics,West,3,55000,0,165000,108000,Marketplace
ORD00916,2025-11-05,CUST1293,Mouse,Accessories,West,1,800,0.2,640.0,420,website
ORD00917,2025/06/12,CUST1061,Mouse,Accessories,South,1,800,0.15,680.0,420,APP
ORD00918,2025-06-17,CUST1236,Mouse,Accessories,EAST,5,800,0,4000,2100,website
ORD00919,2025/01/19,CUST1370,Laptop,Electronics,East,3,55000,0%,165000,108000,Marketplace
ORD00920,2025/07/24,CUST1252,Headphones,Accessories,North,4,2500,20%,8000.0,5400,Marketplace
ORD00921,2025/11/13,CUST1115,Mouse,Accessories,South,1,800,0,800,420,Marketplace
ORD00922,2025-10-03,CUST1135,Laptop,Electronics,north,3,55000,0%,165000,108000,website
ORD00923,19/05/2025,CUST1385,Smartphone,Electronics,EAST,5,28000,15%,119000.0,102500,website
ORD00924,2025/11/23,CUST1143,Monitor,Electronics,South ,5,12000,0.2,48000.0,38000,website
ORD00925,26/04/2025,CUST1337,Keyboard,Accessories,EAST,6,1500,0,9000,5100,App
ORD00926,2025/12/22,CUST1096,Tablet,Electronics,East,1,22000,5%,20900.0,15500,App
ORD00927,2025-10-30,CUST1066,Headphones,Accessories,East,3,2500,0.15,6375.0,4050,website
ORD00928,08-20-2025,CUST1445,Mouse,Accessories,North,4,800,5%,3040.0,1680,App
ORD00929,2025-08-25,CUST1243,Monitor,Electronics,West,2,12000,0,24000,15200,Marketplace
ORD00930,2025/05/16,CUST1260,Monitor,Electronics,West,3,12000,0.15,30600.0,22800,Marketplace
ORD00931,09/07/2025,CUST1304,Webcam,Accessories,north,6,3200,0.15,16320.0,11400,website
ORD00932,2025-09-23,CUST1018,Laptop,Electronics,South,6,55000,0.05,313500.0,216000,Website
ORD00933,09-30-2025,CUST1253,Mouse,Accessories,EAST,5,800,0.15,3400.0,2100,App
ORD00934,2025/06/27,CUST1378,Keyboard,Accessories,South ,6,1500,0%,9000,5100,App
ORD00935,2025-03-29,CUST1341,Monitor,Electronics,East,2,12000,0.05,22800.0,15200,Website
ORD00936,2025-04-01,CUST1250,Monitor,Electronics,West,2,12000,0,24000,15200,Website
ORD00937,2025-01-24,CUST1051,Keyboard,Accessories,South ,2,1500,0.2,2400.0,1700,Marketplace
ORD00938,2025/08/20,CUST1006,Headphones,Accessories,East,5,2500,0.1,11250.0,6750,Marketplace
ORD00939,2025-09-23,CUST1075,Tablet,Electronics,EAST,1,22000,0.1,19800.0,15500,App
ORD00940,2025/12/04,CUST1184,Tablet,Electronics,North,1,22000,0.05,20900.0,15500,App
ORD00941,13/07/2025,CUST1135,Keyboard,Accessories,East,6,1500,0.2,7200.0,5100,Marketplace
ORD00942,07-20-2025,CUST1427,Keyboard,Accessories,West,3,1500,5%,4275.0,2550,website
ORD00943,18/10/2025,CUST1267,Monitor,Electronics,north,1,12000,0.15,10200.0,7600,APP
ORD00944,2025-12-07,CUST1111,Tablet,Electronics,north,3,22000,0,66000,46500,Website
ORD00945,28/01/2025,CUST1179,Laptop,Electronics,EAST,-2,55000,0.1,-99000.0,-72000,APP
ORD00946,2025/12/07,CUST1299,Monitor,Electronics,East,6,12000,0.1,64800.0,45600,App
ORD00947,2025-01-17,CUST1133,Headphones,Accessories,north,2,2500,0.15,4250.0,2700,Marketplace
ORD00948,30/03/2025,CUST1213,Headphones,Accessories,East,5,2500,0.05,11875.0,6750,Marketplace
ORD00949,2025/02/13,CUST1049,Tablet,Electronics,West,5,22000,0.05,104500.0,77500,Marketplace
ORD00950,2025/09/15,CUST1236,Headphones,Accessories,north,4,2500,0.1,9000.0,5400,Website
ORD00951,08-04-2025,CUST1065,Smartphone,Electronics,north,5,28000,0.1,126000.0,102500,Marketplace
ORD00952,2025/01/28,CUST1429,Webcam,Accessories,North,6,3200,0,19200,11400,Marketplace
ORD00953,2025-11-29,CUST1062,Monitor,Electronics,South ,3,12000,0.2,28800.0,22800,APP
ORD00954,28/01/2025,CUST1154,Smartphone,Electronics,South ,5,28000,0.15,119000.0,102500,Website
ORD00955,2025-09-06,CUST1266,Mouse,Accessories,South,1,800,0%,800,420,Website
ORD00956,2025/08/31,CUST1094,Tablet,Electronics,EAST,4,22000,0,88000,62000,APP
ORD00957,2025-05-14,CUST1094,Tablet,Electronics,South ,6,22000,0.2,105600.0,93000,App
ORD00958,2025/03/29,CUST1188,Mouse,Accessories,West,4,800,0.15,2720.0,1680,website
ORD00959,2025/12/24,CUST1005,Webcam,Accessories,North,4,3200,5%,12160.0,7600,APP
ORD00960,2025-08-16,CUST1081,Headphones,Accessories,EAST,2,2500,0.15,4250.0,2700,APP
ORD00961,04-18-2025,CUST1235,Webcam,Accessories,EAST,5,3200,0,16000,9500,App
ORD00962,23/05/2025,CUST1294,Webcam,Accessories,north,1,3200,0.15,2720.0,1900,APP
ORD00963,2025/05/13,CUST1034,Headphones,Accessories,EAST,5,2500,0.2,10000.0,6750,App
ORD00964,29/04/2025,CUST1053,Monitor,Electronics,South,4,12000,0.15,40800.0,30400,website
ORD00965,08-04-2025,CUST1310,Keyboard,Accessories,North,1,1500,0,1500,850,App
ORD00966,14/06/2025,CUST1100,Tablet,Electronics,West,4,22000,0.05,83600.0,62000,Marketplace
ORD00967,2025-04-26,CUST1322,Smartphone,Electronics,North,4,28000,0.2,89600.0,82000,App
ORD00968,01-18-2025,CUST1094,Laptop,Electronics,South ,3,55000,0.15,140250.0,108000,APP
ORD00969,12/09/2025,CUST1410,Mouse,Accessories,West,5,800,0.15,3400.0,2100,website
ORD00970,2025-02-06,CUST1307,Smartphone,Electronics,North,5,28000,10%,126000.0,102500,App
ORD00971,29/05/2025,CUST1436,Headphones,Accessories,north,1,2500,0.05,2375.0,1350,APP
ORD00972,06-09-2025,CUST1334,Laptop,Electronics,East,5,55000,0,275000,180000,website
ORD00973,2025-05-14,CUST1120,Laptop,Electronics,EAST,2,55000,0.05,104500.0,72000,APP
ORD00974,2025-11-09,CUST1282,Laptop,Electronics,South,3,55000,0,165000,108000,Marketplace
ORD00975,01-22-2025,CUST1400,Tablet,Electronics,South,5,22000,0.05,104500.0,77500,Website
ORD00976,2025-01-29,CUST1282,Mouse,Accessories,West,5,800,0.2,3200.0,2100,website
ORD00977,12-23-2025,CUST1180,Webcam,Accessories,West,5,3200,5%,15200.0,9500,Website
ORD00978,2025-05-02,CUST1410,Laptop,electronics,South ,2,55000,0.15,93500.0,72000,App
ORD00979,30/01/2025,CUST1149,Smartphone,Electronics,West,4,28000,0.05,106400.0,82000,website
ORD00980,12-03-2025,CUST1439,Monitor,Electronics,South ,1,12000,0.1,10800.0,7600,Marketplace
ORD00981,2025-07-07,CUST1027,Mouse,Accessories,West,5,800,0.1,3600.0,2100,APP
ORD00982,06/09/2025,CUST1062,Mouse,Accessories,EAST,2,800,0.2,1280.0,840,App
ORD00983,2025-01-19,CUST1138,Tablet,Electronics,West,6,22000,0.15,112200.0,93000,Marketplace
ORD00984,2025-02-13,CUST1114,Webcam,Accessories,South,4,3200,0,12800,7600,website
ORD00985,09-30-2025,CUST1424,Keyboard,Accessories,EAST,1,1500,0.2,1200.0,850,APP
ORD00986,04-21-2025,CUST1439,Webcam,Accessories,north,4,3200,0,12800,7600,website
ORD00987,06/08/2025,CUST1067,Keyboard,Accessories,East,2,1500,0.15,2550.0,1700,Marketplace
ORD00988,02-13-2025,CUST1137,Keyboard,Accessories,EAST,3,1500,0.2,3600.0,2550,APP
ORD00989,2025-01-07,CUST1238,Headphones,Accessories,East,3,2500,0.05,7125.0,4050,website
ORD00990,11-23-2025,CUST1032,Webcam,Accessories,East,1,3200,0.2,2560.0,1900,Marketplace
ORD00991,2025-05-13,CUST1119,Mouse,Accessories,North,6,800,0.05,4560.0,2520,App
ORD00992,2025-12-17,CUST1365,Tablet,Electronics,East,5,22000,10%,99000.0,77500,Website
ORD00993,2025/12/14,CUST1057,Laptop,Electronics,South,5,55000,0.05,261250.0,180000,App
ORD00994,06-16-2025,CUST1310,Webcam,Accessories,East,1,3200,0.15,2720.0,1900,website
ORD00995,30/11/2025,CUST1302,Keyboard,Accessories,north,5,1500,0,7500,4250,App
ORD00996,10/06/2025,CUST1195,Headphones,Accessories,South ,2,2500,0.15,4250.0,2700,Website
ORD00997,2025-02-09,CUST1310,Webcam,Accessories,north,5,3200,0,16000,9500,APP
ORD00998,08-14-2025,CUST1118,Mouse,Accessories,South ,5,800,0.1,3600.0,2100,Website
ORD00999,12-21-2025,CUST1334,Webcam,Accessories,South,3,3200,0,9600,5700,website
ORD01000,03/08/2025,CUST1310,Smartphone,Electronics,East,5,28000,0.05,133000.0,102500,Marketplace
ORD01001,10/06/2025,CUST1092,Webcam,Accessories,North,4,3200,0.2,10240.0,7600,App
ORD01002,2025/03/03,CUST1012,Tablet,Electronics,North,6,22000,0,132000,93000,App
ORD01003,21/09/2025,CUST1364,Webcam,Accessories,East,4,3200,0.1,11520.0,7600,Marketplace
ORD01004,2025/10/30,CUST1209,Monitor,Electronics,South ,6,12000,0%,72000,45600,website
ORD01005,2025-05-29,CUST1077,Smartphone,Electronics,north,6,28000,0.05,159600.0,123000,APP
ORD01006,07-09-2025,CUST1395,Tablet,Electronics,East,4,22000,0.1,79200.0,62000,website
ORD01007,24/06/2025,CUST1021,Webcam,Accessories,South ,3,3200,0.1,8640.0,5700,App
ORD01008,08-09-2025,CUST1249,Headphones,Accessories,South,1,2500,0.1,2250.0,1350,Marketplace
ORD01009,13/05/2025,CUST1014,Monitor,Electronics,North,2,12000,0.1,21600.0,15200,APP
ORD01010,2025/10/03,CUST1374,Tablet,Electronics,South,1,22000,0.1,19800.0,15500,website
ORD01011,01/06/2025,CUST1142,Monitor,Electronics,North,4,12000,0.15,40800.0,30400,Marketplace
ORD01012,02-10-2025,CUST1232,Mouse,Accessories,north,6,800,0,4800,2520,Website
ORD01013,12-28-2025,CUST1097,Laptop,Electronics,South ,4,55000,0,220000,144000,Website
ORD01014,21/11/2025,CUST1135,Mouse,Accessories,West,2,800,0.2,1280.0,840,App
ORD01015,12/09/2025,CUST1001,Mouse,Accessories,West,6,800,0,4800,2520,APP
ORD01016,09/11/2025,CUST1326,Smartphone,Electronics,north,1,28000,0.15,23800.0,20500,App
ORD01017,06-03-2025,CUST1278,Keyboard,Accessories,North,6,1500,0.15,7650.0,5100,App
ORD01018,2025/02/27,CUST1163,Tablet,Electronics,East,3,22000,0.05,62700.0,46500,website
ORD01019,12-27-2025,CUST1137,Tablet,Electronics,EAST,4,22000,0.2,70400.0,62000,website
ORD01020,2025/02/01,CUST1204,Headphones,Accessories,North,3,2500,0.1,6750.0,4050,Marketplace
ORD01021,06/09/2025,CUST1274,Headphones,Accessories,South ,6,2500,0,15000,8100,Website
ORD01022,2025/11/11,CUST1046,Smartphone,Electronics,East,5,28000,20%,112000.0,102500,Marketplace
ORD01023,11/10/2025,CUST1429,Laptop,Electronics,EAST,5,55000,0.05,261250.0,180000,App
ORD01024,2025-05-29,CUST1018,Headphones,Accessories,EAST,3,2500,0.15,6375.0,4050,APP
ORD01025,22/02/2025,CUST1017,Tablet,Electronics,North,1,22000,0.05,20900.0,15500,website
ORD01026,2025/12/02,CUST1010,Keyboard,accessories,EAST,1,1500,0%,1500,850,APP
ORD01027,2025/11/06,CUST1262,Webcam,Accessories,East,2,3200,0.2,5120.0,3800,Marketplace
ORD01028,2025-08-23,CUST1113,Keyboard,Accessories,north,6,1500,0.2,7200.0,5100,Marketplace
ORD01029,09-05-2025,CUST1390,Mouse,Accessories,North,4,800,0,3200,1680,website
ORD01030,04-25-2025,CUST1170,Webcam,Accessories,South ,2,3200,0.15,5440.0,3800,Website
ORD01031,2025/02/18,CUST1267,Mouse,Accessories,north,4,800,0.2,2560.0,1680,App
ORD01032,2025/01/31,CUST1446,Webcam,accessories,South ,3,3200,0.1,8640.0,5700,App
ORD01033,2025-10-15,CUST1053,Tablet,Electronics,North,3,22000,0.05,62700.0,46500,website
ORD01034,2025-03-07,CUST1217,Monitor,Electronics,South ,2,12000,0.05,22800.0,15200,APP
ORD01035,09-07-2025,CUST1368,Webcam,Accessories,South ,4,3200,0,12800,7600,Marketplace
ORD01036,25/09/2025,CUST1411,Headphones,Accessories,South ,5,2500,0.05,11875.0,6750,Marketplace
ORD01037,23/09/2025,CUST1084,Tablet,Electronics,EAST,4,22000,0.05,83600.0,62000,website
ORD01038,01-06-2025,CUST1359,Smartphone,Electronics,South ,2,28000,15%,47600.0,41000,Website
ORD01039,10-03-2025,CUST1325,Monitor,Electronics,South,1,12000,0.2,9600.0,7600,Marketplace
ORD01040,11-18-2025,CUST1188,Mouse,Accessories,West,3,800,0.1,2160.0,1260,Marketplace
ORD01041,10-15-2025,CUST1091,Mouse,Accessories,North,1,800,0.2,640.0,420,App
ORD01042,09-25-2025,CUST1413,Webcam,Accessories,north,3,3200,0.2,7680.0,5700,website
ORD01043,18/04/2025,CUST1084,Mouse,Accessories,North,2,800,0,1600,840,Marketplace
ORD01044,2025-02-09,CUST1123,Tablet,Electronics,West,4,22000,0.15,74800.0,62000,website
ORD01045,28/12/2025,CUST1085,Keyboard,Accessories,EAST,5,1500,0.1,6750.0,4250,Marketplace
ORD01046,2025-12-31,CUST1285,Webcam,Accessories,South ,5,3200,0.15,13600.0,9500,Marketplace
ORD01047,02/04/2025,CUST1195,Headphones,Accessories,South ,4,2500,0.1,9000.0,5400,Website
ORD01048,04-11-2025,CUST1129,Mouse,Accessories,North,1,800,0.2,640.0,420,APP
ORD01049,05-20-2025,CUST1140,Keyboard,Accessories,north,6,1500,0.15,7650.0,5100,Website
ORD01050,2025-08-30,CUST1019,Tablet,Electronics,north,4,22000,0.05,83600.0,62000,App
ORD01051,2025/12/28,CUST1326,Smartphone,Electronics,East,1,28000,0.15,23800.0,20500,Website
ORD01052,10-06-2025,CUST1363,Mouse,Accessories,north,6,800,0.2,3840.0,2520,Marketplace
ORD01053,22/09/2025,CUST1373,Webcam,Accessories,South,4,3200,0%,12800,7600,website
ORD01054,2025-01-23,CUST1159,Mouse,Accessories,East,6,800,0.2,3840.0,2520,Website
ORD01055,24/06/2025,CUST1373,Monitor,Electronics,East,5,12000,15%,51000.0,38000,APP
ORD01056,17/11/2025,CUST1157,Smartphone,Electronics,South ,1,28000,0.05,26600.0,20500,App
ORD01057,03-09-2025,CUST1211,Webcam,Accessories,South,6,3200,0.1,17280.0,11400,Marketplace
ORD01058,04-13-2025,CUST1178,Keyboard,Accessories,north,6,1500,0.15,7650.0,5100,website
ORD01059,20/11/2025,CUST1359,Smartphone,Electronics,South ,1,28000,0.2,22400.0,20500,Marketplace
ORD01060,2025/04/17,CUST1133,Keyboard,Accessories,North,1,1500,0.2,1200.0,850,APP
ORD01061,2025/12/04,CUST1337,Tablet,Electronics,North,2,22000,0.15,37400.0,31000,Marketplace
ORD01062,2025-12-26,CUST1095,Headphones,Accessories,East,1,2500,0.05,2375.0,1350,App
ORD01063,2025/08/28,CUST1374,Laptop,Electronics,EAST,4,55000,0.2,176000.0,144000,App
ORD01064,10/05/2025,CUST1390,Headphones,Accessories,north,4,2500,0.15,8500.0,5400,Website
ORD01065,04/08/2025,CUST1153,Keyboard,Accessories,South ,5,1500,0.15,6375.0,4250,APP
ORD01066,2025-04-12,CUST1158,Smartphone,Electronics,South,2,28000,0.1,50400.0,41000,Marketplace
ORD01067,08-23-2025,CUST1041,Tablet,Electronics,EAST,1,22000,0.05,20900.0,15500,App
ORD01068,2025/08/12,CUST1081,Mouse,Accessories,West,2,800,0.2,1280.0,840,APP
ORD01069,2025-12-18,CUST1198,Mouse,Accessories,EAST,4,800,0.15,2720.0,1680,App
ORD01070,07-24-2025,CUST1250,Keyboard,Accessories,north,6,1500,0.15,7650.0,5100,Website
ORD01071,2025/04/24,CUST1039,Mouse,Accessories,South,3,800,0.1,2160.0,1260,website
ORD01072,2025/04/07,CUST1077,Keyboard,Accessories,West,4,1500,0,6000,3400,website
ORD01073,2025/01/18,CUST1412,Smartphone,Electronics,South ,2,28000,0.15,47600.0,41000,Website
ORD01074,2025/12/02,CUST1005,Laptop,Electronics,South ,2,55000,0.1,99000.0,72000,website
ORD01075,2025/08/05,CUST1257,Webcam,Accessories,West,3,3200,0,9600,5700,Marketplace
ORD01076,2025-10-01,CUST1076,Smartphone,electronics,South ,4,28000,0.2,89600.0,82000,APP
ORD01077,2025/05/13,CUST1235,Tablet,Electronics,north,4,22000,0,88000,62000,Marketplace
ORD01078,2025/05/10,CUST1008,Keyboard,Accessories,East,1,1500,0.2,1200.0,850,Website
ORD01079,2025-11-02,CUST1064,Laptop,Electronics,South ,5,55000,0.15,233750.0,180000,website
ORD01080,2025/08/09,CUST1020,Tablet,Electronics,East,6,22000,0.2,105600.0,93000,Website
ORD01081,03-17-2025,CUST1216,Monitor,Electronics,South,4,12000,0.2,38400.0,30400,Marketplace
ORD01082,12-01-2025,CUST1315,Monitor,Electronics,EAST,4,12000,0,48000,30400,App
ORD01083,22/12/2025,CUST1141,Tablet,Electronics,North,2,22000,0.15,37400.0,31000,APP
ORD01084,2025/07/24,CUST1336,Keyboard,Accessories,East,3,1500,0,4500,2550,website
ORD01085,2025-11-03,CUST1313,Monitor,Electronics,South ,2,12000,5%,22800.0,15200,APP
ORD01086,08-24-2025,CUST1174,Headphones,Accessories,EAST,5,2500,0.15,10625.0,6750,website
ORD01087,03-19-2025,CUST1206,Tablet,Electronics,EAST,2,22000,0.2,35200.0,31000,APP
ORD01088,02-10-2025,CUST1149,Headphones,Accessories,West,1,2500,0.05,2375.0,1350,website
ORD01089,2025-01-16,CUST1384,Smartphone,Electronics,north,5,28000,0.1,126000.0,102500,website
ORD01090,2025/05/01,CUST1111,Smartphone,Electronics,North,4,28000,0.2,89600.0,82000,APP
ORD01091,29/05/2025,CUST1214,Smartphone,Electronics,East,6,28000,0.15,142800.0,123000,Marketplace
ORD01092,2025/07/05,CUST1253,Headphones,Accessories,East,5,2500,0.2,10000.0,6750,website
ORD01093,22/03/2025,CUST1349,Keyboard,Accessories,West,1,1500,0.2,1200.0,850,APP
ORD01094,2025-12-01,CUST1306,Webcam,Accessories,West,2,3200,0,6400,3800,Website
ORD01095,2025-06-16,CUST1380,Smartphone,Electronics,EAST,5,28000,0.15,119000.0,102500,website
ORD01096,10/10/2025,CUST1241,Mouse,Accessories,South,2,800,0.15,1360.0,840,Marketplace
ORD01097,2025/03/09,CUST1123,Laptop,Electronics,West,2,55000,0.2,88000.0,72000,APP
ORD01098,2025-11-25,CUST1383,Headphones,Accessories,South ,2,2500,0.05,4750.0,2700,website
ORD01099,2025-09-24,CUST1366,Webcam,Accessories,South ,1,3200,0.15,2720.0,1900,APP
ORD01100,2025-01-13,CUST1186,Laptop,Electronics,north,3,55000,0.15,140250.0,108000,website
ORD01101,08/08/2025,CUST1187,Smartphone,Electronics,East,3,28000,0.2,67200.0,61500,App
ORD01102,2025/05/05,CUST1385,Keyboard,Accessories,East,1,1500,0.1,1350.0,850,Marketplace
ORD01103,01/06/2025,CUST1075,Headphones,Accessories,North,4,2500,0.1,9000.0,5400,App
ORD01104,2025/07/09,CUST1344,Keyboard,Accessories,South ,3,1500,0.05,4275.0,2550,App
ORD01105,03-17-2025,CUST1075,Webcam,Accessories,East,3,3200,5%,9120.0,5700,Marketplace
ORD01106,18/09/2025,CUST1300,Webcam,Accessories,East,4,3200,0.2,10240.0,7600,APP
ORD01107,2025/07/11,CUST1194,Tablet,electronics,North,6,22000,0.05,125400.0,93000,Marketplace
ORD01108,2025-04-26,CUST1332,Mouse,Accessories,West,2,800,0.1,1440.0,840,website
ORD01109,10-19-2025,CUST1340,Laptop,Electronics,South ,6,55000,0.2,264000.0,216000,Website
ORD01110,2025-06-18,CUST1408,Keyboard,Accessories,north,5,1500,0.2,6000.0,4250,APP
ORD01111,07/05/2025,CUST1020,Smartphone,Electronics,East,6,28000,0.05,159600.0,123000,APP
ORD01112,05-23-2025,CUST1031,Mouse,Accessories,South,6,800,0,4800,2520,APP
ORD01113,25/10/2025,CUST1244,Monitor,Electronics,North,5,12000,0,60000,38000,website
ORD01114,2025-04-12,CUST1368,Mouse,Accessories,EAST,-2,800,0.15,-1360.0,-840,App
ORD01115,2025/10/29,CUST1323,Tablet,Electronics,north,1,22000,0.1,19800.0,15500,website
ORD01116,09-21-2025,CUST1320,Keyboard,Accessories,EAST,3,1500,0.2,3600.0,2550,App
ORD01117,09-07-2025,CUST1048,Tablet,Electronics,West,4,22000,0.05,83600.0,62000,Marketplace
ORD01118,11-23-2025,CUST1163,Smartphone,Electronics,West,2,28000,0,56000,41000,Website
ORD01119,2025/12/17,CUST1402,Mouse,Accessories,South,5,800,0.05,3800.0,2100,APP
ORD01120,12-06-2025,CUST1117,Tablet,Electronics,West,6,22000,0.2,105600.0,93000,Marketplace
ORD01121,07-09-2025,CUST1217,Headphones,Accessories,EAST,6,2500,0.1,13500.0,8100,website
ORD01122,2025-01-03,CUST1419,Webcam,Accessories,South,3,3200,0.05,9120.0,5700,Marketplace
ORD01123,31/05/2025,CUST1408,Headphones,Accessories,north,4,2500,0.15,8500.0,5400,website
ORD01124,2025/05/21,CUST1023,Mouse,Accessories,West,2,800,0.1,1440.0,840,website
ORD01125,05-08-2025,CUST1224,Webcam,Accessories,North,1,3200,0%,3200,1900,website
ORD01126,03-10-2025,CUST1293,Headphones,Accessories,North,6,2500,0.15,12750.0,8100,website
ORD01127,06/05/2025,CUST1395,Keyboard,Accessories,EAST,5,1500,0.2,6000.0,4250,Marketplace
ORD01128,07-04-2025,CUST1101,Mouse,Accessories,South ,2,800,0.1,1440.0,840,Marketplace
ORD01129,2025/05/11,CUST1408,Laptop,Electronics,north,2,55000,0,110000,72000,Website
ORD01130,2025/09/20,CUST1144,Webcam,Accessories,South ,1,3200,0.2,2560.0,1900,Website
ORD01131,2025-02-08,CUST1293,Monitor,Electronics,north,5,12000,0.05,57000.0,38000,App
ORD01132,07/02/2025,CUST1333,Keyboard,Accessories,South,4,1500,0.15,5100.0,3400,APP
ORD01133,2025-06-23,CUST1004,Webcam,Accessories,West,-2,3200,0.15,-5440.0,-3800,App
ORD01134,05-13-2025,CUST1366,Headphones,Accessories,South,5,2500,0.15,10625.0,6750,App
ORD01135,2025-03-17,CUST1399,Smartphone,Electronics,East,1,28000,0,28000,20500,Website
ORD01136,06-17-2025,CUST1119,Mouse,Accessories,South,6,800,0.05,4560.0,2520,Marketplace
ORD01137,14/01/2025,CUST1194,Tablet,Electronics,West,1,22000,15%,18700.0,15500,website
ORD01138,2025-04-12,CUST1083,Webcam,Accessories,North,5,3200,0%,16000,9500,website
ORD01139,11-06-2025,CUST1244,Headphones,Accessories,North,4,2500,0.05,9500.0,5400,website
ORD01140,2025-01-09,CUST1222,Webcam,Accessories,South ,4,3200,0,12800,7600,Marketplace
ORD01141,04-28-2025,CUST1023,Webcam,Accessories,South,4,3200,0,12800,7600,App
ORD01142,17/10/2025,CUST1443,Smartphone,Electronics,East,2,28000,0.15,47600.0,41000,Marketplace
ORD01143,13/11/2025,CUST1379,Smartphone,Electronics,South ,4,28000,0.05,106400.0,82000,App
ORD01144,07-06-2025,CUST1430,Smartphone,Electronics,East,1,28000,0.15,23800.0,20500,Website
ORD01145,2025/01/14,CUST1390,Tablet,Electronics,north,1,22000,0.05,20900.0,15500,App
ORD01146,2025/03/22,CUST1237,Headphones,Accessories,EAST,2,2500,0,5000,2700,APP
ORD01147,14/08/2025,CUST1165,Laptop,Electronics,East,3,55000,0.15,140250.0,108000,APP
ORD01148,09/12/2025,CUST1412,Tablet,Electronics,South,4,22000,0.2,70400.0,62000,Website
ORD01149,02-18-2025,CUST1168,Keyboard,Accessories,West,5,1500,0,7500,4250,APP
ORD01150,2025-09-24,CUST1382,Keyboard,Accessories,West,2,1500,0.1,2700.0,1700,Website
ORD01151,2025/04/12,CUST1165,Smartphone,electronics,West,6,28000,0,168000,123000,website
ORD01152,2025/06/26,CUST1060,Webcam,Accessories,South ,4,3200,0.05,12160.0,7600,APP
ORD01153,2025/06/22,CUST1339,Smartphone,Electronics,EAST,3,28000,0.1,75600.0,61500,Marketplace
ORD01154,23/09/2025,CUST1234,Headphones,Accessories,North,4,2500,0,10000,5400,APP
ORD01155,2025-12-31,CUST1443,Headphones,Accessories,South,3,2500,0.15,6375.0,4050,website
ORD01156,19/09/2025,CUST1288,Mouse,Accessories,north,1,800,0.05,760.0,420,Website
ORD01157,30/09/2025,CUST1325,Mouse,Accessories,north,6,800,0.2,3840.0,2520,App
ORD01158,2025/03/19,CUST1151,Webcam,Accessories,north,2,3200,10%,5760.0,3800,website
ORD01159,09-01-2025,CUST1106,Smartphone,Electronics,north,6,28000,10%,151200.0,123000,APP
ORD01160,04/02/2025,CUST1200,Webcam,Accessories,South ,2,3200,0.05,6080.0,3800,website
ORD01161,20/07/2025,CUST1205,Mouse,Accessories,South ,3,800,0,2400,1260,APP
ORD01162,12-11-2025,CUST1268,Tablet,Electronics,South ,-1,22000,0.1,-19800.0,-15500,APP
ORD01163,30/08/2025,CUST1036,Tablet,Electronics,EAST,3,22000,0,66000,46500,Marketplace
ORD01164,2025/05/20,CUST1388,Keyboard,Accessories,north,1,1500,0.15,1275.0,850,Website
ORD01165,2025/02/15,CUST1029,Headphones,Accessories,EAST,2,2500,0.15,4250.0,2700,Marketplace
ORD01166,2025-05-22,CUST1365,Headphones,Accessories,South,4,2500,0.1,9000.0,5400,APP
ORD01167,2025/09/11,CUST1287,Webcam,Accessories,north,6,3200,10%,17280.0,11400,website
ORD01168,2025-11-07,CUST1294,Webcam,Accessories,EAST,1,3200,20%,2560.0,1900,App
ORD01169,2025/07/04,CUST1293,Webcam,Accessories,North,4,3200,0,12800,7600,website
ORD01170,11-18-2025,CUST1050,Webcam,Accessories,West,6,3200,0,19200,11400,Website
ORD01171,08-22-2025,CUST1234,Headphones,Accessories,South ,3,2500,0.05,7125.0,4050,Marketplace
ORD01172,24/03/2025,CUST1432,Headphones,Accessories,North,6,2500,0.15,12750.0,8100,Marketplace
ORD01173,2025/06/30,CUST1160,Mouse,Accessories,South ,3,800,10%,2160.0,1260,App
ORD01174,15/07/2025,CUST1086,Tablet,Electronics,North,3,22000,0.1,59400.0,46500,App
ORD01175,2025-10-25,CUST1101,Keyboard,Accessories,South ,5,1500,0.2,6000.0,4250,APP
ORD01176,2025/12/06,CUST1053,Keyboard,Accessories,South ,2,1500,0.1,2700.0,1700,Marketplace
ORD01177,11/11/2025,CUST1341,Headphones,Accessories,North,2,2500,0.15,4250.0,2700,website
ORD01178,2025-04-25,CUST1151,Mouse,Accessories,North,2,800,0.15,1360.0,840,APP
ORD01179,2025/09/05,CUST1382,Mouse,Accessories,EAST,4,800,0.05,3040.0,1680,Marketplace
ORD01180,15/05/2025,CUST1164,Headphones,Accessories,South ,2,2500,0.1,4500.0,2700,App
ORD01181,03/10/2025,CUST1368,Monitor,Electronics,South ,5,12000,0.15,51000.0,38000,APP
ORD01182,2025-04-25,CUST1087,Laptop,electronics,West,4,55000,0.2,176000.0,144000,APP
ORD01183,11-29-2025,CUST1291,Headphones,Accessories,South ,4,2500,5%,9500.0,5400,Website
ORD01184,11-03-2025,CUST1169,Smartphone,Electronics,EAST,4,28000,0.05,106400.0,82000,APP
ORD01185,2025-07-28,CUST1396,Headphones,Accessories,north,1,2500,20%,2000.0,1350,Website
ORD01186,29/09/2025,CUST1427,Smartphone,Electronics,South ,6,28000,0.05,159600.0,123000,website
ORD01187,2025/03/03,CUST1195,Monitor,Electronics,South,4,12000,0.2,38400.0,30400,Marketplace
ORD01188,04/04/2025,CUST1133,Headphones,Accessories,South,2,2500,0.15,4250.0,2700,Marketplace
ORD01189,2025-11-28,CUST1285,Headphones,Accessories,East,4,2500,0,10000,5400,Website
ORD01190,03-28-2025,CUST1439,Laptop,Electronics,South,1,55000,0.1,49500.0,36000,App
ORD01191,22/11/2025,CUST1307,Smartphone,Electronics,South,5,28000,0.05,133000.0,102500,website
ORD01192,2025-12-28,CUST1413,Smartphone,Electronics,East,4,28000,0,112000,82000,Website
ORD01193,06-28-2025,CUST1232,Smartphone,Electronics,north,1,28000,0.15,23800.0,20500,website
ORD01194,2025/08/18,CUST1096,Monitor,Electronics,North,3,12000,0.05,34200.0,22800,Marketplace
ORD01195,2025/01/31,CUST1387,Monitor,Electronics,South,5,12000,0,60000,38000,Marketplace
ORD01196,2025/06/14,CUST1012,Mouse,Accessories,East,3,800,0.15,2040.0,1260,APP
ORD01197,2025-09-05,CUST1096,Keyboard,Accessories,East,4,1500,0.1,5400.0,3400,APP
ORD01198,10-20-2025,CUST1197,Headphones,Accessories,north,6,2500,0,15000,8100,Website
ORD01199,17/12/2025,CUST1050,Smartphone,Electronics,South,5,28000,0.1,126000.0,102500,App
ORD01200,2025-12-31,CUST1195,Mouse,Accessories,South ,4,800,0.05,3040.0,1680,Website
ORD01201,29/05/2025,CUST1190,Mouse,Accessories,West,6,800,0.1,4320.0,2520,Website
ORD01202,03-21-2025,CUST1104,Mouse,Accessories,South ,5,800,0.1,3600.0,2100,Marketplace
ORD01203,2025/07/29,CUST1129,Webcam,Accessories,South ,4,3200,0.15,10880.0,7600,website
ORD01204,22/01/2025,CUST1405,Tablet,Electronics,South,2,22000,5%,41800.0,31000,APP
ORD01205,06-17-2025,CUST1055,Keyboard,Accessories,West,6,1500,0.15,7650.0,5100,App
ORD01206,2025/02/14,CUST1055,Tablet,Electronics,North,2,22000,0.05,41800.0,31000,website
ORD01207,05/04/2025,CUST1226,Monitor,Electronics,North,2,12000,0.15,20400.0,15200,APP
ORD01208,04-07-2025,CUST1089,Headphones,Accessories,South,1,2500,20%,2000.0,1350,Website
ORD01209,07-20-2025,CUST1336,Keyboard,Accessories,North,5,1500,0,7500,4250,website
ORD01210,2025-02-05,CUST1057,Keyboard,Accessories,West,5,1500,0.05,7125.0,4250,APP
ORD01211,2025-10-01,CUST1350,Smartphone,Electronics,West,6,28000,0.1,151200.0,123000,Website
ORD01212,2025-10-16,CUST1288,Webcam,Accessories,North,5,3200,0,16000,9500,website
ORD01213,20/10/2025,CUST1349,Keyboard,Accessories,East,6,1500,0.2,7200.0,5100,Marketplace
ORD01214,11-22-2025,CUST1326,Smartphone,Electronics,West,4,28000,0.2,89600.0,82000,Marketplace
ORD01215,24/03/2025,CUST1205,Laptop,Electronics,South ,4,55000,0.1,198000.0,144000,Marketplace
ORD01216,04-17-2025,CUST1172,Webcam,Accessories,West,4,3200,0.15,10880.0,7600,App
ORD01217,09-29-2025,CUST1237,Mouse,Accessories,EAST,6,800,0.05,4560.0,2520,website
ORD01218,2025/07/11,CUST1153,Mouse,Accessories,EAST,4,800,0.05,3040.0,1680,APP
ORD01219,2025/07/31,CUST1092,Mouse,Accessories,North,3,800,0.2,1920.0,1260,App
ORD01220,17/07/2025,CUST1077,Smartphone,Electronics,West,3,28000,0.2,67200.0,61500,App
ORD01221,2025-03-08,CUST1441,Laptop,Electronics,East,6,55000,0,330000,216000,Website
ORD01222,06-10-2025,CUST1298,Smartphone,Electronics,West,2,28000,0.1,50400.0,41000,website
ORD01223,23/06/2025,CUST1083,Keyboard,Accessories,north,3,1500,0,,2550,APP
ORD01224,2025-07-29,CUST1339,Tablet,Electronics,West,6,22000,0.1,118800.0,93000,Website
ORD01225,01-21-2025,CUST1225,Webcam,Accessories,South,4,3200,0.15,10880.0,7600,website
ORD01226,11/01/2025,CUST1319,Headphones,Accessories,West,3,2500,0,7500,4050,App
ORD01227,2025/02/26,CUST1008,Headphones,Accessories,north,3,2500,0,7500,4050,website
ORD01228,2025-03-28,CUST1250,Keyboard,Accessories,South,2,1500,0.2,2400.0,1700,Website
ORD01229,11-29-2025,CUST1383,Keyboard,Accessories,South ,3,1500,0.15,3825.0,2550,website
ORD01230,12-04-2025,CUST1194,Laptop,Electronics,West,2,55000,20%,88000.0,72000,website
ORD01231,2025/07/18,CUST1208,Keyboard,Accessories,South,6,1500,0.15,7650.0,5100,Marketplace
ORD01232,2025-05-14,CUST1412,Tablet,Electronics,East,3,22000,10%,59400.0,46500,APP
ORD01233,28/02/2025,CUST1292,Smartphone,Electronics,EAST,1,28000,5%,26600.0,20500,Website
ORD01234,08/02/2025,CUST1298,Laptop,Electronics,EAST,6,55000,0.1,297000.0,216000,website
ORD01235,2025-11-20,CUST1095,Monitor,Electronics,North,5,12000,0%,60000,38000,Website
ORD01236,10/08/2025,CUST1243,Mouse,Accessories,South ,1,800,0,800,420,website
ORD01237,06/11/2025,CUST1259,Tablet,electronics,South,3,22000,0.2,52800.0,46500,App
ORD01238,15/05/2025,CUST1434,Mouse,Accessories,South,6,800,0,4800,2520,App
ORD01239,2025/07/22,CUST1128,Keyboard,Accessories,South ,5,1500,0.15,6375.0,4250,App
ORD01240,09-29-2025,CUST1375,Keyboard,Accessories,EAST,3,1500,5%,4275.0,2550,website
ORD01241,02-10-2025,CUST1357,Tablet,Electronics,South ,1,22000,0,22000,15500,Website
ORD01242,2025/10/19,CUST1153,Headphones,Accessories,East,4,2500,0.1,9000.0,5400,APP
ORD01243,04-08-2025,CUST1407,Smartphone,Electronics,West,1,28000,0.1,25200.0,20500,website
ORD01244,26/08/2025,CUST1403,Smartphone,Electronics,EAST,6,28000,0.15,142800.0,123000,App
ORD01245,24/07/2025,CUST1048,Webcam,accessories,West,6,3200,0.05,18240.0,11400,App
ORD01246,05-19-2025,CUST1116,Laptop,Electronics,north,4,55000,0.15,187000.0,144000,website
ORD01247,08-10-2025,CUST1361,Smartphone,Electronics,East,4,28000,0,112000,82000,App
ORD01248,01/05/2025,CUST1173,Mouse,Accessories,South ,4,800,15%,2720.0,1680,APP
ORD01249,08/08/2025,CUST1189,Smartphone,Electronics,West,5,28000,0.1,126000.0,102500,Website
ORD01250,01-10-2025,CUST1324,Webcam,Accessories,West,2,3200,0.05,6080.0,3800,Marketplace
ORD01251,12/10/2025,CUST1362,Headphones,Accessories,South,6,2500,0.05,14250.0,8100,App
ORD01252,08/09/2025,CUST1319,Laptop,Electronics,north,3,55000,0.2,132000.0,108000,website
ORD01253,08-25-2025,CUST1364,Keyboard,Accessories,EAST,1,1500,0.15,1275.0,850,Website
ORD01254,31/08/2025,CUST1401,Laptop,Electronics,East,3,55000,0.1,148500.0,108000,website
ORD01255,2025-06-10,CUST1151,Mouse,Accessories,South ,6,800,0.05,4560.0,2520,App
ORD01256,09-26-2025,CUST1133,Mouse,Accessories,East,4,800,0.15,2720.0,1680,Website
ORD01257,15/01/2025,CUST1228,Webcam,Accessories,north,1,3200,0.1,2880.0,1900,App
ORD01258,2025/11/01,CUST1145,Headphones,Accessories,South,1,2500,0.1,2250.0,1350,Marketplace
ORD01259,2025/01/09,CUST1281,Headphones,Accessories,West,5,2500,0.15,10625.0,6750,Marketplace
ORD01260,2025-07-22,CUST1261,Laptop,Electronics,South ,6,55000,0.1,297000.0,216000,App
ORD01261,12/09/2025,CUST1047,Monitor,Electronics,East,2,12000,5%,22800.0,15200,Marketplace
ORD01262,2025/02/11,CUST1355,Monitor,Electronics,EAST,4,12000,0.15,40800.0,30400,Website
ORD01263,2025-04-17,CUST1026,Monitor,Electronics,South ,3,12000,0.05,34200.0,22800,App
ORD01264,09-03-2025,CUST1165,Mouse,Accessories,South ,2,800,0.05,1520.0,840,website
ORD01265,2025-01-10,CUST1020,Keyboard,Accessories,North,4,1500,0,6000,3400,App
ORD01266,28/04/2025,CUST1203,Laptop,Electronics,north,3,55000,0,165000,108000,Website
ORD01267,18/11/2025,CUST1386,Keyboard,Accessories,East,3,1500,0.2,3600.0,2550,App
ORD01268,2025/06/17,CUST1104,Monitor,Electronics,North,6,12000,0.1,64800.0,45600,website
ORD01269,24/02/2025,CUST1303,Mouse,Accessories,East,2,800,0.2,1280.0,840,website
ORD01270,2025-01-28,CUST1110,Mouse,Accessories,EAST,5,800,0.1,3600.0,2100,Marketplace
ORD01271,16/04/2025,CUST1251,Webcam,Accessories,north,6,3200,0.1,17280.0,11400,Marketplace
ORD01272,12-08-2025,CUST1000,Monitor,Electronics,West,1,12000,0,12000,7600,APP
ORD01273,03-23-2025,CUST1038,Headphones,Accessories,South ,2,2500,0.05,4750.0,2700,Website
ORD01274,02/06/2025,CUST1061,Monitor,Electronics,South ,3,12000,0.05,34200.0,22800,Website
ORD01275,09-01-2025,CUST1138,Monitor,electronics,north,1,12000,0.05,11400.0,7600,website
ORD01276,2025-02-02,CUST1254,Smartphone,Electronics,West,2,28000,0,56000,41000,website
ORD01277,03-31-2025,CUST1368,Laptop,Electronics,EAST,6,55000,0,330000,216000,Marketplace
ORD01278,2025-01-13,CUST1447,Mouse,Accessories,EAST,2,800,0.15,1360.0,840,website
ORD01279,10-14-2025,CUST1233,Mouse,Accessories,north,6,800,0,4800,2520,App
ORD01280,07-11-2025,CUST1208,Headphones,Accessories,West,6,2500,0.2,12000.0,8100,Marketplace
ORD01281,2025/08/28,CUST1044,Keyboard,Accessories,South,2,1500,0.15,2550.0,1700,Marketplace
ORD01282,03/07/2025,CUST1306,Tablet,Electronics,South ,5,22000,0.05,104500.0,77500,App
ORD01283,2025-10-21,CUST1256,Mouse,Accessories,north,6,800,15%,4080.0,2520,Website
ORD01284,2025/10/22,CUST1059,Smartphone,Electronics,EAST,6,28000,0.05,159600.0,123000,Marketplace
ORD01285,2025-10-08,CUST1115,Webcam,Accessories,West,2,3200,0.2,5120.0,3800,App
ORD01286,12-22-2025,CUST1123,Laptop,Electronics,East,5,55000,0,275000,180000,App
ORD01287,05/10/2025,CUST1423,Mouse,Accessories,North,1,800,0%,800,420,Website
ORD01288,05-10-2025,CUST1198,Webcam,Accessories,East,3,3200,15%,8160.0,5700,website
ORD01289,2025-11-14,CUST1255,Tablet,Electronics,North,6,22000,0.2,105600.0,93000,Marketplace
ORD01290,12-25-2025,CUST1350,Webcam,Accessories,North,5,3200,0,16000,9500,website
ORD01291,2025-01-20,CUST1232,Monitor,Electronics,East,4,12000,0.1,43200.0,30400,App
ORD01292,06/11/2025,CUST1314,Headphones,Accessories,North,3,2500,0.2,6000.0,4050,App
ORD01293,10-31-2025,CUST1356,Laptop,Electronics,EAST,5,55000,15%,233750.0,180000,APP
ORD01294,2025/12/01,CUST1150,Keyboard,Accessories,North,5,1500,0,7500,4250,Marketplace
ORD01295,2025/11/04,CUST1248,Monitor,Electronics,West,6,12000,0.05,68400.0,45600,App
ORD01296,2025/07/12,CUST1117,Smartphone,Electronics,EAST,2,28000,0.1,50400.0,41000,Website
ORD01297,02-21-2025,CUST1406,Smartphone,Electronics,North,6,28000,0.2,134400.0,123000,APP
ORD01298,2025/12/22,CUST1034,Monitor,Electronics,East,4,12000,15%,40800.0,30400,Marketplace
ORD01299,01/09/2025,CUST1340,Mouse,Accessories,South ,2,800,0%,1600,840,APP
ORD01300,2025-07-11,CUST1118,Tablet,Electronics,East,1,22000,0.05,20900.0,15500,App
ORD01301,12-26-2025,CUST1299,Headphones,Accessories,East,1,2500,0.2,2000.0,1350,App
ORD01302,13/06/2025,CUST1050,Tablet,Electronics,north,2,22000,0.05,41800.0,31000,APP
ORD01303,2025-02-06,CUST1289,Smartphone,Electronics,South ,5,28000,0.05,133000.0,102500,website
ORD01304,11-17-2025,CUST1399,Keyboard,Accessories,South,4,1500,0,6000,3400,Marketplace
ORD01305,2025/07/20,CUST1330,Mouse,Accessories,South ,6,800,0.05,4560.0,2520,App
ORD01306,2025-05-04,CUST1287,Keyboard,Accessories,EAST,4,1500,0,6000,3400,App
ORD01307,11-25-2025,CUST1155,Keyboard,Accessories,north,4,1500,0.1,5400.0,3400,Marketplace
ORD01308,07/06/2025,CUST1240,Tablet,Electronics,South ,4,22000,0.2,70400.0,62000,website
ORD01309,25/06/2025,CUST1160,Monitor,Electronics,East,3,12000,0.1,32400.0,22800,App
ORD01310,10-17-2025,CUST1306,Keyboard,Accessories,South ,2,1500,0.1,2700.0,1700,App
ORD01311,10/11/2025,CUST1408,Keyboard,Accessories,north,2,1500,0.1,2700.0,1700,App
ORD01312,03-02-2025,CUST1093,Keyboard,Accessories,EAST,6,1500,0.05,8550.0,5100,website
ORD01313,07-11-2025,CUST1074,Tablet,Electronics,North,6,22000,0.1,118800.0,93000,Marketplace
ORD01314,2025/03/05,CUST1232,Webcam,Accessories,north,1,3200,0,3200,1900,APP
ORD01315,2025/05/22,CUST1304,Webcam,Accessories,West,2,3200,10%,5760.0,3800,website
ORD01316,2025-06-10,CUST1433,Smartphone,Electronics,North,1,28000,0.1,25200.0,20500,APP
ORD01317,2025-10-02,CUST1005,Monitor,Electronics,north,6,12000,0.15,61200.0,45600,Marketplace
ORD01318,05-26-2025,CUST1430,Mouse,Accessories,North,2,800,0.2,1280.0,840,APP
ORD01319,27/10/2025,CUST1046,Mouse,Accessories,north,2,800,0.15,1360.0,840,Marketplace
ORD01320,06/09/2025,CUST1112,Mouse,Accessories,North,4,800,0.05,3040.0,1680,App
ORD01321,2025/12/10,CUST1364,Webcam,Accessories,South,4,3200,0.05,12160.0,7600,website
ORD01322,11-11-2025,CUST1164,Keyboard,accessories,north,2,1500,0.15,2550.0,1700,APP
ORD01323,2025/07/18,CUST1086,Mouse,Accessories,South,3,800,0.05,2280.0,1260,App
ORD01324,2025/06/10,CUST1012,Keyboard,Accessories,north,2,1500,0.1,2700.0,1700,App
ORD01325,2025/11/27,CUST1010,Tablet,Electronics,South ,6,22000,0,132000,93000,website
ORD01326,08-06-2025,CUST1245,Keyboard,Accessories,South,3,1500,0.05,4275.0,2550,APP
ORD01327,2025-11-27,CUST1362,Mouse,Accessories,North,1,800,0.15,680.0,420,APP
ORD01328,12-23-2025,CUST1072,Keyboard,Accessories,East,1,1500,0.2,1200.0,850,App
ORD01329,2025-04-28,CUST1293,Smartphone,Electronics,EAST,5,28000,0,140000,102500,App
ORD01330,2025-05-28,CUST1034,Webcam,Accessories,East,2,3200,5%,6080.0,3800,App
ORD01331,01/10/2025,CUST1125,Tablet,Electronics,East,5,22000,0.1,99000.0,77500,App
ORD01332,20/05/2025,CUST1024,Laptop,Electronics,EAST,5,55000,0.2,220000.0,180000,App
ORD01333,2025-05-04,CUST1365,Headphones,Accessories,South ,5,2500,0.1,11250.0,6750,APP
ORD01334,2025/01/22,CUST1281,Smartphone,Electronics,West,1,28000,0.1,25200.0,20500,APP
ORD01335,08-27-2025,CUST1268,Headphones,Accessories,South,5,2500,0.2,10000.0,6750,APP
ORD01336,09-13-2025,CUST1059,Laptop,Electronics,West,2,55000,0,110000,72000,website
ORD01337,2025/07/12,CUST1396,Laptop,Electronics,South,3,55000,0.15,140250.0,108000,website
ORD01338,2025/10/30,CUST1129,Keyboard,Accessories,West,4,1500,0.05,5700.0,3400,website
ORD01339,2025-07-10,CUST1151,Smartphone,Electronics,East,4,28000,0,112000,82000,website
ORD01340,2025/07/17,CUST1020,Webcam,Accessories,EAST,1,3200,0.2,2560.0,1900,website
ORD01341,04/02/2025,CUST1381,Mouse,Accessories,East,3,800,0.2,1920.0,1260,Website
ORD01342,2025/01/13,CUST1177,Headphones,Accessories,East,1,2500,0.15,2125.0,1350,Marketplace
ORD01343,2025-01-27,CUST1078,Monitor,Electronics,West,4,12000,0.15,40800.0,30400,Marketplace
ORD01344,2025/12/05,CUST1141,Keyboard,Accessories,North,2,1500,0.05,2850.0,1700,Website
ORD01345,05/06/2025,CUST1218,Mouse,Accessories,East,4,800,0.2,2560.0,1680,App
ORD01346,01/01/2025,CUST1344,Laptop,Electronics,North,3,55000,0.15,140250.0,108000,website
ORD01347,06-25-2025,CUST1323,Headphones,Accessories,north,4,2500,0.1,9000.0,5400,App
ORD01348,2025/12/08,CUST1139,Keyboard,Accessories,north,5,1500,0.05,7125.0,4250,Marketplace
ORD01349,13/09/2025,CUST1284,Laptop,Electronics,EAST,5,55000,0.1,247500.0,180000,App
ORD01350,2025/05/08,CUST1214,Smartphone,Electronics,East,1,28000,0.2,22400.0,20500,Website
ORD01351,2025-05-05,CUST1223,Tablet,Electronics,West,6,22000,0,132000,93000,App
ORD01352,2025/08/01,CUST1202,Headphones,Accessories,West,3,2500,0,7500,4050,website
ORD01353,2025-05-01,CUST1051,Smartphone,Electronics,EAST,3,28000,0.05,79800.0,61500,Website
ORD01354,2025-03-18,CUST1068,Tablet,Electronics,EAST,-1,22000,0.05,-20900.0,-15500,Marketplace
ORD01355,12-14-2025,CUST1169,Headphones,Accessories,north,6,2500,20%,12000.0,8100,Website
ORD01356,01-21-2025,CUST1303,Mouse,Accessories,EAST,2,800,0.15,1360.0,840,APP
ORD01357,2025-02-06,CUST1254,Smartphone,Electronics,South ,1,28000,0.15,23800.0,20500,Marketplace
ORD01358,01-17-2025,CUST1260,Headphones,Accessories,South ,6,2500,0.05,14250.0,8100,website
ORD01359,03/08/2025,CUST1018,Keyboard,Accessories,north,6,1500,0.1,8100.0,5100,Website
ORD01360,03-17-2025,CUST1296,Smartphone,Electronics,West,2,28000,0,56000,41000,website
ORD01361,07-29-2025,CUST1080,Keyboard,Accessories,East,6,1500,0.05,8550.0,5100,Website
ORD01362,2025/01/26,CUST1401,Keyboard,Accessories,East,4,1500,0.05,5700.0,3400,website
ORD01363,10/03/2025,CUST1003,Webcam,Accessories,South,6,3200,0.1,17280.0,11400,Marketplace
ORD01364,2025/08/01,CUST1142,Headphones,Accessories,South ,2,2500,0,5000,2700,App
ORD01365,08-02-2025,CUST1172,Laptop,electronics,West,6,55000,0.1,297000.0,216000,APP
ORD01366,14/04/2025,CUST1222,Headphones,Accessories,South ,6,2500,0.2,12000.0,8100,Website
ORD01367,2025/08/21,CUST1301,Keyboard,Accessories,EAST,5,1500,15%,6375.0,4250,Website
ORD01368,31/08/2025,CUST1230,Tablet,Electronics,South ,5,22000,0.2,88000.0,77500,Website
ORD01369,28/04/2025,CUST1420,Keyboard,Accessories,West,4,1500,10%,5400.0,3400,Website
ORD01370,08-09-2025,CUST1393,Keyboard,Accessories,North,5,1500,0.2,6000.0,4250,website
ORD01371,10-25-2025,CUST1090,Keyboard,Accessories,South,1,1500,0.05,1425.0,850,Website
ORD01372,17/12/2025,CUST1383,Headphones,Accessories,South,6,2500,0.05,14250.0,8100,Marketplace
ORD01373,12-10-2025,CUST1158,Smartphone,Electronics,South ,4,28000,0.05,106400.0,82000,APP
ORD01374,11-24-2025,CUST1091,Smartphone,Electronics,West,1,28000,0,28000,20500,Marketplace
ORD01375,2025-03-04,CUST1182,Tablet,Electronics,East,5,22000,0,110000,77500,App
ORD01376,2025-07-18,CUST1032,Keyboard,Accessories,East,6,1500,0,9000,5100,App
ORD01377,2025/09/25,CUST1053,Mouse,Accessories,EAST,4,800,10%,2880.0,1680,website
ORD01378,2025/04/19,CUST1285,Tablet,Electronics,West,5,22000,0,110000,77500,Marketplace
ORD01379,2025-11-25,CUST1340,Laptop,Electronics,South ,1,55000,0.15,46750.0,36000,Marketplace
ORD01380,2025-08-01,CUST1303,Laptop,Electronics,West,3,55000,15%,140250.0,108000,APP
ORD01381,10-10-2025,CUST1125,Headphones,Accessories,EAST,1,2500,0.2,2000.0,1350,website
ORD01382,05-31-2025,CUST1417,Monitor,Electronics,South,1,12000,0.1,10800.0,7600,Marketplace
ORD01383,2025-06-24,CUST1013,Headphones,Accessories,East,1,2500,0.15,2125.0,1350,App
ORD01384,2025-12-31,CUST1048,Smartphone,Electronics,EAST,5,28000,0.2,112000.0,102500,Marketplace
ORD01385,2025-06-12,CUST1415,Mouse,Accessories,north,5,800,0,4000,2100,APP
ORD01386,2025/06/02,CUST1047,Keyboard,Accessories,East,1,1500,0.15,1275.0,850,Website
ORD01387,2025/03/12,CUST1277,Laptop,Electronics,South,1,55000,15%,46750.0,36000,APP
ORD01388,2025-10-15,CUST1322,Headphones,Accessories,West,2,2500,0.05,4750.0,2700,App
ORD01389,29/12/2025,CUST1252,Mouse,Accessories,North,4,800,0,3200,1680,website
ORD01390,2025/04/19,CUST1296,Webcam,Accessories,South,2,3200,0.2,5120.0,3800,APP
ORD01391,2025/03/05,CUST1302,Keyboard,Accessories,East,6,1500,0.2,7200.0,5100,App
ORD01392,23/10/2025,CUST1381,Monitor,Electronics,North,6,12000,0.05,68400.0,45600,website
ORD01393,2025-03-10,CUST1211,Monitor,Electronics,South,5,12000,0,60000,38000,website
ORD01394,03-15-2025,CUST1227,Monitor,Electronics,EAST,3,12000,0.1,32400.0,22800,App
ORD01395,2025/04/16,CUST1025,Mouse,Accessories,West,6,800,0.05,4560.0,2520,website
ORD01396,2025-03-23,CUST1147,Laptop,Electronics,East,6,55000,0.15,280500.0,216000,App
ORD01397,2025/08/07,CUST1102,Monitor,Electronics,East,5,12000,0.15,51000.0,38000,website
ORD01398,19/07/2025,CUST1330,Tablet,Electronics,South,2,22000,0.15,37400.0,31000,APP
ORD01399,2025-09-18,CUST1139,Smartphone,Electronics,north,1,28000,0.1,25200.0,20500,Marketplace
ORD01400,26/07/2025,CUST1321,Monitor,Electronics,north,2,12000,0.1,21600.0,15200,Website
ORD01401,2025-03-18,CUST1375,Webcam,Accessories,EAST,5,3200,10%,14400.0,9500,website
ORD01402,05-09-2025,CUST1049,Keyboard,Accessories,north,5,1500,0.05,7125.0,4250,App
ORD01403,2025/05/06,CUST1116,Headphones,Accessories,north,3,2500,0.15,6375.0,4050,Website
ORD01404,2025/12/20,CUST1273,Smartphone,Electronics,North,2,28000,0.15,47600.0,41000,Website
ORD01405,12-15-2025,CUST1005,Smartphone,Electronics,West,2,28000,0.05,53200.0,41000,Website
ORD01406,2025-05-24,CUST1047,Tablet,Electronics,EAST,2,22000,0,44000,31000,APP
ORD01407,2025-10-02,CUST1431,Mouse,Accessories,South,1,800,0.15,680.0,420,website
ORD01408,06-19-2025,CUST1385,Mouse,Accessories,South ,5,800,10%,3600.0,2100,App
ORD01409,14/01/2025,CUST1377,Laptop,Electronics,South,6,55000,0.1,297000.0,216000,App
ORD01410,18/04/2025,CUST1016,Keyboard,Accessories,South ,4,1500,0,6000,3400,App
ORD01411,07/07/2025,CUST1242,Keyboard,Accessories,South,6,1500,0.15,7650.0,5100,Marketplace
ORD01412,18/01/2025,CUST1212,Webcam,Accessories,South,1,3200,0,3200,1900,App
ORD01413,17/05/2025,CUST1229,Headphones,Accessories,north,4,2500,0.05,9500.0,5400,website
ORD01414,2025/05/23,CUST1046,Mouse,Accessories,North,6,800,0,4800,2520,App
ORD01415,28/01/2025,CUST1027,Monitor,Electronics,north,5,12000,0.15,51000.0,38000,App
ORD01416,2025-03-06,CUST1173,Laptop,Electronics,North,5,55000,0.2,220000.0,180000,Marketplace
ORD01417,14/05/2025,CUST1071,Smartphone,Electronics,South,2,28000,0,56000,41000,Website
ORD01418,09-23-2025,CUST1235,Tablet,Electronics,East,1,22000,0.15,18700.0,15500,Marketplace
ORD01419,2025-01-16,CUST1165,Laptop,Electronics,South ,1,55000,0,55000,36000,APP
ORD01420,02-11-2025,CUST1029,Mouse,Accessories,South ,4,800,0,3200,1680,APP
ORD01421,01-14-2025,CUST1385,Headphones,Accessories,South,3,2500,0.15,6375.0,4050,Website
ORD01422,07/10/2025,CUST1089,Tablet,Electronics,East,3,22000,0.15,56100.0,46500,APP
ORD01423,2025-11-15,CUST1306,Webcam,Accessories,South ,4,3200,0,12800,7600,Marketplace
ORD01424,06/05/2025,CUST1207,Headphones,Accessories,North,1,2500,0.1,2250.0,1350,App
ORD01425,2025-07-31,CUST1187,Keyboard,Accessories,South,5,1500,0.05,7125.0,4250,APP
ORD01426,2025/07/12,CUST1308,Laptop,Electronics,north,6,55000,15%,280500.0,216000,website
ORD01427,11-13-2025,CUST1410,Laptop,Electronics,North,5,55000,0.2,220000.0,180000,website
ORD01428,2025/05/10,CUST1255,Laptop,Electronics,South,3,55000,0.1,148500.0,108000,APP
ORD01429,2025-04-10,CUST1072,Mouse,Accessories,north,5,800,0,4000,2100,Marketplace
ORD01430,2025/03/29,CUST1387,Keyboard,Accessories,East,4,1500,0.1,5400.0,3400,APP
ORD01431,2025/08/09,CUST1149,Keyboard,Accessories,South ,3,1500,0,4500,2550,website
ORD01432,03-22-2025,CUST1174,Headphones,Accessories,South,3,2500,0,7500,4050,Marketplace
ORD01433,04-09-2025,CUST1262,Monitor,Electronics,EAST,4,12000,0.15,40800.0,30400,APP
ORD01434,16/09/2025,CUST1425,Mouse,Accessories,East,6,800,0,4800,2520,App
ORD01435,2025-08-27,CUST1436,Laptop,Electronics,South,6,55000,10%,297000.0,216000,App
ORD01436,17/04/2025,CUST1413,Keyboard,Accessories,North,5,1500,0.1,6750.0,4250,Website
ORD01437,2025-02-18,CUST1310,Tablet,Electronics,South,5,22000,0.15,93500.0,77500,APP
ORD01438,16/02/2025,CUST1020,Mouse,Accessories,EAST,4,800,0.05,3040.0,1680,Website
ORD01439,2025/02/09,CUST1398,Tablet,Electronics,EAST,3,22000,15%,56100.0,46500,APP
ORD01440,2025-01-05,CUST1171,Smartphone,Electronics,North,2,28000,0,56000,41000,APP
ORD01441,2025/03/07,CUST1135,Laptop,Electronics,EAST,2,55000,0.15,93500.0,72000,APP
ORD01442,03-03-2025,CUST1068,Webcam,Accessories,North,1,3200,0.2,2560.0,1900,Marketplace
ORD01443,06/11/2025,CUST1118,Monitor,Electronics,West,5,12000,0.2,48000.0,38000,Marketplace
ORD01444,14/01/2025,CUST1310,Webcam,Accessories,South,2,3200,0.05,6080.0,3800,Website
ORD01445,2025-05-03,CUST1356,Headphones,Accessories,South ,3,2500,15%,6375.0,4050,Marketplace
ORD01446,03-08-2025,CUST1121,Webcam,Accessories,West,6,3200,0,19200,11400,website
ORD01447,2025-08-11,CUST1098,Monitor,Electronics,North,1,12000,0.05,11400.0,7600,APP
ORD01448,2025/04/15,CUST1078,Webcam,Accessories,North,5,3200,0,16000,9500,Marketplace
ORD01449,19/04/2025,CUST1223,Mouse,Accessories,West,3,800,0.1,2160.0,1260,website
ORD01450,08-06-2025,CUST1383,Smartphone,Electronics,North,5,28000,0.05,133000.0,102500,App
ORD01451,05/06/2025,CUST1208,Tablet,Electronics,South,2,22000,0.1,39600.0,31000,Marketplace
ORD01452,2025-11-11,CUST1259,Laptop,Electronics,north,1,55000,0.1,49500.0,36000,APP
ORD01453,2025/12/29,CUST1130,Keyboard,Accessories,South,3,1500,0.2,3600.0,2550,website
ORD01454,11-03-2025,CUST1425,Webcam,Accessories,north,5,3200,0.2,12800.0,9500,APP
ORD01455,12-13-2025,CUST1296,Tablet,Electronics,north,1,22000,0.2,17600.0,15500,App
ORD01456,17/03/2025,CUST1089,Monitor,Electronics,North,3,12000,0,36000,22800,App
ORD01457,2025-04-25,CUST1208,Smartphone,Electronics,North,4,28000,0.15,95200.0,82000,APP
ORD01458,2025/08/31,CUST1089,Monitor,Electronics,East,4,12000,0.15,40800.0,30400,APP
ORD01459,27/04/2025,CUST1336,Mouse,Accessories,EAST,3,800,0.2,1920.0,1260,Website
ORD01460,2025/05/26,CUST1174,Headphones,Accessories,EAST,4,2500,0,10000,5400,App
ORD01461,2025/07/27,CUST1293,Headphones,Accessories,West,5,2500,0.05,11875.0,6750,Website
ORD01462,21/04/2025,CUST1392,Tablet,Electronics,north,4,22000,0,88000,62000,Marketplace
ORD01463,20/10/2025,CUST1123,Monitor,Electronics,EAST,3,12000,0.05,34200.0,22800,Marketplace
ORD01464,2025-09-18,CUST1341,Laptop,Electronics,West,1,55000,0.05,52250.0,36000,APP
ORD01465,20/07/2025,CUST1416,Laptop,Electronics,EAST,1,55000,0.15,46750.0,36000,Website
ORD01466,2025-01-25,CUST1439,Laptop,Electronics,North,5,55000,10%,247500.0,180000,website
ORD01467,2025-07-28,CUST1373,Mouse,Accessories,South ,5,800,0.15,3400.0,2100,Marketplace
ORD01468,2025-05-19,CUST1365,Tablet,Electronics,South,4,22000,0.15,74800.0,62000,website
ORD01469,2025/07/30,CUST1371,Smartphone,Electronics,West,3,28000,0,84000,61500,website
ORD01470,01-25-2025,CUST1034,Monitor,Electronics,South,3,12000,0,36000,22800,App
ORD01471,08-21-2025,CUST1205,Smartphone,Electronics,north,3,28000,0.1,75600.0,61500,Website
ORD01472,2025/08/26,CUST1057,Smartphone,Electronics,West,6,28000,0%,168000,123000,App
ORD01473,2025/09/20,CUST1062,Smartphone,Electronics,West,4,28000,0.15,95200.0,82000,Website
ORD01474,12-08-2025,CUST1024,Keyboard,Accessories,West,3,1500,20%,3600.0,2550,Marketplace
ORD01475,2025/09/19,CUST1104,Monitor,Electronics,EAST,4,12000,0.1,43200.0,30400,Website
ORD01476,23/07/2025,CUST1095,Monitor,Electronics,EAST,2,12000,0.15,20400.0,15200,App
ORD01477,24/11/2025,CUST1133,Tablet,Electronics,West,5,22000,0.2,88000.0,77500,App
ORD01478,21/10/2025,CUST1447,Tablet,Electronics,South,6,22000,0.2,105600.0,93000,Website
ORD01479,2025/09/21,CUST1378,Headphones,accessories,EAST,4,2500,0,10000,5400,APP
ORD01480,2025/10/06,CUST1440,Webcam,Accessories,South,4,3200,0,12800,7600,website
ORD01481,23/09/2025,CUST1092,Laptop,Electronics,East,3,55000,0,165000,108000,Marketplace
ORD01482,2025/12/12,CUST1053,Webcam,Accessories,West,6,3200,10%,17280.0,11400,APP
ORD01483,2025/03/18,CUST1386,Smartphone,Electronics,North,1,28000,0.2,22400.0,20500,APP
ORD01484,2025-10-30,CUST1081,Keyboard,Accessories,North,2,1500,0.15,2550.0,1700,Marketplace
ORD01485,01-18-2025,CUST1259,Mouse,Accessories,South ,6,800,0.2,3840.0,2520,App
ORD01486,2025/06/02,CUST1414,Monitor,Electronics,North,6,12000,0,72000,45600,website
ORD01487,16/02/2025,CUST1276,Smartphone,Electronics,South ,2,28000,0.2,44800.0,41000,App
ORD01488,2025/01/14,CUST1253,Keyboard,Accessories,West,4,1500,0,6000,3400,website
ORD01489,05/10/2025,CUST1163,Webcam,Accessories,South,5,3200,0.15,13600.0,9500,website
ORD01490,20/01/2025,CUST1188,Headphones,Accessories,East,6,2500,20%,12000.0,8100,Website
ORD01491,2025-12-06,CUST1015,Webcam,Accessories,South,4,3200,0.2,10240.0,7600,Marketplace
ORD01492,2025/10/05,CUST1235,Headphones,Accessories,South,3,2500,0.1,6750.0,4050,App
ORD01493,06-30-2025,CUST1404,Smartphone,Electronics,EAST,6,28000,0.05,159600.0,123000,App
ORD01494,04-10-2025,CUST1095,Monitor,Electronics,East,3,12000,0.15,30600.0,22800,website
ORD01495,02/04/2025,CUST1175,Smartphone,Electronics,EAST,5,28000,0.05,133000.0,102500,Marketplace
ORD01496,2025/02/22,CUST1265,Monitor,Electronics,West,5,12000,0.15,51000.0,38000,APP
ORD01497,16/06/2025,CUST1156,Headphones,Accessories,North,4,2500,0.1,9000.0,5400,APP
ORD01498,10-23-2025,CUST1297,Monitor,Electronics,EAST,4,12000,0.2,38400.0,30400,Website
ORD01499,02-14-2025,CUST1423,Webcam,Accessories,North,3,3200,0,9600,5700,App
ORD01500,2025-03-30,CUST1121,Mouse,Accessories,West,4,800,0.15,2720.0,1680,Marketplace
ORD01501,2025-01-24,CUST1018,Keyboard,Accessories,South,2,1500,0,3000,1700,website
ORD01502,16/07/2025,CUST1387,Monitor,Electronics,East,6,12000,0.2,57600.0,45600,Marketplace
ORD01503,2025/03/08,CUST1213,Headphones,Accessories,East,4,2500,0.05,9500.0,5400,APP
ORD01504,17/09/2025,CUST1252,Tablet,Electronics,north,5,22000,0.15,93500.0,77500,Marketplace
ORD01505,12-09-2025,CUST1403,Headphones,Accessories,north,6,2500,0.2,12000.0,8100,Marketplace
ORD01506,2025/04/02,CUST1170,Keyboard,Accessories,EAST,5,1500,0,7500,4250,Website
ORD01507,2025-01-21,CUST1121,Keyboard,Accessories,EAST,3,1500,0.05,4275.0,2550,Website
ORD01508,16/06/2025,CUST1324,Mouse,Accessories,north,1,800,0.1,720.0,420,App
ORD01509,2025/12/16,CUST1073,Keyboard,Accessories,EAST,3,1500,0.2,3600.0,2550,App
ORD01510,2025-08-05,CUST1066,Tablet,Electronics,north,6,22000,0.1,118800.0,93000,App
ORD01511,2025-07-08,CUST1377,Monitor,Electronics,EAST,5,12000,0.05,57000.0,38000,Website
ORD01512,2025-03-06,CUST1193,Smartphone,Electronics,North,6,28000,0,168000,123000,APP
ORD01513,2025-05-06,CUST1272,Tablet,Electronics,West,2,22000,0.05,41800.0,31000,website
ORD01514,09-23-2025,CUST1133,Tablet,Electronics,East,2,22000,0.05,41800.0,31000,APP
ORD01515,11-18-2025,CUST1072,Smartphone,Electronics,north,4,28000,0.05,106400.0,82000,website
ORD01516,15/07/2025,CUST1367,Mouse,Accessories,North,6,800,0,4800,2520,website
ORD01517,31/03/2025,CUST1428,Mouse,Accessories,East,2,800,0.15,1360.0,840,App
ORD01518,2025/03/30,CUST1409,Mouse,Accessories,EAST,6,800,0.15,4080.0,2520,APP
ORD01519,02-08-2025,CUST1334,Mouse,Accessories,South,5,800,0.2,3200.0,2100,APP
ORD01520,2025/10/04,CUST1377,Keyboard,Accessories,West,3,1500,0.15,3825.0,2550,App
ORD01521,2025/03/24,CUST1312,Mouse,Accessories,North,1,800,0.2,640.0,420,App
ORD01522,17/08/2025,CUST1028,Tablet,Electronics,South ,1,22000,0.05,20900.0,15500,APP
ORD01523,08-28-2025,CUST1070,Tablet,Electronics,north,6,22000,0,132000,93000,APP
ORD01524,2025-05-05,CUST1280,Laptop,Electronics,North,6,55000,0,330000,216000,Website
ORD01525,05-16-2025,CUST1350,Tablet,Electronics,South ,5,22000,0.2,88000.0,77500,Marketplace
ORD01526,2025-12-08,CUST1103,Smartphone,electronics,East,2,28000,0.2,44800.0,41000,App
ORD01527,18/07/2025,CUST1107,Headphones,Accessories,north,1,2500,15%,2125.0,1350,Website
ORD01528,2025-01-12,CUST1155,Smartphone,Electronics,East,6,28000,0.2,134400.0,123000,APP
ORD01529,09/04/2025,CUST1351,Mouse,Accessories,North,1,800,0.2,640.0,420,APP
ORD01530,28/02/2025,CUST1060,Laptop,Electronics,South ,6,55000,0.05,313500.0,216000,website
ORD01531,2025-07-29,CUST1059,Smartphone,Electronics,West,1,28000,0,28000,20500,Website
ORD01532,2025/03/08,CUST1127,Monitor,Electronics,north,5,12000,0,60000,38000,App
ORD01533,19/01/2025,CUST1233,Mouse,Accessories,South ,4,800,0.15,2720.0,1680,Marketplace
ORD01534,2025/09/24,CUST1320,Keyboard,Accessories,East,2,1500,0%,3000,1700,Website
ORD01535,23/10/2025,CUST1358,Smartphone,Electronics,East,2,28000,0.2,44800.0,41000,website
ORD01536,2025/02/03,CUST1421,Laptop,electronics,North,2,55000,0.2,88000.0,72000,App
ORD01537,08-21-2025,CUST1198,Keyboard,Accessories,South,2,1500,0.15,2550.0,1700,App
ORD01538,2025/01/14,CUST1063,Smartphone,Electronics,South,1,28000,0.05,26600.0,20500,website
ORD01539,2025-04-29,CUST1220,Keyboard,Accessories,north,1,1500,0.05,1425.0,850,Website
ORD01540,07-31-2025,CUST1163,Smartphone,Electronics,EAST,3,28000,0.2,67200.0,61500,App
ORD01541,2025-12-17,CUST1315,Laptop,Electronics,West,2,55000,10%,99000.0,72000,website
ORD01542,10-16-2025,CUST1190,Headphones,Accessories,EAST,4,2500,0.1,9000.0,5400,App
ORD01543,2025-05-07,CUST1393,Monitor,Electronics,EAST,-1,12000,0.1,-10800.0,-7600,APP
ORD01544,2025/03/04,CUST1141,Laptop,Electronics,North,6,55000,0.15,280500.0,216000,website
ORD01545,03-24-2025,CUST1229,Laptop,Electronics,north,5,55000,0,275000,180000,Website
ORD01546,2025/02/25,CUST1052,Laptop,Electronics,West,4,55000,0,220000,144000,App
ORD01547,20/06/2025,CUST1410,Keyboard,Accessories,North,3,1500,0.2,3600.0,2550,App
ORD01548,01-13-2025,CUST1228,Webcam,Accessories,West,2,3200,0.1,5760.0,3800,APP
ORD01549,10/05/2025,CUST1310,Mouse,Accessories,EAST,1,800,20%,640.0,420,website
ORD01550,11/05/2025,CUST1425,Webcam,Accessories,EAST,4,3200,5%,12160.0,7600,website
ORD01551,01-10-2025,CUST1320,Keyboard,Accessories,EAST,4,1500,0.15,5100.0,3400,Website
ORD01552,2025-03-01,CUST1383,Tablet,Electronics,north,6,22000,0.15,112200.0,93000,App
ORD01553,2025-10-06,CUST1162,Keyboard,Accessories,North,5,1500,0,7500,4250,Marketplace
ORD01554,2025/11/09,CUST1202,Laptop,Electronics,north,5,55000,0.1,247500.0,180000,website
ORD01555,2025/11/24,CUST1195,Monitor,Electronics,South ,2,12000,0.15,20400.0,15200,Marketplace
ORD01556,2025-02-22,CUST1248,Webcam,Accessories,East,1,3200,0.05,3040.0,1900,App
ORD01557,04-30-2025,CUST1298,Headphones,Accessories,North,4,2500,0.05,9500.0,5400,APP
ORD01558,17/08/2025,CUST1013,Keyboard,Accessories,North,2,1500,0.15,2550.0,1700,APP
ORD01559,2025-08-24,CUST1322,Smartphone,Electronics,South ,1,28000,0,28000,20500,Marketplace
ORD01560,2025/02/18,CUST1075,Monitor,Electronics,North,2,12000,0.1,21600.0,15200,website
ORD01561,2025-01-12,CUST1279,Keyboard,Accessories,East,6,1500,20%,7200.0,5100,Marketplace
ORD01562,01/10/2025,CUST1292,Monitor,Electronics,north,4,12000,0.1,43200.0,30400,Marketplace
ORD01563,2025/08/13,CUST1163,Smartphone,Electronics,North,1,28000,0,28000,20500,App
ORD01564,2025-04-07,CUST1080,Monitor,Electronics,West,3,12000,0.2,28800.0,22800,APP
ORD01565,2025/05/19,CUST1296,Webcam,Accessories,South ,5,3200,0.2,12800.0,9500,website
ORD01566,12-07-2025,CUST1404,Keyboard,Accessories,north,1,1500,0.2,1200.0,850,website
ORD01567,02-27-2025,CUST1345,Laptop,Electronics,South ,4,55000,0.2,176000.0,144000,APP
ORD01568,2025/10/13,CUST1093,Webcam,Accessories,North,3,3200,0,9600,5700,APP
ORD01569,08-04-2025,CUST1313,Keyboard,Accessories,East,5,1500,0.15,6375.0,4250,website
ORD01570,2025/09/19,CUST1072,Monitor,Electronics,East,4,12000,0,48000,30400,APP
ORD01571,05/05/2025,CUST1136,Keyboard,Accessories,north,5,1500,0.2,6000.0,4250,APP
ORD01572,2025/04/27,CUST1308,Webcam,Accessories,West,2,3200,0.1,5760.0,3800,Website
ORD01573,16/11/2025,CUST1183,Keyboard,Accessories,north,1,1500,0.05,1425.0,850,App
ORD01574,2025-04-15,CUST1174,Monitor,Electronics,South,2,12000,0.05,22800.0,15200,Website
ORD01575,11/05/2025,CUST1184,Monitor,Electronics,East,4,12000,0.1,43200.0,30400,Marketplace
ORD01576,11/09/2025,CUST1356,Monitor,Electronics,North,5,12000,0,60000,38000,APP
ORD01577,2025-08-02,CUST1395,Monitor,Electronics,South ,4,12000,0.15,40800.0,30400,Marketplace
ORD01578,2025/11/01,CUST1236,Laptop,Electronics,South,5,55000,0.2,220000.0,180000,Website
ORD01579,20/05/2025,CUST1429,Keyboard,Accessories,South,4,1500,0.2,4800.0,3400,website
ORD01580,2025/11/17,CUST1356,Webcam,Accessories,West,5,3200,0.2,12800.0,9500,Marketplace
ORD01581,09-17-2025,CUST1411,Keyboard,Accessories,North,6,1500,0,9000,5100,Website
ORD01582,2025/11/11,CUST1355,Smartphone,Electronics,North,1,28000,0.15,23800.0,20500,Website
ORD01583,2025/08/31,CUST1106,Laptop,Electronics,South,2,55000,0.2,88000.0,72000,website
ORD01584,2025-12-30,CUST1194,Monitor,Electronics,North,5,12000,0.2,48000.0,38000,Website
ORD01585,01/11/2025,CUST1024,Keyboard,Accessories,West,2,1500,0.1,2700.0,1700,website
ORD01586,2025/12/16,CUST1134,Webcam,Accessories,EAST,4,3200,0.15,10880.0,7600,Marketplace
ORD01587,2025/06/11,CUST1400,Headphones,Accessories,EAST,4,2500,0.15,8500.0,5400,Marketplace
ORD01588,04-24-2025,CUST1409,Laptop,Electronics,West,4,55000,0.05,209000.0,144000,App
ORD01589,11-21-2025,CUST1309,Webcam,Accessories,South,3,3200,10%,8640.0,5700,Website
ORD01590,05/01/2025,CUST1390,Webcam,Accessories,West,2,3200,5%,6080.0,3800,website
ORD01591,2025/12/22,CUST1014,Keyboard,Accessories,South,4,1500,0.05,5700.0,3400,Marketplace
ORD01592,2025/12/30,CUST1030,Headphones,accessories,north,5,2500,0.1,11250.0,6750,Website
ORD01593,2025-02-25,CUST1088,Webcam,Accessories,East,4,3200,0.15,10880.0,7600,website
ORD01594,2025/01/07,CUST1038,Smartphone,Electronics,North,6,28000,0.15,142800.0,123000,App
ORD01595,2025/01/28,CUST1443,Keyboard,Accessories,North,2,1500,0.15,2550.0,1700,website
ORD01596,11/10/2025,CUST1063,Smartphone,Electronics,South ,3,28000,0.1,75600.0,61500,App
ORD01597,2025/09/15,CUST1130,Keyboard,Accessories,East,3,1500,10%,4050.0,2550,Marketplace
ORD01598,30/11/2025,CUST1365,Smartphone,Electronics,East,2,28000,0%,56000,41000,APP
ORD01599,2025/11/11,CUST1224,Tablet,Electronics,West,6,22000,0.2,105600.0,93000,App
ORD01600,2025/05/05,CUST1350,Smartphone,Electronics,North,4,28000,5%,106400.0,82000,website
ORD01601,2025-07-01,CUST1130,Laptop,Electronics,South ,1,55000,0.2,44000.0,36000,App
ORD01602,17/01/2025,CUST1169,Mouse,Accessories,East,3,800,0.2,1920.0,1260,Website
ORD01603,2025/01/19,CUST1258,Monitor,Electronics,North,5,12000,0,60000,38000,website
ORD01604,26/06/2025,CUST1419,Keyboard,Accessories,East,3,1500,0.1,4050.0,2550,Website
ORD01605,09-01-2025,CUST1123,Mouse,Accessories,North,4,800,20%,2560.0,1680,App
ORD01606,2025/10/02,CUST1300,Keyboard,Accessories,EAST,5,1500,0.15,6375.0,4250,App
ORD01607,2025/12/20,CUST1053,Keyboard,Accessories,West,3,1500,0.15,3825.0,2550,App
ORD01608,05-10-2025,CUST1089,Laptop,Electronics,South,1,55000,0.2,44000.0,36000,APP
ORD01609,2025-11-29,CUST1077,Tablet,Electronics,South ,2,22000,0.2,35200.0,31000,APP
ORD01610,2025-09-13,CUST1364,Smartphone,Electronics,South,5,28000,0.05,133000.0,102500,App
ORD01611,2025-03-16,CUST1032,Monitor,Electronics,West,1,12000,0.05,11400.0,7600,website
ORD01612,2025/08/11,CUST1366,Laptop,Electronics,North,1,55000,0.2,44000.0,36000,APP
ORD01613,12/02/2025,CUST1283,Headphones,Accessories,East,4,2500,0,10000,5400,App
ORD01614,25/11/2025,CUST1099,Laptop,Electronics,West,4,55000,0.1,198000.0,144000,APP
ORD01615,2025-06-11,CUST1234,Monitor,Electronics,West,1,12000,0,12000,7600,App
ORD01616,01-02-2025,CUST1010,Keyboard,Accessories,North,3,1500,0.2,3600.0,2550,website
ORD01617,2025/08/10,CUST1189,Webcam,Accessories,North,3,3200,0%,9600,5700,Website
ORD01618,12-27-2025,CUST1395,Laptop,Electronics,North,4,55000,0.2,176000.0,144000,APP
ORD01619,11/11/2025,CUST1193,Mouse,Accessories,north,4,800,0.15,2720.0,1680,APP
ORD01620,2025/11/15,CUST1285,Webcam,Accessories,South ,5,3200,0.15,13600.0,9500,APP
ORD01621,2025/03/02,CUST1092,Tablet,Electronics,EAST,5,22000,0,110000,77500,Website
ORD01622,2025-10-19,CUST1067,Webcam,Accessories,South ,1,3200,0.2,2560.0,1900,Marketplace
ORD01623,2025-08-21,CUST1389,Smartphone,Electronics,north,4,28000,0,112000,82000,Marketplace
ORD01624,2025-03-13,CUST1235,Tablet,Electronics,East,3,22000,0.1,59400.0,46500,Website
ORD01625,2025-12-10,CUST1277,Tablet,Electronics,EAST,3,22000,0.15,56100.0,46500,APP
ORD01626,2025/03/16,CUST1171,Webcam,Accessories,North,2,3200,0.15,5440.0,3800,website
ORD01627,01-28-2025,CUST1348,Keyboard,Accessories,West,6,1500,0.1,8100.0,5100,Website
ORD01628,06-13-2025,CUST1254,Smartphone,Electronics,South ,1,28000,0.2,22400.0,20500,APP
ORD01629,01-10-2025,CUST1209,Monitor,Electronics,North,6,12000,0.15,61200.0,45600,website
ORD01630,03-29-2025,CUST1369,Smartphone,Electronics,East,3,28000,0.15,71400.0,61500,Website
ORD01631,30/01/2025,CUST1214,Smartphone,Electronics,north,2,28000,0.1,50400.0,41000,Marketplace
ORD01632,2025-01-04,CUST1046,Laptop,Electronics,East,3,55000,0.2,132000.0,108000,Website
ORD01633,2025-11-09,CUST1380,Tablet,Electronics,EAST,1,22000,0,22000,15500,website
ORD01634,01-28-2025,CUST1348,Mouse,accessories,West,1,800,0,800,420,Marketplace
ORD01635,25/12/2025,CUST1408,Keyboard,Accessories,West,5,1500,0.1,6750.0,4250,website
ORD01636,2025/10/31,CUST1392,Mouse,Accessories,EAST,4,800,0.1,2880.0,1680,Website
ORD01637,2025-11-16,CUST1109,Smartphone,Electronics,South ,4,28000,0.05,106400.0,82000,Website
ORD01638,2025/01/19,CUST1113,Laptop,Electronics,North,2,55000,0.1,99000.0,72000,website
ORD01639,01/06/2025,CUST1172,Headphones,Accessories,South,4,2500,0.1,9000.0,5400,website
ORD01640,29/09/2025,CUST1301,Keyboard,Accessories,South ,5,1500,15%,6375.0,4250,Marketplace
ORD01641,03/06/2025,CUST1195,Mouse,Accessories,EAST,5,800,0.1,3600.0,2100,Marketplace
ORD01642,07-27-2025,CUST1360,Laptop,Electronics,East,3,55000,10%,148500.0,108000,website
ORD01643,2025-11-14,CUST1304,Monitor,Electronics,East,3,12000,0.15,30600.0,22800,Marketplace
ORD01644,24/02/2025,CUST1051,Keyboard,Accessories,North,6,1500,0,9000,5100,website
ORD01645,2025/09/17,CUST1349,Laptop,Electronics,South ,2,55000,0.1,99000.0,72000,App
ORD01646,03-28-2025,CUST1357,Webcam,Accessories,South ,6,3200,0.2,15360.0,11400,App
ORD01647,01-01-2025,CUST1446,Smartphone,Electronics,North,2,28000,0.15,47600.0,41000,App
ORD01648,02/08/2025,CUST1449,Laptop,Electronics,EAST,1,55000,10%,49500.0,36000,APP
ORD01649,2025/05/13,CUST1051,Headphones,Accessories,South ,1,2500,0.15,2125.0,1350,App
ORD01650,08/03/2025,CUST1341,Laptop,Electronics,North,3,55000,0.2,132000.0,108000,Website
ORD01651,2025-01-05,CUST1001,Mouse,Accessories,South,3,800,0,2400,1260,Website
ORD01652,2025-04-20,CUST1113,Keyboard,Accessories,East,1,1500,0,1500,850,APP
ORD01653,11-12-2025,CUST1075,Headphones,Accessories,West,3,2500,0.05,7125.0,4050,Website
ORD01654,2025/01/18,CUST1422,Tablet,Electronics,North,5,22000,20%,88000.0,77500,APP
ORD01655,2025/07/18,CUST1256,Tablet,Electronics,South ,3,22000,0,66000,46500,App
ORD01656,22/04/2025,CUST1010,Keyboard,accessories,West,3,1500,0.2,3600.0,2550,website
ORD01657,2025-07-13,CUST1037,Headphones,Accessories,West,1,2500,0.05,2375.0,1350,Marketplace
ORD01658,11/05/2025,CUST1298,Webcam,Accessories,South,2,3200,10%,5760.0,3800,APP
ORD01659,2025-12-26,CUST1292,Mouse,Accessories,West,3,800,0.1,2160.0,1260,Website
ORD01660,2025-07-02,CUST1045,Webcam,Accessories,West,5,3200,0.1,14400.0,9500,App
ORD01661,2025/03/11,CUST1171,Laptop,Electronics,north,3,55000,0.1,148500.0,108000,APP
ORD01662,2025/10/06,CUST1159,Smartphone,Electronics,North,1,28000,0.05,26600.0,20500,App
ORD01663,04/05/2025,CUST1039,Smartphone,Electronics,West,1,28000,0.05,26600.0,20500,Website
ORD01664,22/12/2025,CUST1115,Laptop,Electronics,north,4,55000,0%,220000,144000,Website
ORD01665,04-03-2025,CUST1268,Smartphone,Electronics,north,1,28000,0.2,22400.0,20500,APP
ORD01666,2025/09/08,CUST1108,Headphones,Accessories,East,5,2500,0,12500,6750,APP
ORD01667,2025-10-09,CUST1195,Headphones,Accessories,North,5,2500,0.15,10625.0,6750,Website
ORD01668,23/06/2025,CUST1260,Mouse,Accessories,West,1,800,0.2,640.0,420,App
ORD01669,2025/09/18,CUST1083,Keyboard,accessories,South,1,1500,0,1500,850,APP
ORD01670,2025-04-20,CUST1129,Smartphone,Electronics,East,6,28000,0.05,159600.0,123000,website
ORD01671,05-23-2025,CUST1295,Smartphone,Electronics,South,6,28000,0.2,134400.0,123000,Website
ORD01672,12-11-2025,CUST1365,Laptop,Electronics,South,2,55000,0,110000,72000,App
ORD01673,03-08-2025,CUST1367,Tablet,Electronics,EAST,3,22000,0.05,62700.0,46500,App
ORD01674,2025-09-15,CUST1176,Headphones,Accessories,north,1,2500,0.15,2125.0,1350,App
ORD01675,14/08/2025,CUST1393,Headphones,Accessories,North,4,2500,20%,8000.0,5400,App
ORD01676,03/11/2025,CUST1298,Monitor,Electronics,north,4,12000,0.1,43200.0,30400,App
ORD01677,2025/03/03,CUST1200,Mouse,Accessories,north,6,800,0.2,3840.0,2520,Website
ORD01678,04-14-2025,CUST1430,Tablet,Electronics,West,1,22000,20%,17600.0,15500,website
ORD01679,01-21-2025,CUST1185,Webcam,Accessories,north,2,3200,0,6400,3800,Marketplace
ORD01680,05-11-2025,CUST1309,Laptop,Electronics,South ,4,55000,0.15,187000.0,144000,App
ORD01681,18/10/2025,CUST1433,Laptop,Electronics,South,3,55000,0.2,132000.0,108000,website
ORD01682,03-02-2025,CUST1335,Smartphone,Electronics,East,3,28000,0.05,79800.0,61500,Marketplace
ORD01683,2025-12-11,CUST1378,Laptop,Electronics,West,5,55000,0.15,233750.0,180000,App
ORD01684,2025/11/24,CUST1134,Keyboard,Accessories,north,6,1500,0,9000,5100,Marketplace
ORD01685,05-03-2025,CUST1272,Keyboard,Accessories,South,4,1500,0.05,5700.0,3400,Marketplace
ORD01686,2025/04/14,CUST1207,Mouse,Accessories,South ,1,800,0,800,420,Marketplace
ORD01687,2025/07/09,CUST1205,Webcam,Accessories,South ,6,3200,0.2,15360.0,11400,Marketplace
ORD01688,11-22-2025,CUST1201,Headphones,Accessories,South ,2,2500,0.15,4250.0,2700,APP
ORD01689,15/09/2025,CUST1175,Monitor,Electronics,North,4,12000,0.05,45600.0,30400,APP
ORD01690,24/12/2025,CUST1389,Headphones,Accessories,South,5,2500,0.1,11250.0,6750,Marketplace
ORD01691,10/07/2025,CUST1006,Webcam,Accessories,East,3,3200,0.15,8160.0,5700,App
ORD01692,05-03-2025,CUST1026,Monitor,Electronics,East,3,12000,0.05,34200.0,22800,APP
ORD01693,10-26-2025,CUST1109,Smartphone,Electronics,North,4,28000,0,112000,82000,website
ORD01694,2025-10-18,CUST1015,Tablet,Electronics,South ,2,22000,0,44000,31000,Website
ORD01695,2025/09/11,CUST1047,Headphones,Accessories,north,2,2500,0.05,4750.0,2700,Marketplace
ORD01696,2025/06/12,CUST1132,Headphones,Accessories,South ,6,2500,0.1,13500.0,8100,website
ORD01697,2025-01-25,CUST1354,Mouse,Accessories,EAST,6,800,0.05,4560.0,2520,Marketplace
ORD01698,03-17-2025,CUST1208,Tablet,Electronics,West,4,22000,0.15,74800.0,62000,Website
ORD01699,02-27-2025,CUST1417,Laptop,Electronics,West,6,55000,0,330000,216000,APP
ORD01700,2025-02-02,CUST1077,Headphones,Accessories,South ,3,2500,0.2,6000.0,4050,App
ORD01701,2025-03-07,CUST1217,Smartphone,Electronics,East,3,28000,0.15,71400.0,61500,App
ORD01702,2025-10-21,CUST1253,Monitor,Electronics,North,2,12000,0.15,20400.0,15200,App
ORD01703,2025-03-04,CUST1307,Headphones,Accessories,north,3,2500,0.05,7125.0,4050,website
ORD01704,07/05/2025,CUST1120,Headphones,Accessories,South,5,2500,0.1,11250.0,6750,website
ORD01705,2025/04/27,CUST1353,Mouse,Accessories,EAST,-2,800,0.2,-1280.0,-840,App
ORD01706,2025-07-01,CUST1240,Mouse,Accessories,North,4,800,15%,2720.0,1680,APP
ORD01707,24/08/2025,CUST1424,Smartphone,Electronics,West,4,28000,0.2,89600.0,82000,Website
ORD01708,20/02/2025,CUST1285,Monitor,Electronics,South ,2,12000,15%,20400.0,15200,App
ORD01709,12-28-2025,CUST1399,Tablet,Electronics,South,6,22000,0.15,112200.0,93000,Marketplace
ORD01710,15/08/2025,CUST1082,Smartphone,Electronics,north,2,28000,0.05,53200.0,41000,Website
ORD01711,21/11/2025,CUST1367,Keyboard,Accessories,South ,3,1500,0.05,4275.0,2550,App
ORD01712,04-02-2025,CUST1108,Webcam,Accessories,North,1,3200,0.15,2720.0,1900,website
ORD01713,2025-05-05,CUST1139,Tablet,Electronics,EAST,2,22000,0,44000,31000,website
ORD01714,05-22-2025,CUST1395,Mouse,Accessories,north,1,800,0.15,680.0,420,Marketplace
ORD01715,03-18-2025,CUST1339,Monitor,Electronics,north,2,12000,0.15,20400.0,15200,website
ORD01716,12-03-2025,CUST1128,Monitor,Electronics,EAST,3,12000,0.1,32400.0,22800,App
ORD01717,2025-11-17,CUST1289,Headphones,Accessories,South ,1,2500,0.15,2125.0,1350,Marketplace
ORD01718,18/06/2025,CUST1302,Laptop,Electronics,north,5,55000,0,275000,180000,website
ORD01719,03/07/2025,CUST1341,Tablet,electronics,north,1,22000,5%,20900.0,15500,website
ORD01720,19/02/2025,CUST1384,Monitor,Electronics,north,2,12000,10%,21600.0,15200,website
ORD01721,25/08/2025,CUST1037,Tablet,Electronics,West,4,22000,0,88000,62000,website
ORD01722,2025-04-29,CUST1235,Smartphone,Electronics,South ,2,28000,0.15,47600.0,41000,APP
ORD01723,29/09/2025,CUST1323,Tablet,Electronics,South ,6,22000,0.2,105600.0,93000,Marketplace
ORD01724,04-14-2025,CUST1093,Monitor,Electronics,South,6,12000,0.15,61200.0,45600,Website
ORD01725,2025/03/23,CUST1139,Monitor,Electronics,north,3,12000,0,36000,22800,website
ORD01726,2025/05/26,CUST1156,Laptop,Electronics,South ,1,55000,0.05,52250.0,36000,website
ORD01727,2025-09-12,CUST1214,Tablet,Electronics,West,5,22000,0.15,93500.0,77500,Marketplace
ORD01728,08-07-2025,CUST1357,Keyboard,Accessories,South,3,1500,0%,4500,2550,Website
ORD01729,2025/10/29,CUST1040,Keyboard,Accessories,South ,5,1500,0.15,6375.0,4250,APP
ORD01730,2025/11/29,CUST1368,Webcam,accessories,East,2,3200,0.1,5760.0,3800,Marketplace
ORD01731,26/02/2025,CUST1040,Smartphone,Electronics,north,4,28000,0.15,95200.0,82000,Marketplace
ORD01732,2025/09/26,CUST1126,Headphones,Accessories,East,5,2500,0.15,10625.0,6750,Marketplace
ORD01733,05-30-2025,CUST1313,Keyboard,Accessories,north,6,1500,0.1,8100.0,5100,APP
ORD01734,29/10/2025,CUST1294,Mouse,Accessories,West,6,800,0.1,4320.0,2520,Marketplace
ORD01735,2025/01/09,CUST1065,Smartphone,Electronics,West,2,28000,5%,53200.0,41000,App
ORD01736,2025/10/22,CUST1066,Keyboard,Accessories,South,1,1500,0.05,1425.0,850,Website
ORD01737,2025/09/03,CUST1189,Headphones,Accessories,EAST,3,2500,0.2,6000.0,4050,APP
ORD01738,03-09-2025,CUST1195,Mouse,Accessories,South,1,800,0,800,420,APP
ORD01739,25/04/2025,CUST1375,Laptop,Electronics,East,2,55000,10%,99000.0,72000,website
ORD01740,2025/07/02,CUST1001,Webcam,Accessories,West,2,3200,0.1,5760.0,3800,Website
ORD01741,10-21-2025,CUST1203,Monitor,Electronics,North,3,12000,0.1,32400.0,22800,Website
ORD01742,2025/04/25,CUST1080,Headphones,Accessories,South ,1,2500,0.05,2375.0,1350,App
ORD01743,2025-01-18,CUST1009,Keyboard,Accessories,South ,4,1500,0.1,5400.0,3400,website
ORD01744,10-24-2025,CUST1363,Webcam,Accessories,South,5,3200,0%,16000,9500,APP
ORD01745,2025/05/24,CUST1146,Laptop,Electronics,East,2,55000,0,110000,72000,App
ORD01746,01-20-2025,CUST1024,Headphones,Accessories,EAST,1,2500,0.05,2375.0,1350,APP
ORD01747,09/11/2025,CUST1101,Webcam,Accessories,north,3,3200,0.05,9120.0,5700,App
ORD01748,2025-11-16,CUST1110,Smartphone,Electronics,North,1,28000,0.05,26600.0,20500,App
ORD01749,2025-01-12,CUST1343,Keyboard,Accessories,EAST,4,1500,0.15,5100.0,3400,website
ORD01750,07-06-2025,CUST1127,Webcam,Accessories,North,2,3200,0.15,5440.0,3800,App
ORD01751,23/05/2025,CUST1376,Mouse,Accessories,EAST,1,800,0,800,420,Marketplace
ORD01752,07/09/2025,CUST1023,Laptop,Electronics,East,2,55000,0.1,99000.0,72000,website
ORD01753,04/02/2025,CUST1149,Laptop,Electronics,East,1,55000,0.15,46750.0,36000,Website
ORD01754,2025-08-13,CUST1425,Keyboard,Accessories,South ,6,1500,0.2,7200.0,5100,website
ORD01755,06-14-2025,CUST1025,Monitor,Electronics,South ,5,12000,0.2,48000.0,38000,APP
ORD01756,2025-04-27,CUST1092,Tablet,Electronics,north,2,22000,0.15,37400.0,31000,Website
ORD01757,27/10/2025,CUST1126,Webcam,Accessories,South ,4,3200,0.2,10240.0,7600,App
ORD01758,2025-08-20,CUST1061,Monitor,Electronics,north,2,12000,0,24000,15200,Website
ORD01759,2025-05-01,CUST1232,Webcam,Accessories,EAST,6,3200,20%,15360.0,11400,website
ORD01760,05-30-2025,CUST1355,Mouse,Accessories,north,5,800,0.05,3800.0,2100,Marketplace
ORD01761,02-26-2025,CUST1127,Smartphone,Electronics,West,2,28000,0.05,53200.0,41000,App
ORD01762,03-25-2025,CUST1350,Keyboard,Accessories,north,2,1500,5%,2850.0,1700,website
ORD01763,04-09-2025,CUST1150,Laptop,Electronics,EAST,6,55000,0.2,264000.0,216000,Website
ORD01764,06-06-2025,CUST1237,Tablet,electronics,South,5,22000,0.2,88000.0,77500,Website
ORD01765,07-11-2025,CUST1097,Webcam,Accessories,West,5,3200,10%,14400.0,9500,website
ORD01766,05-12-2025,CUST1212,Smartphone,Electronics,South,4,28000,0.15,95200.0,82000,website
ORD01767,2025-09-12,CUST1204,Smartphone,Electronics,North,2,28000,0.1,50400.0,41000,App
ORD01768,2025-11-06,CUST1165,Headphones,Accessories,EAST,5,2500,0.05,11875.0,6750,website
ORD01769,2025/04/22,CUST1342,Headphones,Accessories,South,3,2500,0.2,6000.0,4050,website
ORD01770,03-30-2025,CUST1339,Keyboard,Accessories,north,6,1500,5%,8550.0,5100,Website
ORD01771,2025-11-27,CUST1022,Headphones,Accessories,north,1,2500,0.05,2375.0,1350,App
ORD01772,2025-12-27,CUST1190,Monitor,Electronics,north,2,12000,5%,22800.0,15200,Website
ORD01773,2025/12/31,CUST1152,Smartphone,Electronics,North,4,28000,0.2,89600.0,82000,APP
ORD01774,02-26-2025,CUST1384,Keyboard,Accessories,EAST,5,1500,20%,6000.0,4250,Website
ORD01775,01-22-2025,CUST1397,Tablet,Electronics,West,4,22000,0.2,70400.0,62000,website
ORD01776,25/05/2025,CUST1151,Keyboard,Accessories,North,6,1500,0,9000,5100,APP
ORD01777,03-14-2025,CUST1353,Webcam,Accessories,East,2,3200,5%,6080.0,3800,App
ORD01778,2025-11-10,CUST1046,Mouse,Accessories,north,1,800,0.1,720.0,420,website
ORD01779,20/03/2025,CUST1056,Keyboard,Accessories,North,5,1500,20%,6000.0,4250,Website
ORD01780,04-23-2025,CUST1100,Webcam,Accessories,north,1,3200,0.05,3040.0,1900,Marketplace
ORD01781,10/04/2025,CUST1138,Mouse,Accessories,north,1,800,0,800,420,App
ORD01782,09/10/2025,CUST1337,Headphones,Accessories,EAST,5,2500,0.05,11875.0,6750,APP
ORD01783,2025/02/01,CUST1124,Webcam,Accessories,South,5,3200,0.15,13600.0,9500,APP
ORD01784,2025-04-16,CUST1258,Webcam,Accessories,North,6,3200,0.05,18240.0,11400,APP
ORD01785,2025-07-26,CUST1000,Tablet,Electronics,South,1,22000,0.05,20900.0,15500,App
ORD01786,06/12/2025,CUST1178,Smartphone,Electronics,West,2,28000,0.05,53200.0,41000,APP
ORD01787,2025/02/02,CUST1197,Headphones,Accessories,North,6,2500,0,15000,8100,website
ORD01788,11-19-2025,CUST1126,Smartphone,Electronics,north,1,28000,0.2,22400.0,20500,App
ORD01789,08-28-2025,CUST1303,Webcam,Accessories,EAST,1,3200,0.15,2720.0,1900,APP
ORD01790,26/11/2025,CUST1359,Keyboard,Accessories,East,3,1500,0.15,3825.0,2550,website
ORD01791,10-01-2025,CUST1229,Smartphone,Electronics,north,5,28000,0.1,126000.0,102500,APP
ORD01792,2025/10/31,CUST1321,Smartphone,Electronics,EAST,3,28000,0.1,75600.0,61500,website
ORD01793,2025/06/02,CUST1216,Laptop,Electronics,East,4,55000,0.1,198000.0,144000,Website
ORD01794,2025/08/13,CUST1157,Webcam,Accessories,West,4,3200,0,12800,7600,Marketplace
ORD01795,10-14-2025,CUST1057,Keyboard,Accessories,South,4,1500,10%,5400.0,3400,Marketplace
ORD01796,2025-08-23,CUST1194,Headphones,Accessories,north,2,2500,0.15,4250.0,2700,APP
ORD01797,2025/01/15,CUST1448,Headphones,accessories,South,1,2500,0.2,2000.0,1350,Website
ORD01798,2025-01-17,CUST1009,Smartphone,Electronics,South,4,28000,0,112000,82000,Marketplace
ORD01799,01/10/2025,CUST1447,Monitor,Electronics,North,2,12000,0,24000,15200,Marketplace
ORD01800,2025-09-05,CUST1283,Mouse,Accessories,EAST,5,800,0.2,3200.0,2100,App
ORD01801,01-08-2025,CUST1368,Tablet,Electronics,South ,3,22000,0%,66000,46500,website
ORD01802,02-22-2025,CUST1198,Headphones,Accessories,north,6,2500,5%,14250.0,8100,Marketplace
ORD01803,2025/10/17,CUST1369,Tablet,Electronics,South ,5,22000,0.1,99000.0,77500,Website
ORD01804,29/09/2025,CUST1218,Webcam,Accessories,South ,6,3200,0%,19200,11400,Website
ORD01805,2025-01-25,CUST1201,Keyboard,Accessories,South ,3,1500,0.1,4050.0,2550,Marketplace
ORD01806,05/08/2025,CUST1403,Webcam,Accessories,North,3,3200,0.05,9120.0,5700,Marketplace
ORD01807,26/06/2025,CUST1094,Webcam,Accessories,South,4,3200,0.05,12160.0,7600,Website
ORD01808,2025/11/08,CUST1157,Mouse,Accessories,West,2,800,0.1,1440.0,840,Marketplace
ORD01809,05/10/2025,CUST1049,Headphones,Accessories,EAST,3,2500,0.2,6000.0,4050,App
ORD01810,10-01-2025,CUST1111,Laptop,Electronics,South ,4,55000,0,220000,144000,APP
ORD01811,2025-01-29,CUST1367,Mouse,Accessories,South,4,800,0.05,3040.0,1680,App
ORD01812,21/11/2025,CUST1316,Smartphone,Electronics,East,4,28000,0.1,100800.0,82000,Marketplace
ORD01813,11/10/2025,CUST1364,Smartphone,Electronics,North,5,28000,0.1,126000.0,102500,website
ORD01814,03-01-2025,CUST1026,Tablet,Electronics,South ,3,22000,20%,52800.0,46500,Website
ORD01815,05/07/2025,CUST1391,Monitor,Electronics,South,3,12000,0.15,30600.0,22800,Marketplace
ORD01816,2025/03/14,CUST1102,Keyboard,Accessories,EAST,1,1500,15%,1275.0,850,APP
ORD01817,2025-04-15,CUST1271,Mouse,Accessories,North,4,800,0.2,2560.0,1680,Website
ORD01818,19/12/2025,CUST1415,Smartphone,Electronics,North,4,28000,0,112000,82000,Marketplace
ORD01819,31/03/2025,CUST1161,Tablet,Electronics,East,2,22000,0,44000,31000,App
ORD01820,03-04-2025,CUST1373,Keyboard,Accessories,EAST,4,1500,0.1,5400.0,3400,APP
ORD01821,01-26-2025,CUST1445,Monitor,Electronics,North,3,12000,0.15,30600.0,22800,website
ORD01822,08-15-2025,CUST1114,Smartphone,Electronics,West,5,28000,0.15,119000.0,102500,App
ORD01823,2025-10-28,CUST1312,Keyboard,Accessories,north,4,1500,0.15,5100.0,3400,Website
ORD01824,2025-12-20,CUST1272,Laptop,Electronics,EAST,5,55000,0.2,220000.0,180000,Marketplace
ORD01825,03-25-2025,CUST1087,Monitor,Electronics,West,5,12000,0.2,48000.0,38000,Marketplace
ORD01826,09-21-2025,CUST1421,Tablet,Electronics,West,5,22000,0.1,99000.0,77500,Marketplace
ORD01827,2025-11-22,CUST1091,Headphones,Accessories,West,5,2500,0.05,11875.0,6750,APP
ORD01828,2025/08/25,CUST1041,Monitor,Electronics,East,2,12000,0.1,21600.0,15200,APP
ORD01829,28/09/2025,CUST1217,Keyboard,Accessories,EAST,3,1500,0,4500,2550,App
ORD01830,25/09/2025,CUST1270,Monitor,Electronics,EAST,1,12000,0.05,11400.0,7600,website
ORD01831,2025-10-02,CUST1140,Monitor,Electronics,East,5,12000,0.05,57000.0,38000,APP
ORD01832,01-06-2025,CUST1075,Smartphone,Electronics,West,1,28000,0.15,23800.0,20500,website
ORD01833,2025-10-27,CUST1386,Headphones,Accessories,South ,1,2500,0.1,2250.0,1350,Website
ORD01834,2025-12-09,CUST1294,Smartphone,Electronics,north,6,28000,15%,142800.0,123000,Website
ORD01835,01-06-2025,CUST1178,Smartphone,Electronics,South ,5,28000,0.15,119000.0,102500,website
ORD01836,2025-01-22,CUST1145,Headphones,Accessories,South,5,2500,0,12500,6750,Marketplace
ORD01837,2025/04/19,CUST1105,Mouse,Accessories,West,4,800,0,3200,1680,App
ORD01838,08-14-2025,CUST1123,Headphones,Accessories,North,5,2500,0.2,10000.0,6750,Website
ORD01839,2025/11/17,CUST1340,Headphones,Accessories,South ,4,2500,0,10000,5400,Marketplace
ORD01840,2025-07-17,CUST1051,Tablet,Electronics,South,5,22000,0.05,104500.0,77500,website
ORD01841,2025-12-14,CUST1437,Smartphone,Electronics,north,5,28000,0.05,133000.0,102500,website
ORD01842,2025/11/29,CUST1413,Laptop,Electronics,North,3,55000,0.05,156750.0,108000,website
ORD01843,09/02/2025,CUST1171,Monitor,Electronics,EAST,5,12000,0.15,51000.0,38000,Marketplace
ORD01844,2025-07-29,CUST1069,Headphones,Accessories,South,1,2500,0,2500,1350,Website
ORD01845,2025-05-16,CUST1134,Webcam,Accessories,South ,2,3200,0.15,5440.0,3800,Marketplace
ORD01846,2025/08/21,CUST1294,Mouse,Accessories,West,5,800,0.1,3600.0,2100,website
ORD01847,07-25-2025,CUST1314,Laptop,Electronics,EAST,5,55000,0.05,261250.0,180000,Marketplace
ORD01848,2025/06/13,CUST1063,Mouse,Accessories,South,3,800,0.2,1920.0,1260,Website
ORD01849,2025-11-25,CUST1103,Monitor,Electronics,South,1,12000,0.15,10200.0,7600,APP
ORD01850,09-15-2025,CUST1262,Monitor,Electronics,South,5,12000,0.15,51000.0,38000,App
ORD01851,2025-07-27,CUST1309,Tablet,electronics,North,4,22000,0,88000,62000,Marketplace
ORD01852,04-09-2025,CUST1135,Webcam,Accessories,North,1,3200,0.05,3040.0,1900,Marketplace
ORD01853,02-04-2025,CUST1230,Smartphone,Electronics,North,2,28000,0,56000,41000,Marketplace
ORD01854,05-24-2025,CUST1051,Laptop,Electronics,South,6,55000,0.15,280500.0,216000,Marketplace
ORD01855,2025-07-10,CUST1324,Monitor,Electronics,South,1,12000,0.2,9600.0,7600,Marketplace
ORD01856,2025/10/06,CUST1104,Tablet,Electronics,East,2,22000,0.15,37400.0,31000,Website
ORD01857,11/09/2025,CUST1088,Smartphone,Electronics,North,2,28000,10%,50400.0,41000,APP
ORD01858,2025/11/15,CUST1110,Mouse,Accessories,North,3,800,0.15,2040.0,1260,App
ORD01859,10-07-2025,CUST1399,Smartphone,Electronics,West,1,28000,0.05,26600.0,20500,website
ORD01860,2025-03-11,CUST1173,Headphones,Accessories,north,2,2500,0.15,4250.0,2700,Marketplace
ORD01861,2025-01-16,CUST1013,Tablet,Electronics,South,2,22000,0.05,41800.0,31000,APP
ORD01862,25/08/2025,CUST1276,Laptop,Electronics,north,6,55000,0.15,280500.0,216000,Website
ORD01863,2025-09-18,CUST1411,Monitor,Electronics,East,6,12000,0.15,61200.0,45600,Marketplace
ORD01864,2025-07-28,CUST1242,Monitor,Electronics,West,5,12000,0.05,57000.0,38000,Marketplace
ORD01865,06/06/2025,CUST1094,Laptop,Electronics,North,2,55000,0.05,104500.0,72000,website
ORD01866,2025-01-08,CUST1298,Smartphone,Electronics,South ,2,28000,0.2,44800.0,41000,website
ORD01867,08-31-2025,CUST1048,Laptop,Electronics,South,2,55000,0.05,104500.0,72000,website
ORD01868,29/07/2025,CUST1138,Tablet,Electronics,EAST,5,22000,0.1,99000.0,77500,Marketplace
ORD01869,2025-10-27,CUST1163,Monitor,Electronics,north,4,12000,0,48000,30400,APP
ORD01870,2025/02/16,CUST1130,Webcam,Accessories,West,5,3200,0.15,13600.0,9500,APP
ORD01871,12-12-2025,CUST1159,Mouse,Accessories,North,4,800,0.15,2720.0,1680,APP
ORD01872,29/04/2025,CUST1043,Monitor,Electronics,North,5,12000,0,60000,38000,Website
ORD01873,26/07/2025,CUST1402,Mouse,Accessories,South,4,800,0.2,2560.0,1680,Marketplace
ORD01874,04/10/2025,CUST1060,Webcam,Accessories,north,3,3200,0.15,8160.0,5700,website
ORD01875,13/06/2025,CUST1380,Smartphone,Electronics,South ,2,28000,0,56000,41000,App
ORD01876,2025-01-08,CUST1280,Headphones,Accessories,South,-1,2500,0.05,-2375.0,-1350,Marketplace
ORD01877,2025-07-26,CUST1062,Monitor,Electronics,West,5,12000,0%,60000,38000,Website
ORD01878,12/01/2025,CUST1071,Monitor,Electronics,South,4,12000,0.2,38400.0,30400,website
ORD01879,10-25-2025,CUST1278,Tablet,Electronics,North,-2,22000,20%,-35200.0,-31000,APP
ORD01880,08-06-2025,CUST1350,Webcam,Accessories,West,2,3200,0%,6400,3800,Website
ORD01881,2025-02-19,CUST1162,Mouse,Accessories,north,4,800,0,3200,1680,APP
ORD01882,11-27-2025,CUST1076,Keyboard,Accessories,South,3,1500,0.2,3600.0,2550,Marketplace
ORD01883,2025/12/07,CUST1015,Headphones,Accessories,West,2,2500,0.1,4500.0,2700,APP
ORD01884,07/11/2025,CUST1366,Keyboard,Accessories,North,5,1500,0.1,6750.0,4250,APP
ORD01885,12/03/2025,CUST1070,Laptop,Electronics,north,2,55000,0.2,88000.0,72000,website
ORD01886,2025-11-02,CUST1254,Smartphone,Electronics,East,4,28000,5%,106400.0,82000,App
ORD01887,28/08/2025,CUST1176,Headphones,Accessories,North,6,2500,0.05,14250.0,8100,Website
ORD01888,2025-05-31,CUST1351,Monitor,Electronics,North,5,12000,0.05,57000.0,38000,App
ORD01889,2025/11/20,CUST1308,Laptop,Electronics,North,3,55000,15%,140250.0,108000,Marketplace
ORD01890,2025/08/07,CUST1044,Laptop,Electronics,South ,1,55000,0.05,52250.0,36000,App
ORD01891,04-13-2025,CUST1272,Webcam,Accessories,North,1,3200,10%,2880.0,1900,website
ORD01892,08-08-2025,CUST1335,Headphones,Accessories,South,2,2500,0.1,4500.0,2700,website
ORD01893,03/08/2025,CUST1003,Keyboard,Accessories,South ,4,1500,0%,6000,3400,App
ORD01894,2025-06-08,CUST1251,Smartphone,Electronics,north,3,28000,0.05,79800.0,61500,App
ORD01895,25/03/2025,CUST1201,Monitor,Electronics,North,6,12000,0.05,68400.0,45600,APP
ORD01896,07-20-2025,CUST1039,Webcam,Accessories,north,3,3200,0.15,8160.0,5700,website
ORD01897,29/07/2025,CUST1296,Keyboard,Accessories,South,5,1500,0.1,6750.0,4250,Marketplace
ORD01898,01-08-2025,CUST1074,Monitor,Electronics,East,5,12000,0.1,54000.0,38000,Marketplace
ORD01899,18/04/2025,CUST1056,Keyboard,Accessories,East,6,1500,0.15,7650.0,5100,website
ORD01900,2025-05-10,CUST1204,Headphones,Accessories,East,2,2500,0.1,4500.0,2700,Marketplace
ORD01901,2025-11-26,CUST1271,Monitor,Electronics,South,1,12000,0.2,9600.0,7600,Website
ORD01902,09/12/2025,CUST1370,Keyboard,Accessories,north,2,1500,0.1,2700.0,1700,Marketplace
ORD01903,10-28-2025,CUST1433,Laptop,Electronics,North,4,55000,0.15,187000.0,144000,Website
ORD01904,04/04/2025,CUST1126,Headphones,Accessories,North,3,2500,0.05,7125.0,4050,website
ORD01905,2025/01/27,CUST1027,Webcam,Accessories,South,1,3200,0.05,3040.0,1900,App
ORD01906,2025-02-01,CUST1041,Monitor,Electronics,East,5,12000,0.15,51000.0,38000,Website
ORD01907,2025-01-07,CUST1301,Tablet,Electronics,EAST,1,22000,5%,20900.0,15500,APP
ORD01908,08-01-2025,CUST1350,Monitor,Electronics,EAST,6,12000,0.15,61200.0,45600,Website
ORD01909,09-17-2025,CUST1004,Keyboard,Accessories,North,6,1500,0.15,7650.0,5100,App
ORD01910,13/08/2025,CUST1285,Headphones,Accessories,EAST,5,2500,0.05,11875.0,6750,website
ORD01911,25/09/2025,CUST1239,Tablet,Electronics,West,2,22000,0.15,37400.0,31000,Website
ORD01912,07/08/2025,CUST1346,Monitor,Electronics,EAST,5,12000,0.15,51000.0,38000,APP
ORD01913,21/11/2025,CUST1020,Tablet,Electronics,West,4,22000,0,88000,62000,APP
ORD01914,02-24-2025,CUST1401,Keyboard,Accessories,EAST,5,1500,0,7500,4250,APP
ORD01915,17/01/2025,CUST1448,Keyboard,Accessories,South,6,1500,0.1,8100.0,5100,App
ORD01916,03-04-2025,CUST1433,Laptop,Electronics,West,4,55000,0.2,176000.0,144000,website
ORD01917,2025-01-11,CUST1125,Tablet,Electronics,East,6,22000,10%,118800.0,93000,App
ORD01918,2025-02-15,CUST1245,Monitor,Electronics,South,4,12000,0.1,43200.0,30400,App
ORD01919,2025-07-06,CUST1317,Keyboard,Accessories,South,2,1500,0.1,2700.0,1700,APP
ORD01920,2025/03/12,CUST1307,Keyboard,Accessories,North,-1,1500,0,-1500,-850,Website
ORD01921,06-11-2025,CUST1390,Smartphone,Electronics,north,1,28000,0.1,25200.0,20500,website
ORD01922,2025-12-24,CUST1047,Mouse,accessories,North,2,800,0.2,1280.0,840,Website
ORD01923,2025/05/22,CUST1438,Keyboard,Accessories,East,2,1500,0.15,2550.0,1700,website
ORD01924,2025/05/07,CUST1252,Headphones,Accessories,North,6,2500,0,15000,8100,App
ORD01925,2025/04/30,CUST1437,Tablet,Electronics,North,5,22000,0,110000,77500,APP
ORD01926,08-25-2025,CUST1395,Webcam,Accessories,EAST,1,3200,0.05,3040.0,1900,website
ORD01927,2025-08-28,CUST1423,Headphones,Accessories,North,1,2500,15%,2125.0,1350,Marketplace
ORD01928,16/07/2025,CUST1050,Tablet,Electronics,East,5,22000,0.05,104500.0,77500,App
ORD01929,09-29-2025,CUST1361,Smartphone,Electronics,South,4,28000,0.1,100800.0,82000,website
ORD01930,2025/01/26,CUST1075,Smartphone,Electronics,South,3,28000,0.1,75600.0,61500,APP
ORD01931,22/09/2025,CUST1073,Tablet,Electronics,North,-2,22000,0.15,-37400.0,-31000,App
ORD01932,23/06/2025,CUST1111,Webcam,Accessories,West,4,3200,0.15,10880.0,7600,APP
ORD01933,2025/09/01,CUST1302,Webcam,Accessories,South,6,3200,0,19200,11400,Website
ORD01934,22/12/2025,CUST1242,Headphones,Accessories,West,2,2500,10%,4500.0,2700,Website
ORD01935,06-17-2025,CUST1210,Tablet,Electronics,South ,4,22000,0.1,79200.0,62000,website
ORD01936,2025-09-14,CUST1300,Tablet,Electronics,North,4,22000,0.1,79200.0,62000,App
ORD01937,27/09/2025,CUST1233,Smartphone,Electronics,South,4,28000,0.05,106400.0,82000,Website
ORD01938,2025/12/28,CUST1425,Smartphone,Electronics,West,4,28000,0%,112000,82000,website
ORD01939,11-07-2025,CUST1058,Monitor,Electronics,EAST,4,12000,5%,45600.0,30400,APP
ORD01940,2025/07/26,CUST1296,Mouse,accessories,north,1,800,0.1,720.0,420,App
ORD01941,2025-04-06,CUST1048,Smartphone,Electronics,East,6,28000,0.15,142800.0,123000,App
ORD01942,2025-12-14,CUST1230,Tablet,Electronics,EAST,1,22000,0,22000,15500,Website
ORD01943,2025-04-21,CUST1149,Mouse,Accessories,South,4,800,0,3200,1680,App
ORD01944,2025/07/31,CUST1081,Keyboard,Accessories,EAST,3,1500,0.15,3825.0,2550,website
ORD01945,2025/08/10,CUST1387,Laptop,Electronics,East,5,55000,0.05,261250.0,180000,Website
ORD01946,22/03/2025,CUST1236,Headphones,Accessories,EAST,1,2500,0.2,2000.0,1350,website
ORD01947,04-03-2025,CUST1333,Monitor,Electronics,EAST,2,12000,20%,19200.0,15200,APP
ORD01948,08/08/2025,CUST1232,Webcam,Accessories,north,6,3200,0.15,16320.0,11400,Marketplace
ORD01949,2025-07-02,CUST1231,Tablet,Electronics,north,3,22000,0.2,52800.0,46500,APP
ORD01950,2025-08-11,CUST1086,Laptop,Electronics,North,4,55000,0.15,187000.0,144000,Website
ORD01951,10-17-2025,CUST1416,Laptop,Electronics,North,2,55000,0.05,104500.0,72000,Marketplace
ORD01952,13/05/2025,CUST1126,Laptop,Electronics,North,5,55000,0.05,261250.0,180000,App
ORD01953,05-06-2025,CUST1436,Laptop,Electronics,North,2,55000,0.1,99000.0,72000,APP
ORD01954,04-26-2025,CUST1355,Headphones,Accessories,north,6,2500,0,15000,8100,App
ORD01955,2025/05/06,CUST1067,Smartphone,electronics,north,3,28000,0.05,79800.0,61500,Website
ORD01956,06-27-2025,CUST1046,Mouse,Accessories,north,1,800,0.05,760.0,420,Website
ORD01957,2025-08-16,CUST1060,Webcam,Accessories,West,3,3200,0.2,7680.0,5700,website
ORD01958,2025-04-12,CUST1196,Tablet,Electronics,EAST,3,22000,0.2,52800.0,46500,Marketplace
ORD01959,25/11/2025,CUST1092,Mouse,Accessories,North,4,800,0.1,2880.0,1680,App
ORD01960,02-21-2025,CUST1242,Mouse,Accessories,South ,6,800,0.15,4080.0,2520,APP
ORD01961,2025/11/19,CUST1061,Webcam,Accessories,EAST,1,3200,0.05,3040.0,1900,App
ORD01962,14/01/2025,CUST1138,Smartphone,Electronics,South,6,28000,0.2,134400.0,123000,Website
ORD01963,02/02/2025,CUST1368,Mouse,Accessories,North,3,800,10%,2160.0,1260,APP
ORD01964,2025/11/24,CUST1326,Mouse,Accessories,West,6,800,0,4800,2520,APP
ORD01965,06/03/2025,CUST1362,Keyboard,Accessories,South ,2,1500,0.05,2850.0,1700,Marketplace
ORD01966,12-25-2025,CUST1395,Monitor,Electronics,West,5,12000,0.05,57000.0,38000,Website
ORD01967,09/08/2025,CUST1301,Webcam,Accessories,north,5,3200,0.05,15200.0,9500,website
ORD01968,07-01-2025,CUST1221,Laptop,Electronics,north,2,55000,0.1,99000.0,72000,Marketplace
ORD01969,22/11/2025,CUST1396,Headphones,Accessories,West,6,2500,0.2,12000.0,8100,website
ORD01970,11/03/2025,CUST1185,Smartphone,Electronics,South,1,28000,0.2,22400.0,20500,Marketplace
ORD01971,07-11-2025,CUST1004,Webcam,Accessories,north,2,3200,0.2,5120.0,3800,App
ORD01972,30/06/2025,CUST1301,Webcam,Accessories,South,2,3200,0.1,5760.0,3800,Website
ORD01973,16/02/2025,CUST1304,Smartphone,electronics,North,2,28000,10%,50400.0,41000,APP
ORD01974,2025-12-26,CUST1134,Webcam,Accessories,East,2,3200,15%,5440.0,3800,Website
ORD01975,2025-10-25,CUST1009,Mouse,Accessories,north,2,800,0,1600,840,Website
ORD01976,26/01/2025,CUST1068,Monitor,Electronics,EAST,5,12000,0.05,57000.0,38000,website
ORD01977,2025-02-17,CUST1270,Mouse,Accessories,West,4,800,0,3200,1680,Website
ORD01978,2025/06/14,CUST1445,Webcam,Accessories,East,1,3200,0.15,2720.0,1900,App
ORD01979,29/12/2025,CUST1102,Headphones,Accessories,North,1,2500,0,2500,1350,website
ORD01980,06/08/2025,CUST1402,Mouse,Accessories,North,6,800,0,4800,2520,APP
ORD01981,2025-05-13,CUST1199,Monitor,Electronics,EAST,4,12000,0.1,43200.0,30400,Marketplace
ORD01982,03-01-2025,CUST1244,Tablet,Electronics,EAST,2,22000,0.15,37400.0,31000,Website
ORD01983,08-05-2025,CUST1219,Keyboard,Accessories,West,5,1500,0.1,6750.0,4250,Marketplace
ORD01984,24/06/2025,CUST1088,Tablet,Electronics,South,1,22000,0,22000,15500,Website
ORD01985,2025/03/28,CUST1086,Mouse,Accessories,East,4,800,0.1,2880.0,1680,website
ORD01986,2025-06-21,CUST1084,Webcam,Accessories,East,5,3200,0.1,14400.0,9500,APP
ORD01987,2025/07/09,CUST1088,Webcam,Accessories,West,2,3200,0.15,5440.0,3800,Marketplace
ORD01988,02-02-2025,CUST1246,Laptop,Electronics,East,5,55000,0.1,247500.0,180000,App
ORD01989,2025-02-16,CUST1297,Keyboard,Accessories,West,2,1500,0.1,2700.0,1700,APP
ORD01990,2025/02/09,CUST1377,Webcam,Accessories,South,1,3200,0.1,2880.0,1900,website
ORD01991,2025-09-16,CUST1277,Keyboard,Accessories,EAST,2,1500,15%,2550.0,1700,Marketplace
ORD01992,01/08/2025,CUST1206,Webcam,Accessories,EAST,4,3200,0.05,12160.0,7600,Website
ORD01993,2025-07-08,CUST1030,Monitor,Electronics,West,5,12000,0.1,54000.0,38000,App
ORD01994,2025/10/23,CUST1010,Keyboard,Accessories,South,3,1500,0,4500,2550,Marketplace
ORD01995,2025/07/30,CUST1303,Headphones,Accessories,South,1,2500,0.05,2375.0,1350,Website
ORD01996,2025-07-22,CUST1280,Tablet,Electronics,South,6,22000,5%,125400.0,93000,App
ORD01997,2025/08/04,CUST1260,Tablet,Electronics,West,5,22000,0.1,99000.0,77500,Marketplace
ORD01998,2025/04/22,CUST1384,Headphones,Accessories,West,6,2500,0.2,12000.0,8100,App
ORD01999,2025/06/05,CUST1204,Smartphone,electronics,EAST,6,28000,0.2,134400.0,123000,Marketplace
ORD02000,2025-11-23,CUST1355,Laptop,Electronics,East,6,55000,0.1,297000.0,216000,APP
ORD02001,2025/08/05,CUST1200,Monitor,Electronics,EAST,5,12000,0.15,51000.0,38000,Website
ORD02002,05/02/2025,CUST1392,Smartphone,Electronics,EAST,5,28000,0,140000,102500,APP
ORD02003,02-11-2025,CUST1393,Smartphone,Electronics,EAST,4,28000,0,112000,82000,App
ORD02004,08-26-2025,CUST1087,Laptop,Electronics,East,5,55000,0.15,233750.0,180000,App
ORD02005,2025-01-16,CUST1057,Mouse,Accessories,EAST,1,800,0.05,760.0,420,APP
ORD02006,2025/11/09,CUST1097,Laptop,electronics,East,4,55000,0.2,176000.0,144000,APP
ORD02007,29/09/2025,CUST1415,Mouse,Accessories,South,5,800,0.2,3200.0,2100,Website
ORD02008,2025/08/27,CUST1324,Monitor,Electronics,South ,4,12000,0.15,40800.0,30400,Marketplace
ORD02009,2025-12-06,CUST1052,Monitor,Electronics,EAST,3,12000,0.2,28800.0,22800,Marketplace
ORD02010,2025-10-25,CUST1058,Smartphone,Electronics,north,-2,28000,20%,-44800.0,-41000,App
ORD02011,2025-07-31,CUST1265,Laptop,Electronics,EAST,4,55000,0,220000,144000,Website
ORD02012,21/08/2025,CUST1333,Smartphone,Electronics,East,5,28000,0.05,133000.0,102500,Marketplace
ORD02013,09-27-2025,CUST1289,Laptop,Electronics,South ,6,55000,0,330000,216000,website
ORD02014,2025-11-20,CUST1368,Monitor,Electronics,West,4,12000,20%,38400.0,30400,Website
ORD02015,2025-03-29,CUST1122,Webcam,Accessories,West,2,3200,0,6400,3800,Website
ORD02016,2025/11/22,CUST1322,Webcam,Accessories,South ,2,3200,0.1,5760.0,3800,Marketplace
ORD02017,06-21-2025,CUST1414,Tablet,Electronics,South ,1,22000,0,22000,15500,App
ORD02018,02/06/2025,CUST1114,Headphones,Accessories,South,2,2500,0.15,4250.0,2700,Website
ORD02019,2025-04-04,CUST1127,Keyboard,Accessories,South ,5,1500,0.15,6375.0,4250,website
ORD02020,01-01-2025,CUST1021,Keyboard,Accessories,South,2,1500,0.15,2550.0,1700,website
ORD02021,05-11-2025,CUST1347,Monitor,electronics,South,6,12000,0.2,57600.0,45600,website
ORD02022,2025/12/26,CUST1127,Smartphone,Electronics,East,1,28000,0.1,25200.0,20500,website
ORD02023,2025/07/30,CUST1309,Smartphone,Electronics,north,2,28000,15%,47600.0,41000,website
ORD02024,26/05/2025,CUST1069,Smartphone,Electronics,East,3,28000,0.2,67200.0,61500,App
ORD02025,2025/11/06,CUST1213,Smartphone,Electronics,West,2,28000,0.15,47600.0,41000,APP
ORD02026,26/10/2025,CUST1301,Mouse,Accessories,north,3,800,0.15,2040.0,1260,APP
ORD02027,2025/05/07,CUST1312,Tablet,Electronics,EAST,4,22000,0.2,70400.0,62000,website
ORD02028,01-07-2025,CUST1311,Mouse,Accessories,North,3,800,0.2,1920.0,1260,Marketplace
ORD02029,2025-04-13,CUST1015,Mouse,accessories,North,5,800,0,4000,2100,Marketplace
ORD02030,2025-06-02,CUST1405,Tablet,Electronics,South ,4,22000,0.05,83600.0,62000,App
ORD02031,2025/01/18,CUST1164,Monitor,Electronics,South ,2,12000,10%,21600.0,15200,APP
ORD02032,29/08/2025,CUST1380,Webcam,Accessories,South ,6,3200,0.1,17280.0,11400,App
ORD02033,01/06/2025,CUST1015,Smartphone,Electronics,West,1,28000,0.2,22400.0,20500,website
ORD02034,08/08/2025,CUST1291,Monitor,Electronics,EAST,5,12000,0.1,54000.0,38000,APP
ORD02035,01-18-2025,CUST1125,Headphones,Accessories,North,-2,2500,0.2,-4000.0,-2700,website
ORD02036,12/11/2025,CUST1387,Monitor,Electronics,South ,5,12000,0.15,51000.0,38000,Marketplace
ORD02037,04/01/2025,CUST1037,Keyboard,Accessories,West,4,1500,0.1,5400.0,3400,APP
ORD02038,11/06/2025,CUST1037,Laptop,Electronics,East,1,55000,0.15,46750.0,36000,Website
ORD02039,2025-04-26,CUST1302,Smartphone,Electronics,West,1,28000,0.05,26600.0,20500,App
ORD02040,04-18-2025,CUST1140,Mouse,Accessories,East,3,800,0.05,2280.0,1260,APP
ORD02041,2025/11/08,CUST1443,Keyboard,Accessories,South,4,1500,15%,5100.0,3400,Marketplace
ORD02042,2025-02-03,CUST1402,Tablet,Electronics,North,4,22000,10%,79200.0,62000,APP
ORD02043,2025-07-02,CUST1137,Mouse,Accessories,South,6,800,0.05,4560.0,2520,Marketplace
ORD02044,2025-01-19,CUST1373,Monitor,Electronics,North,5,12000,0.1,54000.0,38000,Marketplace
ORD02045,2025/08/20,CUST1024,Webcam,Accessories,EAST,6,3200,0.1,17280.0,11400,website
ORD02046,01-02-2025,CUST1163,Laptop,Electronics,North,5,55000,0.05,261250.0,180000,APP
ORD02047,2025-05-22,CUST1348,Mouse,Accessories,West,5,800,0.2,3200.0,2100,website
ORD02048,2025/03/24,CUST1350,Laptop,Electronics,South ,2,55000,0.2,88000.0,72000,Website
ORD02049,12-04-2025,CUST1046,Laptop,Electronics,West,2,55000,0.15,93500.0,72000,Marketplace
ORD02050,21/12/2025,CUST1028,Mouse,Accessories,north,2,800,0.05,1520.0,840,website
ORD02051,2025/06/03,CUST1249,Laptop,Electronics,South ,5,55000,0.2,220000.0,180000,APP
ORD02052,10-13-2025,CUST1443,Smartphone,Electronics,North,1,28000,0,28000,20500,App
ORD02053,12-15-2025,CUST1287,Webcam,Accessories,South,4,3200,0%,12800,7600,website
ORD02054,2025/05/04,CUST1408,Monitor,Electronics,South,1,12000,0.2,9600.0,7600,App
ORD02055,01-10-2025,CUST1364,Tablet,Electronics,West,6,22000,0,132000,93000,Website
ORD02056,09-30-2025,CUST1199,Smartphone,Electronics,EAST,6,28000,5%,159600.0,123000,APP
ORD02057,2025/10/21,CUST1208,Mouse,Accessories,West,5,800,0.1,3600.0,2100,App
ORD02058,2025-05-08,CUST1378,Webcam,Accessories,North,-2,3200,0.1,-5760.0,-3800,App
ORD02059,2025-07-11,CUST1169,Tablet,Electronics,North,1,22000,0.05,20900.0,15500,website
ORD02060,02/05/2025,CUST1374,Webcam,Accessories,South ,2,3200,0.15,5440.0,3800,Website
ORD02061,28/11/2025,CUST1300,Keyboard,Accessories,North,1,1500,0.2,1200.0,850,App
ORD02062,01-31-2025,CUST1080,Laptop,Electronics,EAST,2,55000,0.1,99000.0,72000,website
ORD02063,2025/07/09,CUST1021,Headphones,Accessories,South ,2,2500,0,5000,2700,APP
ORD02064,08-09-2025,CUST1415,Tablet,Electronics,South ,3,22000,0.15,56100.0,46500,APP
ORD02065,03-12-2025,CUST1168,Keyboard,Accessories,North,6,1500,0.2,7200.0,5100,Website
ORD02066,10-13-2025,CUST1271,Monitor,Electronics,EAST,6,12000,0.2,57600.0,45600,Marketplace
ORD02067,2025-06-19,CUST1252,Smartphone,Electronics,North,2,28000,0.2,44800.0,41000,Marketplace
ORD02068,25/12/2025,CUST1158,Laptop,Electronics,North,2,55000,15%,93500.0,72000,website
ORD02069,2025-01-06,CUST1187,Smartphone,Electronics,North,4,28000,15%,95200.0,82000,Website
ORD02070,2025-07-11,CUST1216,Laptop,Electronics,North,1,55000,0.15,46750.0,36000,Marketplace
ORD02071,08-05-2025,CUST1038,Tablet,Electronics,north,5,22000,0,110000,77500,Marketplace
ORD02072,06-07-2025,CUST1109,Keyboard,Accessories,EAST,1,1500,0.15,1275.0,850,Marketplace
ORD02073,2025-12-22,CUST1388,Laptop,Electronics,north,3,55000,0.15,140250.0,108000,APP
ORD02074,2025/09/30,CUST1063,Keyboard,Accessories,South,6,1500,0.15,7650.0,5100,Marketplace
ORD02075,2025/11/07,CUST1025,Tablet,Electronics,South,4,22000,0.2,70400.0,62000,website
ORD02076,31/08/2025,CUST1083,Keyboard,Accessories,East,2,1500,0,3000,1700,website
ORD02077,08/09/2025,CUST1107,Mouse,Accessories,EAST,2,800,0.2,1280.0,840,website
ORD02078,2025/05/29,CUST1411,Smartphone,Electronics,West,5,28000,0.05,133000.0,102500,website
ORD02079,13/11/2025,CUST1114,Smartphone,Electronics,EAST,3,28000,0.05,79800.0,61500,Marketplace
ORD02080,2025-11-30,CUST1033,Smartphone,Electronics,South,2,28000,5%,53200.0,41000,App
ORD02081,2025-03-31,CUST1309,Keyboard,Accessories,South,2,1500,0.05,2850.0,1700,APP
ORD02082,01-05-2025,CUST1064,Headphones,Accessories,North,3,2500,0,7500,4050,website
ORD02083,2025-06-15,CUST1366,Monitor,Electronics,EAST,2,12000,0.2,19200.0,15200,Marketplace
ORD02084,06/05/2025,CUST1065,Smartphone,Electronics,West,2,28000,0.15,47600.0,41000,website
ORD02085,2025/04/22,CUST1205,Webcam,Accessories,South ,6,3200,0.2,15360.0,11400,website
ORD02086,2025-01-15,CUST1171,Mouse,Accessories,South,5,800,10%,3600.0,2100,APP
ORD02087,09-15-2025,CUST1372,Keyboard,Accessories,West,1,1500,0,1500,850,Marketplace
ORD02088,2025/01/10,CUST1070,Webcam,Accessories,North,4,3200,0.1,11520.0,7600,website
ORD02089,03-23-2025,CUST1324,Laptop,Electronics,EAST,2,55000,0.15,93500.0,72000,website
ORD02090,2025/05/15,CUST1330,Monitor,Electronics,North,3,12000,0.2,28800.0,22800,APP
ORD02091,2025-04-22,CUST1131,Tablet,Electronics,South ,6,22000,0.2,105600.0,93000,APP
ORD02092,07/08/2025,CUST1073,Headphones,Accessories,EAST,3,2500,0,7500,4050,website
ORD02093,2025/06/01,CUST1051,Smartphone,Electronics,South,6,28000,0.05,159600.0,123000,APP
ORD02094,10-27-2025,CUST1116,Monitor,Electronics,North,6,12000,0,72000,45600,Website
ORD02095,04-04-2025,CUST1254,Webcam,Accessories,EAST,6,3200,0.05,18240.0,11400,App
ORD02096,24/06/2025,CUST1065,Tablet,Electronics,north,6,22000,0.2,105600.0,93000,APP
ORD02097,2025/11/29,CUST1267,Headphones,Accessories,South ,6,2500,0.2,12000.0,8100,Website
ORD02098,04-13-2025,CUST1200,Keyboard,accessories,South ,5,1500,0.1,6750.0,4250,Marketplace
ORD02099,21/09/2025,CUST1347,Tablet,Electronics,North,5,22000,0.1,99000.0,77500,APP
ORD02100,16/08/2025,CUST1213,Webcam,Accessories,West,1,3200,0,3200,1900,App
ORD02101,2025/01/04,CUST1142,Headphones,Accessories,South ,3,2500,0.1,6750.0,4050,APP
ORD02102,07-24-2025,CUST1240,Headphones,Accessories,North,4,2500,10%,9000.0,5400,Website
ORD02103,27/01/2025,CUST1149,Tablet,Electronics,East,3,22000,0.2,52800.0,46500,Website
ORD02104,08-01-2025,CUST1133,Keyboard,Accessories,north,3,1500,0,4500,2550,APP
ORD02105,10/11/2025,CUST1270,Keyboard,Accessories,north,1,1500,0.05,1425.0,850,website
ORD02106,2025/01/09,CUST1010,Mouse,Accessories,West,3,800,0.15,2040.0,1260,App
ORD02107,24/01/2025,CUST1023,Keyboard,Accessories,East,2,1500,0.05,2850.0,1700,Website
ORD02108,2025-10-04,CUST1108,Mouse,Accessories,north,1,800,0.2,640.0,420,Website
ORD02109,2025/10/26,CUST1069,Monitor,Electronics,East,5,12000,0.15,51000.0,38000,App
ORD02110,10-12-2025,CUST1162,Mouse,Accessories,West,3,800,0.15,2040.0,1260,App
ORD02111,2025/07/01,CUST1327,Tablet,Electronics,South,-2,22000,0.2,-35200.0,-31000,APP
ORD02112,2025/05/09,CUST1000,Headphones,Accessories,north,5,2500,20%,10000.0,6750,Marketplace
ORD02113,19/05/2025,CUST1170,Laptop,Electronics,north,2,55000,0,110000,72000,Website
ORD02114,2025/08/28,CUST1340,Keyboard,Accessories,East,2,1500,0,3000,1700,APP
ORD02115,08-12-2025,CUST1351,Headphones,Accessories,South,1,2500,10%,2250.0,1350,App
ORD02116,2025/01/02,CUST1356,Smartphone,Electronics,East,5,28000,0.1,126000.0,102500,Website
ORD02117,2025-10-20,CUST1377,Mouse,Accessories,South ,6,800,0.05,4560.0,2520,APP
ORD02118,12/07/2025,CUST1050,Keyboard,Accessories,West,2,1500,0.15,2550.0,1700,App
ORD02119,2025-12-25,CUST1190,Webcam,Accessories,EAST,2,3200,0.2,5120.0,3800,APP
ORD02120,02-16-2025,CUST1288,Smartphone,Electronics,north,3,28000,0.05,79800.0,61500,APP
ORD02121,31/10/2025,CUST1334,Webcam,Accessories,West,2,3200,0.05,6080.0,3800,APP
ORD02122,2025-09-15,CUST1018,Smartphone,Electronics,EAST,2,28000,0.05,53200.0,41000,website
ORD02123,2025/06/11,CUST1297,Tablet,Electronics,East,1,22000,0.2,17600.0,15500,Website
ORD02124,2025-11-18,CUST1431,Tablet,Electronics,South,3,22000,0.1,59400.0,46500,website
ORD02125,09-21-2025,CUST1189,Monitor,Electronics,north,3,12000,0.15,30600.0,22800,website
ORD02126,27/03/2025,CUST1268,Mouse,accessories,South,5,800,0.1,3600.0,2100,Website
ORD02127,17/12/2025,CUST1058,Monitor,Electronics,EAST,2,12000,0.05,22800.0,15200,APP
ORD02128,2025-01-15,CUST1079,Headphones,Accessories,South ,6,2500,0,15000,8100,APP
ORD02129,2025/09/25,CUST1003,Monitor,Electronics,West,5,12000,0.05,57000.0,38000,APP
ORD02130,19/01/2025,CUST1198,Tablet,Electronics,South,5,22000,0.05,104500.0,77500,App
ORD02131,2025-05-21,CUST1124,Webcam,Accessories,North,6,3200,0.1,17280.0,11400,website
ORD02132,09-09-2025,CUST1353,Webcam,Accessories,EAST,5,3200,0.05,15200.0,9500,website
ORD02133,2025-08-15,CUST1348,Monitor,Electronics,East,2,12000,5%,22800.0,15200,website
ORD02134,13/12/2025,CUST1264,Smartphone,Electronics,EAST,6,28000,0,168000,123000,Marketplace
ORD02135,05-15-2025,CUST1032,Headphones,Accessories,West,5,2500,0.2,10000.0,6750,Website
ORD02136,2025/11/30,CUST1058,Smartphone,Electronics,EAST,2,28000,0.1,50400.0,41000,website
ORD02137,2025/10/01,CUST1275,Laptop,Electronics,South,5,55000,0.15,233750.0,180000,App
ORD02138,2025/11/24,CUST1294,Keyboard,Accessories,North,3,1500,0.15,3825.0,2550,App
ORD02139,05/08/2025,CUST1313,Webcam,Accessories,South,3,3200,0%,9600,5700,website
ORD02140,17/09/2025,CUST1307,Monitor,Electronics,South ,3,12000,0.2,28800.0,22800,App
ORD02141,06/12/2025,CUST1363,Monitor,Electronics,north,5,12000,0.15,51000.0,38000,Website
ORD02142,19/06/2025,CUST1153,Keyboard,Accessories,EAST,6,1500,0.05,8550.0,5100,Marketplace
ORD02143,2025-02-05,CUST1238,Keyboard,Accessories,East,5,1500,0.05,7125.0,4250,Marketplace
ORD02144,07-16-2025,CUST1278,Keyboard,Accessories,North,4,1500,0.05,5700.0,3400,website
ORD02145,18/05/2025,CUST1084,Monitor,Electronics,South ,4,12000,0,48000,30400,Website
ORD02146,07-27-2025,CUST1428,Monitor,Electronics,West,6,12000,0.1,64800.0,45600,website
ORD02147,12-24-2025,CUST1013,Keyboard,Accessories,South,5,1500,0.05,7125.0,4250,APP
ORD02148,2025-03-06,CUST1415,Keyboard,Accessories,EAST,6,1500,0.05,8550.0,5100,Marketplace
ORD02149,2025/01/16,CUST1193,Webcam,Accessories,North,6,3200,5%,18240.0,11400,APP
ORD02150,2025/07/13,CUST1123,Webcam,Accessories,EAST,1,3200,0,3200,1900,Website
ORD02151,10/03/2025,CUST1371,Mouse,Accessories,West,3,800,0.2,1920.0,1260,APP
ORD02152,2025-04-24,CUST1167,Headphones,Accessories,East,5,2500,0%,12500,6750,Marketplace
ORD02153,07-26-2025,CUST1032,Keyboard,Accessories,EAST,1,1500,0.2,1200.0,850,website
ORD02154,2025/07/04,CUST1126,Keyboard,Accessories,South,2,1500,0.15,2550.0,1700,website
ORD02155,04-22-2025,CUST1298,Headphones,Accessories,South ,6,2500,0.15,12750.0,8100,App
ORD02156,06/09/2025,CUST1439,Webcam,Accessories,EAST,3,3200,0,9600,5700,APP
ORD02157,06-15-2025,CUST1399,Headphones,Accessories,South ,3,2500,0,7500,4050,Marketplace
ORD02158,2025-10-09,CUST1153,Smartphone,Electronics,South,2,28000,0.2,44800.0,41000,App
ORD02159,02-03-2025,CUST1351,Headphones,Accessories,north,3,2500,0.15,6375.0,4050,App
ORD02160,03-18-2025,CUST1109,Monitor,Electronics,EAST,3,12000,0.2,28800.0,22800,Website
ORD02161,2025/05/29,CUST1048,Headphones,Accessories,North,3,2500,0.05,7125.0,4050,APP
ORD02162,07-11-2025,CUST1105,Laptop,Electronics,East,1,55000,0.2,44000.0,36000,Website
ORD02163,2025-02-03,CUST1248,Webcam,Accessories,North,4,3200,0.2,10240.0,7600,APP
ORD02164,08-22-2025,CUST1389,Webcam,Accessories,North,6,3200,0.2,15360.0,11400,website
ORD02165,25/11/2025,CUST1414,Laptop,Electronics,East,2,55000,0.15,93500.0,72000,Marketplace
ORD02166,2025-04-02,CUST1094,Mouse,Accessories,West,1,800,15%,680.0,420,Marketplace
ORD02167,11-28-2025,CUST1379,Laptop,Electronics,East,6,55000,0.1,297000.0,216000,App
ORD02168,14/01/2025,CUST1009,Tablet,Electronics,EAST,1,22000,0,22000,15500,website
ORD02169,2025-08-06,CUST1163,Smartphone,Electronics,north,2,28000,0.05,53200.0,41000,App
ORD02170,2025-04-05,CUST1435,Laptop,Electronics,EAST,3,55000,0.15,140250.0,108000,App
ORD02171,12/05/2025,CUST1186,Mouse,Accessories,West,2,800,20%,1280.0,840,Website
ORD02172,20/04/2025,CUST1155,Keyboard,Accessories,West,3,1500,0.15,3825.0,2550,Marketplace
ORD02173,2025/06/02,CUST1098,Webcam,Accessories,South ,1,3200,0.05,3040.0,1900,Website
ORD02174,26/10/2025,CUST1141,Webcam,Accessories,north,4,3200,0.15,10880.0,7600,Marketplace
ORD02175,01/04/2025,CUST1196,Mouse,Accessories,West,3,800,0.15,2040.0,1260,Marketplace
ORD02176,20/06/2025,CUST1189,Monitor,Electronics,EAST,3,12000,0.15,30600.0,22800,APP
ORD02177,02-01-2025,CUST1112,Webcam,Accessories,EAST,4,3200,10%,11520.0,7600,APP
ORD02178,12-24-2025,CUST1341,Keyboard,Accessories,South,4,1500,0.1,5400.0,3400,APP
ORD02179,25/10/2025,CUST1078,Webcam,Accessories,South ,2,3200,0.2,5120.0,3800,website
ORD02180,2025/09/10,CUST1442,Keyboard,Accessories,West,1,1500,0.1,1350.0,850,App
ORD02181,2025/11/17,CUST1280,Mouse,Accessories,South ,3,800,0.1,2160.0,1260,website
ORD02182,05-07-2025,CUST1289,Laptop,Electronics,South ,4,55000,0,220000,144000,App
ORD02183,2025-11-12,CUST1051,Monitor,Electronics,EAST,4,12000,0,48000,30400,APP
ORD02184,02/12/2025,CUST1242,Tablet,Electronics,North,1,22000,0,22000,15500,website
ORD02185,2025/12/20,CUST1283,Laptop,Electronics,North,1,55000,0.1,49500.0,36000,APP
ORD02186,03-13-2025,CUST1203,Keyboard,Accessories,north,5,1500,5%,7125.0,4250,Marketplace
ORD02187,15/08/2025,CUST1198,Headphones,Accessories,East,6,2500,0.1,13500.0,8100,Marketplace
ORD02188,07-27-2025,CUST1005,Mouse,Accessories,EAST,5,800,0,4000,2100,APP
ORD02189,2025/05/15,CUST1367,Monitor,Electronics,West,6,12000,0,72000,45600,Website
ORD02190,2025-11-14,CUST1016,Laptop,Electronics,West,4,55000,0.2,176000.0,144000,Website
ORD02191,03-28-2025,CUST1374,Laptop,Electronics,EAST,1,55000,0.15,46750.0,36000,Website
ORD02192,2025/04/10,CUST1336,Keyboard,Accessories,South ,3,1500,0.05,4275.0,2550,Marketplace
ORD02193,2025-10-01,CUST1036,Laptop,Electronics,West,5,55000,0.2,220000.0,180000,APP
ORD02194,2025-04-21,CUST1395,Keyboard,accessories,EAST,-2,1500,0%,-3000,-1700,Marketplace
ORD02195,2025/12/02,CUST1060,Laptop,Electronics,north,2,55000,0.2,88000.0,72000,Website
ORD02196,07/02/2025,CUST1132,Laptop,Electronics,South ,2,55000,0.1,99000.0,72000,Marketplace
ORD02197,2025-06-04,CUST1356,Smartphone,Electronics,South ,1,28000,0.05,26600.0,20500,Website
ORD02198,2025/09/06,CUST1050,Mouse,Accessories,North,5,800,15%,3400.0,2100,website
ORD02199,2025-03-01,CUST1069,Smartphone,Electronics,West,6,28000,0,168000,123000,Website
ORD02200,2025/03/24,CUST1435,Monitor,Electronics,East,3,12000,0%,36000,22800,App
ORD02201,2025/09/06,CUST1150,Mouse,Accessories,South,4,800,0.15,2720.0,1680,APP
ORD02202,2025/02/06,CUST1062,Monitor,Electronics,East,1,12000,0.15,10200.0,7600,App
ORD02203,08/05/2025,CUST1042,Monitor,Electronics,South,3,12000,0.1,32400.0,22800,Marketplace
ORD02204,01-27-2025,CUST1416,Webcam,Accessories,South,6,3200,0.05,18240.0,11400,Marketplace
ORD02205,2025/03/31,CUST1368,Keyboard,Accessories,South ,1,1500,0,1500,850,website
ORD02206,2025/10/26,CUST1309,Keyboard,Accessories,north,5,1500,0.2,6000.0,4250,APP
ORD02207,04-24-2025,CUST1221,Headphones,Accessories,South ,1,2500,0.2,2000.0,1350,website
ORD02208,2025/04/17,CUST1079,Keyboard,Accessories,South,2,1500,0.05,2850.0,1700,Marketplace
ORD02209,2025-07-27,CUST1150,Keyboard,Accessories,South ,4,1500,0,6000,3400,Marketplace
ORD02210,2025/02/26,CUST1398,Webcam,Accessories,North,5,3200,0.15,13600.0,9500,Website
ORD02211,2025-11-23,CUST1248,Laptop,Electronics,South,6,55000,0.1,297000.0,216000,Website
ORD02212,30/08/2025,CUST1071,Mouse,Accessories,north,5,800,0,4000,2100,App
ORD02213,03/04/2025,CUST1269,Smartphone,Electronics,north,3,28000,0,84000,61500,APP
ORD02214,11-01-2025,CUST1231,Laptop,Electronics,North,3,55000,0%,165000,108000,App
ORD02215,07-10-2025,CUST1099,Monitor,Electronics,EAST,2,12000,0.1,21600.0,15200,website
ORD02216,03-16-2025,CUST1250,Smartphone,Electronics,North,1,28000,0.15,23800.0,20500,APP
ORD02217,08-26-2025,CUST1052,Laptop,Electronics,EAST,2,55000,20%,88000.0,72000,Marketplace
ORD02218,05-05-2025,CUST1147,Headphones,Accessories,West,2,2500,0.2,4000.0,2700,website
ORD02219,28/05/2025,CUST1011,Smartphone,Electronics,EAST,5,28000,0,140000,102500,Marketplace
ORD02220,2025-09-12,CUST1341,Laptop,Electronics,South,6,55000,0.05,313500.0,216000,APP
ORD02221,08-16-2025,CUST1176,Mouse,Accessories,EAST,-2,800,0.15,-1360.0,-840,Marketplace
ORD02222,2025-10-31,CUST1427,Laptop,Electronics,West,5,55000,0.1,247500.0,180000,APP
ORD02223,2025/11/23,CUST1007,Keyboard,Accessories,South ,3,1500,0.05,4275.0,2550,Website
ORD02224,2025/07/18,CUST1022,Tablet,Electronics,East,2,22000,0.05,41800.0,31000,App
ORD02225,2025-08-16,CUST1071,Mouse,Accessories,South ,4,800,20%,2560.0,1680,Website
ORD02226,2025/09/20,CUST1151,Tablet,Electronics,West,6,22000,0.15,112200.0,93000,website
ORD02227,03/04/2025,CUST1128,Laptop,Electronics,East,5,55000,0.1,247500.0,180000,APP
ORD02228,01-03-2025,CUST1126,Monitor,Electronics,West,4,12000,0.05,45600.0,30400,APP
ORD02229,2025-02-25,CUST1196,Headphones,Accessories,West,3,2500,0.15,6375.0,4050,APP
ORD02230,13/07/2025,CUST1113,Keyboard,Accessories,north,2,1500,0.1,2700.0,1700,Marketplace
ORD02231,12/12/2025,CUST1268,Headphones,Accessories,North,2,2500,0.05,4750.0,2700,Marketplace
ORD02232,2025-01-11,CUST1226,Webcam,Accessories,West,4,3200,0.05,12160.0,7600,Marketplace
ORD02233,22/03/2025,CUST1061,Smartphone,Electronics,South,1,28000,10%,25200.0,20500,APP
ORD02234,04-01-2025,CUST1384,Mouse,Accessories,South,4,800,0,3200,1680,Website
ORD02235,2025-04-29,CUST1094,Laptop,Electronics,West,3,55000,0.2,132000.0,108000,Website
ORD02236,10/12/2025,CUST1250,Monitor,Electronics,North,5,12000,0.05,57000.0,38000,APP
ORD02237,2025/02/01,CUST1074,Laptop,Electronics,East,2,55000,0.2,88000.0,72000,website
ORD02238,12-13-2025,CUST1001,Tablet,Electronics,north,1,22000,0.2,17600.0,15500,APP
ORD02239,2025/03/15,CUST1333,Keyboard,Accessories,West,3,1500,0.05,4275.0,2550,APP
ORD02240,2025/02/08,CUST1006,Webcam,Accessories,North,3,3200,0.15,8160.0,5700,APP
ORD02241,2025/06/01,CUST1364,Monitor,Electronics,North,1,12000,0.15,10200.0,7600,Marketplace
ORD02242,2025-04-01,CUST1420,Webcam,Accessories,East,1,3200,5%,3040.0,1900,website
ORD02243,2025-10-08,CUST1345,Monitor,Electronics,West,6,12000,20%,57600.0,45600,APP
ORD02244,15/12/2025,CUST1069,Webcam,Accessories,South ,6,3200,0.15,16320.0,11400,website
ORD02245,03-05-2025,CUST1331,Smartphone,Electronics,West,1,28000,0.05,26600.0,20500,App
ORD02246,2025-09-12,CUST1382,Keyboard,Accessories,EAST,2,1500,0.2,2400.0,1700,Marketplace
ORD02247,05-06-2025,CUST1306,Smartphone,Electronics,north,2,28000,0,56000,41000,website
ORD02248,14/07/2025,CUST1410,Smartphone,Electronics,West,4,28000,0.2,89600.0,82000,Marketplace
ORD02249,10-19-2025,CUST1341,Headphones,Accessories,EAST,2,2500,0.2,4000.0,2700,website
ORD02250,30/06/2025,CUST1446,Webcam,Accessories,North,4,3200,0.1,11520.0,7600,App
ORD02251,2025/09/07,CUST1427,Headphones,Accessories,West,3,2500,0.05,7125.0,4050,Marketplace
ORD02252,2025/07/17,CUST1081,Webcam,Accessories,EAST,3,3200,0.2,7680.0,5700,APP
ORD02253,2025-05-28,CUST1211,Monitor,Electronics,north,1,12000,0.1,10800.0,7600,website
ORD02254,2025/06/17,CUST1392,Headphones,Accessories,West,1,2500,0.05,2375.0,1350,website
ORD02255,31/12/2025,CUST1131,Mouse,Accessories,East,6,800,0.1,4320.0,2520,App
ORD02256,2025-02-07,CUST1095,Monitor,Electronics,South,3,12000,0.15,30600.0,22800,Marketplace
ORD02257,2025/09/10,CUST1439,Laptop,Electronics,East,3,55000,0.1,148500.0,108000,Website
ORD02258,24/09/2025,CUST1047,Laptop,Electronics,north,4,55000,0,220000,144000,App
ORD02259,05-05-2025,CUST1162,Smartphone,Electronics,West,6,28000,0,168000,123000,website
ORD02260,24/07/2025,CUST1434,Laptop,Electronics,EAST,4,55000,0.05,209000.0,144000,APP
ORD02261,2025-08-07,CUST1420,Monitor,Electronics,North,1,12000,0.05,11400.0,7600,APP
ORD02262,30/05/2025,CUST1104,Keyboard,Accessories,South,2,1500,0.15,2550.0,1700,website
ORD02263,2025/08/20,CUST1255,Webcam,Accessories,South ,1,3200,0.2,2560.0,1900,Website
ORD02264,2025/12/24,CUST1448,Laptop,Electronics,South,3,55000,0.1,148500.0,108000,Website
ORD02265,15/10/2025,CUST1074,Webcam,Accessories,East,3,3200,0.2,7680.0,5700,Website
ORD02266,10-16-2025,CUST1200,Laptop,Electronics,East,6,55000,0%,330000,216000,APP
ORD02267,2025-12-20,CUST1146,Laptop,Electronics,North,5,55000,0,275000,180000,Website
ORD02268,05-25-2025,CUST1038,Mouse,Accessories,EAST,1,800,0.1,720.0,420,Marketplace
ORD02269,2025/04/08,CUST1163,Monitor,Electronics,North,3,12000,0.2,28800.0,22800,App
ORD02270,01-22-2025,CUST1229,Laptop,Electronics,EAST,1,55000,0.15,46750.0,36000,website
ORD02271,2025-10-09,CUST1207,Monitor,Electronics,north,5,12000,0,60000,38000,APP
ORD02272,2025/11/27,CUST1217,Tablet,Electronics,north,6,22000,0,132000,93000,website
ORD02273,27/02/2025,CUST1339,Tablet,Electronics,West,4,22000,0.15,74800.0,62000,Website
ORD02274,09-01-2025,CUST1097,Headphones,Accessories,South ,1,2500,0.1,2250.0,1350,APP
ORD02275,04/02/2025,CUST1186,Webcam,Accessories,South,3,3200,0.15,8160.0,5700,APP
ORD02276,2025-12-02,CUST1239,Smartphone,Electronics,South ,3,28000,0.05,79800.0,61500,website
ORD02277,2025/06/21,CUST1219,Monitor,Electronics,north,6,12000,0.1,64800.0,45600,App
ORD02278,2025/01/03,CUST1091,Smartphone,Electronics,West,5,28000,0.1,126000.0,102500,website
ORD02279,2025-10-31,CUST1084,Mouse,Accessories,EAST,3,800,10%,2160.0,1260,APP
ORD02280,09/07/2025,CUST1003,Monitor,Electronics,north,2,12000,0,24000,15200,website
ORD02281,06/03/2025,CUST1247,Laptop,Electronics,West,6,55000,0.15,280500.0,216000,website
ORD02282,2025/03/01,CUST1101,Keyboard,accessories,north,2,1500,0.1,2700.0,1700,Website
ORD02283,01-05-2025,CUST1072,Monitor,Electronics,South ,2,12000,0%,24000,15200,Marketplace
ORD02284,2025/09/08,CUST1240,Laptop,Electronics,north,3,55000,0.15,140250.0,108000,website
ORD02285,03-03-2025,CUST1395,Tablet,Electronics,EAST,1,22000,0.15,18700.0,15500,website
ORD02286,2025-07-28,CUST1008,Webcam,Accessories,East,5,3200,0.05,15200.0,9500,App
ORD02287,24/03/2025,CUST1355,Webcam,Accessories,EAST,6,3200,0.1,17280.0,11400,Website
ORD02288,10-24-2025,CUST1354,Keyboard,Accessories,South ,2,1500,0.2,2400.0,1700,App
ORD02289,2025-08-04,CUST1168,Monitor,Electronics,South ,3,12000,0.15,30600.0,22800,Website
ORD02290,2025/01/23,CUST1178,Smartphone,Electronics,South ,4,28000,0%,112000,82000,App
ORD02291,09/12/2025,CUST1112,Tablet,Electronics,north,3,22000,0.2,52800.0,46500,APP
ORD02292,2025/04/16,CUST1291,Monitor,Electronics,East,5,12000,5%,57000.0,38000,website
ORD02293,05/05/2025,CUST1415,Webcam,Accessories,South,6,3200,0.15,16320.0,11400,Website
ORD02294,09-11-2025,CUST1201,Webcam,Accessories,East,4,3200,0.1,11520.0,7600,APP
ORD02295,27/03/2025,CUST1010,Smartphone,Electronics,South ,3,28000,0%,84000,61500,Website
ORD02296,02-14-2025,CUST1143,Webcam,Accessories,South,1,3200,10%,2880.0,1900,website
ORD02297,28/02/2025,CUST1120,Mouse,Accessories,West,6,800,0,4800,2520,App
ORD02298,2025-07-15,CUST1301,Mouse,Accessories,EAST,1,800,0,800,420,APP
ORD02299,10-29-2025,CUST1437,Tablet,Electronics,North,5,22000,0,110000,77500,App
ORD02300,27/09/2025,CUST1319,Headphones,Accessories,north,6,2500,10%,13500.0,8100,App
ORD02301,2025/01/26,CUST1201,Mouse,Accessories,South ,6,800,0.15,4080.0,2520,Website
ORD02302,09-20-2025,CUST1399,Smartphone,Electronics,South ,6,28000,0.15,142800.0,123000,Marketplace
ORD02303,2025-08-23,CUST1018,Headphones,Accessories,South ,6,2500,5%,14250.0,8100,APP
ORD02304,2025/04/19,CUST1316,Mouse,Accessories,South,1,800,0.2,640.0,420,Website
ORD02305,2025/10/13,CUST1375,Keyboard,Accessories,South ,2,1500,0.15,2550.0,1700,Website
ORD02306,2025/02/23,CUST1245,Tablet,Electronics,South,4,22000,0.15,74800.0,62000,APP
ORD02307,10-05-2025,CUST1012,Mouse,Accessories,South ,4,800,0.2,2560.0,1680,website
ORD02308,2025/11/24,CUST1227,Webcam,Accessories,South ,2,3200,0.2,5120.0,3800,APP
ORD02309,01-06-2025,CUST1086,Mouse,Accessories,South ,4,800,15%,2720.0,1680,APP
ORD02310,12-13-2025,CUST1289,Laptop,Electronics,South,4,55000,0.1,198000.0,144000,Marketplace
ORD02311,2025/06/24,CUST1194,Tablet,Electronics,north,4,22000,0.05,83600.0,62000,App
ORD02312,10-13-2025,CUST1063,Laptop,Electronics,North,3,55000,0,165000,108000,website
ORD02313,06-18-2025,CUST1444,Mouse,Accessories,EAST,5,800,0,4000,2100,Website
ORD02314,2025/10/01,CUST1020,Monitor,Electronics,South ,6,12000,0,72000,45600,Marketplace
ORD02315,2025/01/23,CUST1287,Smartphone,Electronics,West,3,28000,0.1,75600.0,61500,Marketplace
ORD02316,2025-11-24,CUST1063,Mouse,Accessories,South,6,800,0,4800,2520,Marketplace
ORD02317,2025-11-21,CUST1205,Webcam,Accessories,north,6,3200,0,19200,11400,Marketplace
ORD02318,2025-03-18,CUST1196,Mouse,Accessories,North,2,800,0.15,1360.0,840,Website
ORD02319,2025/09/13,CUST1071,Laptop,Electronics,EAST,2,55000,0.1,99000.0,72000,APP
ORD02320,08-20-2025,CUST1253,Tablet,Electronics,South ,6,22000,0.1,118800.0,93000,Website
ORD02321,2025/11/25,CUST1130,Webcam,Accessories,West,6,3200,0.2,15360.0,11400,APP
ORD02322,2025-09-10,CUST1143,Keyboard,Accessories,West,3,1500,0.1,4050.0,2550,APP
ORD02323,10-02-2025,CUST1259,Webcam,Accessories,East,3,3200,0.2,7680.0,5700,APP
ORD02324,2025/04/28,CUST1426,Headphones,Accessories,West,6,2500,0.2,12000.0,8100,website
ORD02325,2025/06/03,CUST1186,Mouse,Accessories,North,2,800,0,1600,840,APP
ORD02326,08/11/2025,CUST1336,Smartphone,Electronics,East,6,28000,0.15,142800.0,123000,Marketplace
ORD02327,05-05-2025,CUST1163,Headphones,Accessories,East,5,2500,0,12500,6750,Website
ORD02328,2025-11-02,CUST1234,Keyboard,Accessories,South,4,1500,0.15,5100.0,3400,APP
ORD02329,11/04/2025,CUST1432,Tablet,Electronics,East,4,22000,0.05,83600.0,62000,Marketplace
ORD02330,22/11/2025,CUST1171,Laptop,Electronics,East,2,55000,0.2,88000.0,72000,Website
ORD02331,01/07/2025,CUST1287,Smartphone,Electronics,South,6,28000,0,168000,123000,Marketplace
ORD02332,27/04/2025,CUST1422,Tablet,Electronics,West,5,22000,0.1,99000.0,77500,APP
ORD02333,2025-06-19,CUST1140,Monitor,Electronics,South,1,12000,0.05,11400.0,7600,website
ORD02334,2025/07/03,CUST1093,Tablet,Electronics,East,3,22000,0.05,62700.0,46500,Website
ORD02335,12-21-2025,CUST1178,Headphones,Accessories,North,4,2500,0.05,9500.0,5400,Marketplace
ORD02336,11-20-2025,CUST1176,Monitor,Electronics,East,5,12000,0.05,57000.0,38000,App
ORD02337,2025-12-19,CUST1212,Laptop,Electronics,South,4,55000,0.05,209000.0,144000,website
ORD02338,2025/05/09,CUST1368,Smartphone,Electronics,EAST,1,28000,0.1,25200.0,20500,App
ORD02339,2025-08-06,CUST1261,Monitor,Electronics,South ,2,12000,15%,20400.0,15200,website
ORD02340,2025/07/20,CUST1123,Laptop,electronics,EAST,4,55000,0.2,176000.0,144000,App
ORD02341,2025-11-13,CUST1364,Monitor,Electronics,north,4,12000,0.15,40800.0,30400,APP
ORD02342,2025-10-04,CUST1088,Smartphone,Electronics,South,6,28000,0.15,142800.0,123000,Marketplace
ORD02343,04-28-2025,CUST1332,Laptop,Electronics,South,3,55000,0.2,132000.0,108000,Marketplace
ORD02344,08/11/2025,CUST1402,Keyboard,Accessories,North,3,1500,0,4500,2550,App
ORD02345,2025-05-11,CUST1056,Headphones,Accessories,East,3,2500,0.15,6375.0,4050,APP
ORD02346,01-13-2025,CUST1127,Keyboard,Accessories,north,2,1500,0,3000,1700,Marketplace
ORD02347,2025/04/26,CUST1060,Laptop,Electronics,North,6,55000,0.05,313500.0,216000,Marketplace
ORD02348,01-09-2025,CUST1414,Monitor,Electronics,West,6,12000,0.15,61200.0,45600,App
ORD02349,2025/03/24,CUST1117,Webcam,Accessories,South,2,3200,20%,5120.0,3800,App
ORD02350,2025/02/20,CUST1111,Mouse,Accessories,West,4,800,0.2,2560.0,1680,website
ORD02351,2025/02/28,CUST1329,Smartphone,Electronics,EAST,5,28000,0.2,112000.0,102500,APP
ORD02352,2025-11-13,CUST1414,Headphones,Accessories,North,2,2500,0,5000,2700,App
ORD02353,27/11/2025,CUST1381,Mouse,Accessories,South ,5,800,0.15,3400.0,2100,Marketplace
ORD02354,29/01/2025,CUST1332,Headphones,Accessories,East,5,2500,0.15,10625.0,6750,Website
ORD02355,11-06-2025,CUST1152,Mouse,Accessories,north,3,800,0.15,2040.0,1260,App
ORD02356,03/05/2025,CUST1228,Monitor,Electronics,North,1,12000,0,12000,7600,Marketplace
ORD02357,21/02/2025,CUST1001,Keyboard,Accessories,north,4,1500,0%,6000,3400,APP
ORD02358,2025-03-28,CUST1385,Mouse,Accessories,north,2,800,0,1600,840,Website
ORD02359,2025-11-23,CUST1332,Webcam,Accessories,West,1,3200,0.05,3040.0,1900,App
ORD02360,2025/07/14,CUST1219,Tablet,Electronics,North,6,22000,0.2,105600.0,93000,Website
ORD02361,2025-01-12,CUST1233,Monitor,Electronics,South,3,12000,0,36000,22800,Marketplace
ORD02362,15/10/2025,CUST1110,Laptop,Electronics,north,6,55000,0.2,264000.0,216000,Marketplace
ORD02363,02-11-2025,CUST1186,Monitor,Electronics,West,5,12000,0.1,54000.0,38000,App
ORD02364,2025/11/12,CUST1040,Headphones,Accessories,West,4,2500,0,10000,5400,Website
ORD02365,2025-12-19,CUST1068,Webcam,Accessories,EAST,2,3200,0.15,5440.0,3800,website
ORD02366,14/08/2025,CUST1278,Laptop,Electronics,north,3,55000,0.1,148500.0,108000,website
ORD02367,05-27-2025,CUST1152,Smartphone,Electronics,West,2,28000,0.1,50400.0,41000,App
ORD02368,2025/09/11,CUST1213,Mouse,Accessories,South ,1,800,0.1,720.0,420,Marketplace
ORD02369,2025/03/31,CUST1272,Monitor,Electronics,South,3,12000,0.05,34200.0,22800,website
ORD02370,2025/05/15,CUST1303,Keyboard,Accessories,West,4,1500,0.1,5400.0,3400,Website
ORD02371,21/04/2025,CUST1205,Mouse,Accessories,South ,1,800,0,800,420,Website
ORD02372,2025/06/26,CUST1029,Smartphone,Electronics,north,6,28000,20%,134400.0,123000,App
ORD02373,2025-05-24,CUST1041,Keyboard,Accessories,South,1,1500,0.15,1275.0,850,App
ORD02374,2025-09-20,CUST1228,Tablet,Electronics,EAST,1,22000,0.2,17600.0,15500,website
ORD02375,11-30-2025,CUST1426,Tablet,Electronics,East,3,22000,0.15,56100.0,46500,APP
ORD02376,2025/11/11,CUST1063,Laptop,Electronics,north,3,55000,0.05,156750.0,108000,website
ORD02377,2025-06-21,CUST1221,Monitor,Electronics,South,5,12000,0.2,48000.0,38000,Marketplace
ORD02378,07-28-2025,CUST1426,Webcam,Accessories,EAST,2,3200,0,6400,3800,App
ORD02379,2025-08-01,CUST1045,Keyboard,Accessories,South,5,1500,0.15,6375.0,4250,APP
ORD02380,2025-12-20,CUST1058,Laptop,Electronics,South ,4,55000,0.2,176000.0,144000,Website
ORD02381,2025-09-13,CUST1199,Tablet,Electronics,South ,3,22000,0.05,62700.0,46500,App
ORD02382,08-04-2025,CUST1296,Mouse,Accessories,EAST,1,800,0.15,680.0,420,Website
ORD02383,06-08-2025,CUST1190,Laptop,Electronics,East,2,55000,0.15,93500.0,72000,APP
ORD02384,2025-04-26,CUST1078,Webcam,Accessories,East,2,3200,0.2,5120.0,3800,App
ORD02385,2025-11-06,CUST1426,Smartphone,Electronics,South ,3,28000,10%,75600.0,61500,App
ORD02386,15/06/2025,CUST1054,Monitor,Electronics,South,6,12000,0.1,64800.0,45600,App
ORD02387,2025-07-27,CUST1422,Webcam,Accessories,EAST,2,3200,0.2,5120.0,3800,APP
ORD02388,09/05/2025,CUST1004,Monitor,Electronics,EAST,3,12000,0.15,30600.0,22800,website
ORD02389,11-03-2025,CUST1185,Headphones,Accessories,north,5,2500,0,12500,6750,APP
ORD02390,26/08/2025,CUST1359,Keyboard,Accessories,West,6,1500,0,9000,5100,App
ORD02391,18/06/2025,CUST1110,Monitor,Electronics,West,4,12000,0.15,40800.0,30400,App
ORD02392,08-08-2025,CUST1005,Tablet,Electronics,South,6,22000,0.05,125400.0,93000,Marketplace
ORD02393,09/03/2025,CUST1415,Smartphone,Electronics,West,6,28000,10%,151200.0,123000,App
ORD02394,2025-04-05,CUST1332,Webcam,Accessories,East,3,3200,0.1,8640.0,5700,Marketplace
ORD02395,03-28-2025,CUST1003,Keyboard,Accessories,East,2,1500,0,3000,1700,website
ORD02396,07-30-2025,CUST1213,Monitor,Electronics,North,1,12000,0.2,9600.0,7600,APP
ORD02397,2025-10-22,CUST1098,Keyboard,Accessories,East,4,1500,0.1,5400.0,3400,Marketplace
ORD02398,22/11/2025,CUST1197,Headphones,Accessories,South ,1,2500,20%,2000.0,1350,Website
ORD02399,14/01/2025,CUST1018,Headphones,Accessories,South,4,2500,0.1,9000.0,5400,App
ORD02400,03/09/2025,CUST1396,Webcam,Accessories,East,4,3200,0.2,10240.0,7600,App
ORD02401,29/04/2025,CUST1311,Monitor,Electronics,EAST,5,12000,10%,54000.0,38000,APP
ORD02402,29/04/2025,CUST1262,Keyboard,Accessories,East,6,1500,0.05,8550.0,5100,website
ORD02403,08/04/2025,CUST1131,Keyboard,Accessories,East,6,1500,0.2,7200.0,5100,Website
ORD02404,09-27-2025,CUST1415,Keyboard,Accessories,East,6,1500,0,9000,5100,App
ORD02405,15/10/2025,CUST1174,Smartphone,Electronics,North,5,28000,0.1,126000.0,102500,APP
ORD02406,2025-06-27,CUST1127,Headphones,Accessories,EAST,5,2500,0.1,11250.0,6750,APP
ORD02407,2025/08/05,CUST1168,Mouse,Accessories,West,3,800,20%,1920.0,1260,Website
ORD02408,09/10/2025,CUST1281,Laptop,Electronics,West,1,55000,0.2,44000.0,36000,App
ORD02409,2025/05/21,CUST1301,Webcam,Accessories,north,6,3200,0.15,16320.0,11400,Marketplace
ORD02410,2025/08/22,CUST1299,Monitor,Electronics,EAST,4,12000,0,48000,30400,Marketplace
ORD02411,11-15-2025,CUST1407,Monitor,Electronics,South ,1,12000,0,12000,7600,website
ORD02412,02-22-2025,CUST1039,Tablet,Electronics,north,3,22000,0.15,56100.0,46500,website
ORD02413,11/01/2025,CUST1104,Webcam,Accessories,South,4,3200,0.1,11520.0,7600,Marketplace
ORD02414,11-09-2025,CUST1400,Headphones,Accessories,EAST,1,2500,0.1,2250.0,1350,APP
ORD02415,04-28-2025,CUST1091,Keyboard,Accessories,West,1,1500,0.05,1425.0,850,Website
ORD02416,30/08/2025,CUST1169,Smartphone,Electronics,EAST,3,28000,0.15,71400.0,61500,App
ORD02417,10-03-2025,CUST1263,Tablet,Electronics,North,4,22000,0.05,83600.0,62000,website
ORD02418,2025-05-08,CUST1343,Keyboard,Accessories,East,5,1500,0.05,7125.0,4250,APP
ORD02419,2025/06/29,CUST1307,Monitor,Electronics,EAST,1,12000,0,12000,7600,APP
ORD02420,2025/11/29,CUST1235,Keyboard,Accessories,West,6,1500,0.2,7200.0,5100,website
ORD02421,2025/01/25,CUST1110,Headphones,Accessories,South ,4,2500,5%,9500.0,5400,Marketplace
ORD02422,19/04/2025,CUST1119,Keyboard,Accessories,North,4,1500,0.2,4800.0,3400,App
ORD02423,2025-04-11,CUST1229,Tablet,Electronics,EAST,6,22000,15%,112200.0,93000,Website
ORD02424,2025/08/17,CUST1069,Headphones,Accessories,West,4,2500,0.15,8500.0,5400,website
ORD02425,2025/10/03,CUST1416,Laptop,Electronics,EAST,5,55000,0.2,220000.0,180000,website
ORD02426,07-11-2025,CUST1070,Keyboard,Accessories,EAST,6,1500,0.05,8550.0,5100,App
ORD02427,2025/08/17,CUST1144,Keyboard,Accessories,EAST,1,1500,0.05,1425.0,850,App
ORD02428,12/01/2025,CUST1152,Tablet,Electronics,East,3,22000,0,66000,46500,website
ORD02429,2025-04-17,CUST1292,Mouse,Accessories,South ,1,800,0.2,640.0,420,Website
ORD02430,07-29-2025,CUST1175,Headphones,Accessories,EAST,6,2500,0.2,12000.0,8100,Marketplace
ORD02431,02/12/2025,CUST1210,Headphones,Accessories,North,2,2500,0.1,4500.0,2700,Website
ORD02432,01-19-2025,CUST1299,Laptop,Electronics,South ,5,55000,0%,275000,180000,Marketplace
ORD02433,08-04-2025,CUST1257,Webcam,Accessories,West,3,3200,0%,9600,5700,Marketplace
ORD02434,2025-07-25,CUST1261,Keyboard,Accessories,South ,6,1500,0.1,8100.0,5100,website
ORD02435,2025/09/19,CUST1280,Laptop,Electronics,South ,3,55000,0.15,140250.0,108000,APP
ORD02436,01-09-2025,CUST1008,Smartphone,Electronics,north,3,28000,0.15,71400.0,61500,Website
ORD02437,22/05/2025,CUST1254,Mouse,Accessories,East,6,800,5%,4560.0,2520,Website
ORD02438,11/06/2025,CUST1034,Tablet,Electronics,East,6,22000,0.05,125400.0,93000,Website
ORD02439,21/04/2025,CUST1109,Webcam,Accessories,EAST,4,3200,0,12800,7600,Website
ORD02440,10/05/2025,CUST1001,Headphones,Accessories,north,2,2500,0.1,4500.0,2700,Marketplace
ORD02441,25/05/2025,CUST1429,Smartphone,Electronics,North,6,28000,0.05,159600.0,123000,APP
ORD02442,2025/12/16,CUST1154,Webcam,Accessories,North,4,3200,0.1,11520.0,7600,App
ORD02443,07-07-2025,CUST1214,Mouse,Accessories,north,1,800,0.05,760.0,420,Website
ORD02444,06-28-2025,CUST1175,Headphones,Accessories,EAST,6,2500,0.05,14250.0,8100,APP
ORD02445,2025/01/30,CUST1169,Keyboard,Accessories,north,6,1500,,9000,5100,Website
ORD02446,12/07/2025,CUST1159,Smartphone,Electronics,north,2,28000,0.2,44800.0,41000,Website
ORD02447,2025-10-08,CUST1419,Laptop,Electronics,West,6,55000,0,330000,216000,App
ORD02448,05-13-2025,CUST1294,Smartphone,Electronics,EAST,3,28000,5%,79800.0,61500,App
ORD02449,27/01/2025,CUST1151,Monitor,Electronics,North,2,12000,0,24000,15200,Marketplace
ORD02450,25/07/2025,CUST1434,Mouse,Accessories,North,1,800,0.1,720.0,420,Marketplace
ORD02451,2025-04-25,CUST1343,Laptop,Electronics,North,3,55000,10%,148500.0,108000,APP
ORD02452,2025/07/28,CUST1121,Keyboard,Accessories,East,6,1500,0.1,8100.0,5100,Marketplace
ORD02453,06-05-2025,CUST1174,Smartphone,Electronics,West,5,28000,20%,112000.0,102500,Marketplace
ORD02454,2025/12/17,CUST1328,Monitor,Electronics,north,1,12000,0.15,10200.0,7600,Website
ORD02455,2025/01/09,CUST1274,Smartphone,Electronics,EAST,2,28000,0.1,50400.0,41000,APP
ORD02456,06/03/2025,CUST1332,Monitor,Electronics,EAST,6,12000,0.15,61200.0,45600,APP
ORD02457,2025-10-19,CUST1381,Laptop,electronics,East,5,55000,0.05,261250.0,180000,APP
ORD02458,2025/04/28,CUST1025,Headphones,Accessories,South,4,2500,0.05,9500.0,5400,App
ORD02459,16/01/2025,CUST1130,Tablet,Electronics,north,3,22000,0.2,52800.0,46500,website
ORD02460,2025-03-04,CUST1169,Headphones,Accessories,north,1,2500,0.1,2250.0,1350,Website
ORD02461,28/12/2025,CUST1405,Webcam,Accessories,South,1,3200,15%,2720.0,1900,Marketplace
ORD02462,2025/01/07,CUST1354,Headphones,Accessories,East,3,2500,0.15,6375.0,4050,Website
ORD02463,10-24-2025,CUST1223,Monitor,Electronics,South ,6,12000,0.2,57600.0,45600,Marketplace
ORD02464,2025/04/15,CUST1271,Webcam,Accessories,north,3,3200,0.1,8640.0,5700,website
ORD02465,2025/07/15,CUST1331,Mouse,Accessories,South,1,800,0.05,760.0,420,APP
ORD02466,01-12-2025,CUST1340,Mouse,Accessories,North,5,800,15%,3400.0,2100,APP
ORD02467,11-12-2025,CUST1438,Laptop,Electronics,north,2,55000,0.1,99000.0,72000,Marketplace
ORD02468,05-06-2025,CUST1235,Keyboard,Accessories,South ,3,1500,0,4500,2550,Website
ORD02469,2025-07-05,CUST1376,Tablet,Electronics,South,2,22000,0.2,35200.0,31000,Website
ORD02470,10-16-2025,CUST1442,Mouse,Accessories,north,2,800,0.15,1360.0,840,website
ORD02471,17/11/2025,CUST1188,Webcam,Accessories,South ,3,3200,0.15,8160.0,5700,APP
ORD02472,2025-12-06,CUST1269,Smartphone,Electronics,South,5,28000,0.05,133000.0,102500,Marketplace
ORD02473,2025/04/18,CUST1248,Headphones,Accessories,South ,4,2500,0.2,8000.0,5400,website
ORD02474,09-15-2025,CUST1375,Webcam,Accessories,East,3,3200,0.1,8640.0,5700,APP
ORD02475,2025/09/01,CUST1165,Monitor,Electronics,South ,2,12000,0.1,21600.0,15200,Marketplace
ORD02476,2025-11-04,CUST1351,Tablet,Electronics,South ,3,22000,0.2,52800.0,46500,Marketplace
ORD02477,2025-09-27,CUST1404,Smartphone,Electronics,West,4,28000,0.15,95200.0,82000,website
ORD02478,05-12-2025,CUST1398,Keyboard,Accessories,East,5,1500,0.15,6375.0,4250,Website
ORD02479,10/11/2025,CUST1179,Webcam,Accessories,EAST,2,3200,0,6400,3800,App
ORD02480,2025/02/01,CUST1333,Mouse,Accessories,South,1,800,0,800,420,Marketplace
ORD02481,16/03/2025,CUST1245,Keyboard,Accessories,north,5,1500,0.05,7125.0,4250,Website
ORD02482,2025-10-18,CUST1140,Keyboard,accessories,South,4,1500,0,6000,3400,App
ORD02483,2025/06/03,CUST1204,Monitor,Electronics,West,3,12000,0.05,34200.0,22800,Website
ORD02484,2025/06/27,CUST1020,Keyboard,Accessories,West,4,1500,0,6000,3400,website
ORD02485,05-17-2025,CUST1383,Webcam,Accessories,South ,6,3200,0.05,18240.0,11400,Marketplace
ORD02486,11-16-2025,CUST1209,Monitor,Electronics,South ,5,12000,0.05,57000.0,38000,App
ORD02487,09-14-2025,CUST1369,Laptop,Electronics,EAST,2,55000,0,110000,72000,App
ORD02488,13/10/2025,CUST1045,Laptop,Electronics,West,6,55000,0.15,280500.0,216000,App
ORD02489,2025/08/02,CUST1001,Headphones,Accessories,north,4,2500,0.15,8500.0,5400,Website
ORD02490,09-04-2025,CUST1035,Monitor,Electronics,South ,5,12000,20%,48000.0,38000,Marketplace
ORD02491,2025/06/03,CUST1141,Keyboard,Accessories,South,5,1500,0.05,7125.0,4250,APP
ORD02492,2025/12/11,CUST1179,Headphones,Accessories,East,6,2500,0.2,12000.0,8100,APP
ORD02493,19/01/2025,CUST1326,Headphones,Accessories,South,3,2500,0.1,6750.0,4050,website
ORD02494,02/10/2025,CUST1072,Tablet,Electronics,EAST,1,22000,0.1,19800.0,15500,APP
ORD02495,05-17-2025,CUST1442,Laptop,Electronics,South,4,55000,0.15,187000.0,144000,Marketplace
ORD02496,10-31-2025,CUST1236,Monitor,Electronics,South,1,12000,0%,12000,7600,Marketplace
ORD02497,11/11/2025,CUST1180,Monitor,Electronics,West,6,12000,0.1,64800.0,45600,APP
ORD02498,2025/06/22,CUST1158,Monitor,Electronics,north,2,12000,0.1,21600.0,15200,Marketplace
ORD02499,11-29-2025,CUST1190,Mouse,Accessories,North,5,800,0.1,3600.0,2100,APP
ORD02500,2025/06/26,CUST1206,Keyboard,Accessories,EAST,4,1500,0.1,5400.0,3400,APP
ORD02501,05-15-2025,CUST1227,Monitor,electronics,North,2,12000,0.15,20400.0,15200,website
ORD02502,2025/02/22,CUST1368,Tablet,Electronics,EAST,6,22000,0,132000,93000,App
ORD02503,29/05/2025,CUST1255,Headphones,Accessories,East,6,2500,0.1,13500.0,8100,website
ORD02504,2025-01-19,CUST1235,Laptop,Electronics,South ,2,55000,0.2,88000.0,72000,Website
ORD02505,12-04-2025,CUST1294,Monitor,Electronics,north,4,12000,0,48000,30400,website
ORD02506,2025-12-25,CUST1383,Headphones,Accessories,north,3,2500,0,7500,4050,App
ORD02507,07/12/2025,CUST1404,Webcam,Accessories,South,4,3200,0.15,10880.0,7600,Marketplace
ORD02508,11/12/2025,CUST1138,Webcam,Accessories,South,1,3200,15%,2720.0,1900,App
ORD02509,2025/06/26,CUST1438,Mouse,Accessories,West,5,800,0%,4000,2100,Marketplace
ORD02510,2025/11/11,CUST1226,Webcam,Accessories,North,6,3200,0.05,18240.0,11400,Marketplace
ORD02511,24/09/2025,CUST1411,Laptop,Electronics,South ,6,55000,0,330000,216000,website
ORD02512,07-06-2025,CUST1092,Smartphone,Electronics,South ,4,28000,0,112000,82000,website
ORD02513,2025/05/02,CUST1219,Keyboard,Accessories,North,6,1500,0,9000,5100,Website
ORD02514,03-06-2025,CUST1443,Mouse,Accessories,West,2,800,0,1600,840,Website
ORD02515,02-25-2025,CUST1231,Smartphone,Electronics,South ,3,28000,0.2,67200.0,61500,Marketplace
ORD02516,07-13-2025,CUST1039,Mouse,Accessories,North,2,800,0.1,1440.0,840,APP
ORD02517,2025-12-07,CUST1351,Monitor,Electronics,North,2,12000,0.15,20400.0,15200,App
ORD02518,2025/10/10,CUST1262,Monitor,Electronics,North,6,12000,0.2,57600.0,45600,APP
ORD02519,05-24-2025,CUST1338,Keyboard,Accessories,South,4,1500,0.05,5700.0,3400,App
ORD02520,2025/06/15,CUST1005,Monitor,Electronics,north,1,12000,0.05,11400.0,7600,website
ORD02521,2025/07/22,CUST1222,Tablet,Electronics,north,1,22000,20%,17600.0,15500,App
ORD02522,2025-08-27,CUST1325,Headphones,Accessories,North,1,2500,0.15,2125.0,1350,website
ORD02523,2025/03/17,CUST1416,Webcam,Accessories,North,5,3200,0,16000,9500,App
ORD02524,2025/12/10,CUST1239,Keyboard,Accessories,north,6,1500,0.1,8100.0,5100,APP
ORD02525,02-12-2025,CUST1407,Headphones,Accessories,North,6,2500,0.05,14250.0,8100,APP
ORD02526,2025-12-30,CUST1361,Laptop,Electronics,West,2,55000,0.1,99000.0,72000,Website
ORD02527,05/03/2025,CUST1296,Headphones,Accessories,North,5,2500,20%,10000.0,6750,website
ORD02528,2025/05/22,CUST1373,Headphones,Accessories,EAST,2,2500,0,5000,2700,Marketplace
ORD02529,2025-03-29,CUST1281,Laptop,Electronics,West,2,55000,5%,104500.0,72000,Marketplace
ORD02530,22/05/2025,CUST1387,Smartphone,Electronics,East,5,28000,0.05,133000.0,102500,App
ORD02531,12-16-2025,CUST1435,Monitor,Electronics,East,1,12000,0.15,10200.0,7600,Marketplace
ORD02532,2025-05-10,CUST1155,Mouse,Accessories,EAST,6,800,0.1,4320.0,2520,Website
ORD02533,2025/03/19,CUST1289,Mouse,Accessories,South,1,800,0.2,640.0,420,Marketplace
ORD02534,05/11/2025,CUST1016,Tablet,Electronics,north,4,22000,0,88000,62000,website
ORD02535,2025-01-30,CUST1168,Monitor,Electronics,West,2,12000,0.1,21600.0,15200,Marketplace
ORD02536,2025-10-04,CUST1387,Headphones,Accessories,EAST,2,2500,0.05,4750.0,2700,website
ORD02537,08-23-2025,CUST1335,Webcam,Accessories,north,1,3200,0,3200,1900,website
ORD02538,13/12/2025,CUST1090,Mouse,Accessories,EAST,1,800,0.15,680.0,420,website
ORD02539,2025-08-20,CUST1300,Tablet,Electronics,EAST,-2,22000,10%,-39600.0,-31000,website
ORD02540,04-22-2025,CUST1083,Monitor,Electronics,West,3,12000,15%,30600.0,22800,APP
ORD02541,2025-10-26,CUST1247,Keyboard,Accessories,north,4,1500,0.15,5100.0,3400,website
ORD02542,07-20-2025,CUST1236,Tablet,Electronics,north,3,22000,0.1,59400.0,46500,website
ORD02543,2025-03-19,CUST1388,Mouse,Accessories,North,3,800,0.2,1920.0,1260,APP
ORD02544,2025/09/17,CUST1370,Webcam,Accessories,north,-2,3200,0.1,-5760.0,-3800,App
ORD02545,2025/11/29,CUST1017,Webcam,Accessories,EAST,1,3200,0.05,3040.0,1900,website
ORD02546,2025/08/14,CUST1073,Headphones,Accessories,West,4,2500,0,10000,5400,website
ORD02547,29/10/2025,CUST1183,Tablet,Electronics,north,1,22000,0%,22000,15500,APP
ORD02548,03/08/2025,CUST1147,Laptop,Electronics,South,4,55000,0.2,176000.0,144000,App
ORD02549,12-17-2025,CUST1194,Smartphone,electronics,West,2,28000,0.2,44800.0,41000,Website
ORD02550,13/07/2025,CUST1097,Mouse,Accessories,north,6,800,0,4800,2520,website
ORD02551,2025-06-15,CUST1016,Keyboard,Accessories,EAST,1,1500,0.05,1425.0,850,Marketplace
ORD02552,10/05/2025,CUST1054,Headphones,Accessories,north,3,2500,0.2,6000.0,4050,APP
ORD02553,2025-01-06,CUST1165,Headphones,Accessories,West,3,2500,0.1,6750.0,4050,website
ORD02554,2025/06/04,CUST1281,Headphones,Accessories,West,1,2500,0.15,2125.0,1350,APP
ORD02555,23/07/2025,CUST1062,Smartphone,Electronics,North,1,28000,0.05,26600.0,20500,website
ORD02556,18/01/2025,CUST1276,Headphones,Accessories,north,5,2500,0.15,10625.0,6750,APP
ORD02557,09-05-2025,CUST1290,Tablet,Electronics,West,2,22000,0,44000,31000,App
ORD02558,23/10/2025,CUST1277,Webcam,Accessories,North,-1,3200,10%,-2880.0,-1900,website
ORD02559,01-03-2025,CUST1350,Monitor,Electronics,North,6,12000,0,72000,45600,App
ORD02560,12-15-2025,CUST1034,Laptop,Electronics,north,1,55000,0.15,46750.0,36000,website
ORD02561,2025/11/14,CUST1163,Monitor,Electronics,North,1,12000,0.1,10800.0,7600,Website
ORD02562,2025/07/02,CUST1028,Tablet,Electronics,EAST,3,22000,0.1,59400.0,46500,Marketplace
ORD02563,2025/05/30,CUST1072,Mouse,Accessories,South ,2,800,0,1600,840,APP
ORD02564,04-21-2025,CUST1228,Laptop,Electronics,South,4,55000,0,220000,144000,App
ORD02565,2025/03/10,CUST1003,Monitor,Electronics,North,3,12000,0.2,28800.0,22800,Website
ORD02566,2025-10-17,CUST1292,Tablet,Electronics,North,6,22000,5%,125400.0,93000,APP
ORD02567,2025/03/21,CUST1430,Headphones,accessories,East,2,2500,0.05,4750.0,2700,APP
ORD02568,2025-11-28,CUST1175,Tablet,Electronics,South ,5,22000,0.1,99000.0,77500,Marketplace
ORD02569,15/06/2025,CUST1009,Webcam,Accessories,West,2,3200,0.2,5120.0,3800,Marketplace
ORD02570,24/08/2025,CUST1298,Monitor,Electronics,West,3,12000,0.05,34200.0,22800,App
ORD02571,2025/06/27,CUST1372,Mouse,Accessories,EAST,6,800,0,4800,2520,website
ORD02572,12-29-2025,CUST1440,Smartphone,Electronics,West,3,28000,0.1,75600.0,61500,APP
ORD02573,09-11-2025,CUST1114,Webcam,Accessories,EAST,3,3200,15%,8160.0,5700,Website
ORD02574,03-22-2025,CUST1064,Laptop,Electronics,north,2,55000,0.1,99000.0,72000,website
ORD02575,01-26-2025,CUST1247,Laptop,Electronics,West,5,55000,10%,247500.0,180000,App
ORD02576,28/05/2025,CUST1016,Webcam,Accessories,EAST,6,3200,0.05,18240.0,11400,APP
ORD02577,2025-04-29,CUST1051,Monitor,Electronics,South,6,12000,0.1,64800.0,45600,website
ORD02578,2025-05-04,CUST1132,Monitor,Electronics,EAST,4,12000,0.05,45600.0,30400,Marketplace
ORD02579,04/08/2025,CUST1111,Laptop,Electronics,north,1,55000,0,55000,36000,APP
ORD02580,05-20-2025,CUST1315,Keyboard,Accessories,West,2,1500,0.05,2850.0,1700,website
ORD02581,02/09/2025,CUST1379,Mouse,Accessories,South ,5,800,0,4000,2100,App
ORD02582,2025-07-26,CUST1360,Laptop,Electronics,North,6,55000,0.05,313500.0,216000,website
ORD02583,2025/06/03,CUST1127,Monitor,Electronics,South ,6,12000,0.1,64800.0,45600,Marketplace
ORD02584,2025/06/12,CUST1317,Laptop,Electronics,South,6,55000,0.1,297000.0,216000,Website
ORD02585,10/08/2025,CUST1350,Keyboard,Accessories,north,5,1500,0.05,7125.0,4250,Website
ORD02586,05-22-2025,CUST1089,Mouse,Accessories,north,6,800,0.2,3840.0,2520,App
ORD02587,2025/06/21,CUST1119,Mouse,Accessories,South,5,800,0,4000,2100,App
ORD02588,2025/01/26,CUST1129,Webcam,accessories,north,3,3200,0,9600,5700,APP
ORD02589,07-11-2025,CUST1037,Tablet,Electronics,South,2,22000,0,44000,31000,App
ORD02590,2025/03/09,CUST1027,Laptop,Electronics,East,4,55000,0,220000,144000,Website
ORD02591,20/05/2025,CUST1190,Keyboard,Accessories,EAST,3,1500,0.15,3825.0,2550,Website
ORD02592,09/03/2025,CUST1421,Laptop,Electronics,East,4,55000,20%,176000.0,144000,Website
ORD02593,2025-06-28,CUST1315,Mouse,Accessories,West,6,800,0.1,4320.0,2520,Website
ORD02594,2025/06/20,CUST1221,Headphones,Accessories,South,3,2500,0.15,6375.0,4050,APP
ORD02595,2025-11-20,CUST1381,Keyboard,Accessories,EAST,4,1500,5%,5700.0,3400,Website
ORD02596,2025-12-10,CUST1234,Headphones,Accessories,North,6,2500,0.15,12750.0,8100,Marketplace
ORD02597,01-22-2025,CUST1341,Laptop,Electronics,north,3,55000,0.2,132000.0,108000,website
ORD02598,2025-08-24,CUST1381,Mouse,Accessories,North,6,800,0.05,4560.0,2520,Website
ORD02599,23/01/2025,CUST1248,Keyboard,Accessories,north,4,1500,0,6000,3400,APP
ORD02600,2025-10-13,CUST1197,Mouse,Accessories,north,1,800,0.1,720.0,420,APP
ORD02601,02-28-2025,CUST1215,Tablet,Electronics,North,6,22000,0.2,105600.0,93000,Marketplace
ORD02602,18/11/2025,CUST1194,Webcam,Accessories,north,3,3200,0.15,8160.0,5700,Website
ORD02603,2025-01-07,CUST1344,Tablet,Electronics,EAST,2,22000,0,44000,31000,Marketplace
ORD02604,2025/08/18,CUST1264,Mouse,Accessories,South ,4,800,0.05,3040.0,1680,Website
ORD02605,10-01-2025,CUST1052,Webcam,Accessories,East,5,3200,0.15,13600.0,9500,Marketplace
ORD02606,2025-11-08,CUST1222,Webcam,Accessories,north,4,3200,0,12800,7600,website
ORD02607,2025/08/19,CUST1023,Headphones,Accessories,north,4,2500,0%,10000,5400,Marketplace
ORD02608,2025/07/25,CUST1107,Mouse,Accessories,South,1,800,20%,640.0,420,Website
ORD02609,2025/01/17,CUST1360,Headphones,Accessories,EAST,4,2500,0.1,9000.0,5400,App
ORD02610,10/01/2025,CUST1429,Monitor,Electronics,East,4,12000,0.15,40800.0,30400,Marketplace
ORD02611,08/10/2025,CUST1191,Smartphone,Electronics,East,1,28000,0,28000,20500,Marketplace
ORD02612,2025-06-14,CUST1340,Laptop,Electronics,north,3,55000,0.1,148500.0,108000,App
ORD02613,2025/10/18,CUST1049,Tablet,Electronics,North,2,22000,0.2,35200.0,31000,App
ORD02614,05-25-2025,CUST1114,Mouse,Accessories,north,6,800,0%,4800,2520,Marketplace
ORD02615,2025/11/13,CUST1160,Tablet,Electronics,West,6,22000,10%,118800.0,93000,website
ORD02616,2025/03/20,CUST1080,Tablet,Electronics,South,6,22000,0.05,125400.0,93000,website
ORD02617,17/06/2025,CUST1146,Laptop,Electronics,West,1,55000,0.05,52250.0,36000,website
ORD02618,08-20-2025,CUST1052,Headphones,Accessories,EAST,1,2500,0.1,2250.0,1350,App
ORD02619,2025-09-17,CUST1435,Monitor,Electronics,north,4,12000,0.15,40800.0,30400,App
ORD02620,2025/09/07,CUST1409,Keyboard,Accessories,North,3,1500,0.15,3825.0,2550,Marketplace
ORD02621,13/03/2025,CUST1081,Headphones,Accessories,East,5,2500,0.1,11250.0,6750,APP
ORD02622,2025/03/18,CUST1039,Webcam,Accessories,North,2,3200,0,6400,3800,App
ORD02623,2025-02-07,CUST1134,Laptop,Electronics,north,6,55000,0.05,313500.0,216000,App
ORD02624,2025-12-09,CUST1447,Laptop,Electronics,EAST,4,55000,0%,220000,144000,Website
ORD02625,22/02/2025,CUST1155,Smartphone,Electronics,West,6,28000,0.1,151200.0,123000,APP
ORD02626,2025-10-10,CUST1143,Mouse,Accessories,EAST,3,800,0,2400,1260,Website
ORD02627,2025-09-22,CUST1357,Monitor,Electronics,South,3,12000,0,36000,22800,Marketplace
ORD02628,2025/11/22,CUST1000,Laptop,Electronics,East,3,55000,0.1,148500.0,108000,Website
ORD02629,2025-07-17,CUST1101,Keyboard,Accessories,EAST,6,1500,0.2,7200.0,5100,Marketplace
ORD02630,2025/07/19,CUST1307,Tablet,Electronics,North,2,22000,0.05,41800.0,31000,website
ORD02631,2025/05/18,CUST1001,Mouse,Accessories,South,4,800,0.1,2880.0,1680,App
ORD02632,2025/11/08,CUST1153,Mouse,Accessories,EAST,4,800,0.2,2560.0,1680,website
ORD02633,2025-01-09,CUST1178,Webcam,Accessories,West,4,3200,0.1,11520.0,7600,App
ORD02634,02-14-2025,CUST1151,Laptop,Electronics,North,1,55000,0,55000,36000,App
ORD02635,06-14-2025,CUST1266,Laptop,Electronics,north,4,55000,10%,198000.0,144000,Marketplace
ORD02636,15/10/2025,CUST1207,Keyboard,Accessories,North,5,1500,0.1,6750.0,4250,Website
ORD02637,22/08/2025,CUST1334,Monitor,Electronics,north,4,12000,0.15,40800.0,30400,Marketplace
ORD02638,2025-11-01,CUST1226,Mouse,Accessories,South ,1,800,0.15,680.0,420,website
ORD02639,01-27-2025,CUST1171,Laptop,Electronics,West,2,55000,0,110000,72000,website
ORD02640,2025/05/24,CUST1359,Mouse,Accessories,East,6,800,0.2,3840.0,2520,App
ORD02641,04-28-2025,CUST1124,Tablet,Electronics,EAST,6,22000,0,132000,93000,Website
ORD02642,2025/06/09,CUST1367,Smartphone,Electronics,South ,4,28000,0.15,95200.0,82000,APP
ORD02643,09-02-2025,CUST1390,Tablet,Electronics,South,2,22000,0,44000,31000,Marketplace
ORD02644,2025/09/17,CUST1439,Smartphone,Electronics,South ,2,28000,0.2,44800.0,41000,App
ORD02645,11-15-2025,CUST1359,Tablet,Electronics,South,6,22000,0.15,112200.0,93000,Marketplace
ORD02646,2025/10/23,CUST1003,Monitor,Electronics,north,4,12000,0.2,38400.0,30400,Website
ORD02647,2025-09-02,CUST1198,Headphones,Accessories,North,4,2500,0.2,8000.0,5400,website
ORD02648,2025/12/24,CUST1007,Mouse,Accessories,East,3,800,0.1,2160.0,1260,Marketplace
ORD02649,2025-07-04,CUST1370,Mouse,Accessories,West,5,800,0.05,3800.0,2100,website
ORD02650,10-26-2025,CUST1012,Headphones,Accessories,South,2,2500,0.2,4000.0,2700,website
ORD02651,2025-01-28,CUST1212,Monitor,Electronics,north,1,12000,0%,12000,7600,website
ORD02652,2025-04-09,CUST1437,Keyboard,Accessories,North,6,1500,0.2,7200.0,5100,APP
ORD02653,2025-09-20,CUST1391,Mouse,Accessories,South ,5,800,0.1,3600.0,2100,APP
ORD02654,07-27-2025,CUST1270,Mouse,Accessories,South ,6,800,5%,4560.0,2520,website
ORD02655,18/11/2025,CUST1064,Webcam,Accessories,EAST,3,3200,0.1,8640.0,5700,APP
ORD02656,2025/10/08,CUST1420,Smartphone,Electronics,West,1,28000,0.15,23800.0,20500,website
ORD02657,2025-02-02,CUST1353,Mouse,Accessories,north,1,800,0.05,760.0,420,App
ORD02658,2025/08/05,CUST1222,Headphones,Accessories,EAST,6,2500,0.2,12000.0,8100,App
ORD02659,03-17-2025,CUST1071,Monitor,Electronics,north,6,12000,0.2,57600.0,45600,App
ORD02660,2025/11/22,CUST1298,Tablet,Electronics,EAST,1,22000,0.05,20900.0,15500,APP
ORD02661,10-18-2025,CUST1132,Smartphone,Electronics,north,2,28000,0.1,50400.0,41000,Marketplace
ORD02662,2025-05-08,CUST1038,Webcam,Accessories,South,6,3200,0.2,15360.0,11400,App
ORD02663,2025/01/24,CUST1043,Laptop,Electronics,East,5,55000,20%,220000.0,180000,Marketplace
ORD02664,2025/11/01,CUST1271,Laptop,Electronics,north,6,55000,0.15,280500.0,216000,Website
ORD02665,2025/03/29,CUST1120,Monitor,Electronics,North,6,12000,5%,68400.0,45600,website
ORD02666,04-02-2025,CUST1037,Webcam,Accessories,North,6,3200,0,19200,11400,App
ORD02667,15/11/2025,CUST1308,Tablet,Electronics,West,4,22000,0.05,83600.0,62000,APP
ORD02668,2025-06-11,CUST1245,Smartphone,Electronics,West,3,28000,0.15,71400.0,61500,website
ORD02669,2025/01/07,CUST1053,Webcam,Accessories,East,2,3200,0.1,5760.0,3800,APP
ORD02670,05-30-2025,CUST1203,Smartphone,Electronics,North,-1,28000,5%,-26600.0,-20500,APP
ORD02671,2025/12/25,CUST1114,Smartphone,Electronics,EAST,6,28000,0.1,151200.0,123000,App
ORD02672,2025/02/26,CUST1117,Tablet,Electronics,East,6,22000,0.2,105600.0,93000,Marketplace
ORD02673,2025/10/06,CUST1432,Smartphone,electronics,East,1,28000,0.15,23800.0,20500,App
ORD02674,06/10/2025,CUST1322,Monitor,Electronics,North,4,12000,0.05,45600.0,30400,App
ORD02675,2025-11-16,CUST1186,Headphones,Accessories,North,3,2500,10%,6750.0,4050,APP
ORD02676,28/02/2025,CUST1353,Keyboard,Accessories,South,6,1500,0.05,8550.0,5100,website
ORD02677,06/01/2025,CUST1001,Smartphone,Electronics,South,2,28000,10%,50400.0,41000,Marketplace
ORD02678,2025-12-16,CUST1222,Keyboard,Accessories,South,2,1500,0.15,2550.0,1700,APP
ORD02679,2025/01/16,CUST1313,Webcam,Accessories,north,6,3200,0.15,16320.0,11400,website
ORD02680,12-13-2025,CUST1032,Mouse,Accessories,West,2,800,0,1600,840,Website
ORD02681,08-12-2025,CUST1282,Tablet,Electronics,East,1,22000,0,22000,15500,Website
ORD02682,2025-09-08,CUST1300,Smartphone,Electronics,North,5,28000,0.15,119000.0,102500,Website
ORD02683,2025/07/03,CUST1050,Laptop,Electronics,EAST,6,55000,0.2,264000.0,216000,App
ORD02684,04/03/2025,CUST1068,Smartphone,Electronics,north,6,28000,0.1,151200.0,123000,Website
ORD02685,06-16-2025,CUST1378,Mouse,Accessories,South ,4,800,0.15,2720.0,1680,Marketplace
ORD02686,2025-09-12,CUST1044,Headphones,Accessories,East,6,2500,0.05,14250.0,8100,App
ORD02687,16/06/2025,CUST1205,Webcam,Accessories,North,2,3200,0.15,5440.0,3800,website
ORD02688,2025-05-22,CUST1361,Laptop,Electronics,West,2,55000,0,110000,72000,Website
ORD02689,10-06-2025,CUST1359,Keyboard,Accessories,South ,2,1500,0.05,2850.0,1700,Marketplace
ORD02690,2025/12/05,CUST1226,Smartphone,Electronics,West,1,28000,0.1,25200.0,20500,APP
ORD02691,11-07-2025,CUST1388,Mouse,Accessories,West,4,800,0.2,2560.0,1680,App
ORD02692,08-15-2025,CUST1271,Monitor,Electronics,North,1,12000,15%,10200.0,7600,Website
ORD02693,2025/06/28,CUST1031,Smartphone,electronics,north,2,28000,0,56000,41000,App
ORD02694,20/05/2025,CUST1003,Monitor,Electronics,West,2,12000,0.2,19200.0,15200,Marketplace
ORD02695,2025/07/19,CUST1295,Monitor,Electronics,EAST,6,12000,0.05,68400.0,45600,APP
ORD02696,06/03/2025,CUST1108,Headphones,Accessories,West,6,2500,0.15,12750.0,8100,APP
ORD02697,2025/09/23,CUST1262,Smartphone,Electronics,north,5,28000,0.1,126000.0,102500,Marketplace
ORD02698,2025-05-01,CUST1330,Webcam,accessories,South,6,3200,5%,18240.0,11400,website
ORD02699,10-28-2025,CUST1445,Keyboard,Accessories,East,3,1500,0.1,4050.0,2550,Website
ORD02700,01-23-2025,CUST1145,Smartphone,Electronics,East,6,28000,0.15,142800.0,123000,website
ORD02701,01/07/2025,CUST1312,Webcam,Accessories,South ,1,3200,0.1,2880.0,1900,APP
ORD02702,28/01/2025,CUST1344,Webcam,Accessories,West,3,3200,0.2,7680.0,5700,APP
ORD02703,06/02/2025,CUST1029,Keyboard,Accessories,South ,2,1500,0.1,2700.0,1700,Website
ORD02704,2025-12-18,CUST1251,Webcam,Accessories,South,1,3200,0.05,3040.0,1900,website
ORD02705,2025/10/26,CUST1297,Mouse,Accessories,East,-1,800,0.2,-640.0,-420,App
ORD02706,11/10/2025,CUST1420,Laptop,Electronics,West,6,55000,0.05,313500.0,216000,Marketplace
ORD02707,2025/04/11,CUST1079,Mouse,Accessories,South ,3,800,0.1,2160.0,1260,Website
ORD02708,04-07-2025,CUST1017,Mouse,Accessories,South ,3,800,0.15,2040.0,1260,Marketplace
ORD02709,2025/06/10,CUST1128,Tablet,Electronics,West,1,22000,5%,20900.0,15500,Marketplace
ORD02710,16/05/2025,CUST1339,Keyboard,Accessories,South ,4,1500,15%,5100.0,3400,App
ORD02711,2025-09-02,CUST1078,Laptop,Electronics,South,4,55000,10%,198000.0,144000,APP
ORD02712,11-29-2025,CUST1127,Laptop,Electronics,East,3,55000,0.15,140250.0,108000,Marketplace
ORD02713,09/07/2025,CUST1361,Headphones,Accessories,North,5,2500,10%,11250.0,6750,website
ORD02714,13/09/2025,CUST1295,Keyboard,Accessories,North,2,1500,0.05,2850.0,1700,Marketplace
ORD02715,2025/12/14,CUST1289,Laptop,Electronics,South ,5,55000,0.05,261250.0,180000,App
ORD02716,08-06-2025,CUST1172,Smartphone,Electronics,West,6,28000,0.05,159600.0,123000,Website
ORD02717,08-23-2025,CUST1347,Webcam,Accessories,North,6,3200,15%,16320.0,11400,Website
ORD02718,2025/04/17,CUST1083,Mouse,Accessories,West,3,800,0.1,2160.0,1260,App
ORD02719,2025-02-07,CUST1379,Mouse,Accessories,north,6,800,0.05,4560.0,2520,website
ORD02720,29/11/2025,CUST1088,Monitor,Electronics,North,1,12000,0.1,10800.0,7600,Website
ORD02721,10-14-2025,CUST1093,Smartphone,Electronics,North,5,28000,0.05,133000.0,102500,Marketplace
ORD02722,27/05/2025,CUST1280,Headphones,Accessories,North,4,2500,0.2,8000.0,5400,website
ORD02723,2025-04-10,CUST1149,Laptop,Electronics,South ,1,55000,0.05,52250.0,36000,website
ORD02724,2025-07-07,CUST1331,Headphones,Accessories,EAST,-2,2500,0.1,-4500.0,-2700,Marketplace
ORD02725,2025/08/14,CUST1355,Keyboard,Accessories,West,3,1500,0.05,4275.0,2550,APP
ORD02726,2025/10/02,CUST1234,Tablet,Electronics,North,1,22000,0.2,17600.0,15500,website
ORD02727,2025-02-14,CUST1407,Tablet,Electronics,north,2,22000,0.2,35200.0,31000,App
ORD02728,2025-07-25,CUST1174,Monitor,Electronics,West,6,12000,0.15,61200.0,45600,Website
ORD02729,2025-11-27,CUST1406,Laptop,Electronics,South ,3,55000,0.15,140250.0,108000,website
ORD02730,13/07/2025,CUST1063,Headphones,Accessories,EAST,6,2500,0,15000,8100,Marketplace
ORD02731,2025/03/10,CUST1405,Headphones,accessories,north,2,2500,0.1,4500.0,2700,APP
ORD02732,2025/02/13,CUST1000,Keyboard,Accessories,EAST,-1,1500,0,-1500,-850,website
ORD02733,2025-09-06,CUST1241,Smartphone,Electronics,North,1,28000,0.15,23800.0,20500,Marketplace
ORD02734,26/04/2025,CUST1331,Headphones,Accessories,West,6,2500,0.15,12750.0,8100,Website
ORD02735,2025-12-09,CUST1026,Monitor,Electronics,North,1,12000,0,12000,7600,Website
ORD02736,09-12-2025,CUST1340,Headphones,Accessories,West,1,2500,5%,2375.0,1350,App
ORD02737,2025/12/18,CUST1186,Smartphone,Electronics,EAST,1,28000,0%,28000,20500,APP
ORD02738,2025/08/31,CUST1164,Tablet,Electronics,South ,6,22000,0.1,118800.0,93000,website
ORD02739,06-08-2025,CUST1342,Smartphone,Electronics,North,3,28000,0.05,79800.0,61500,Marketplace
ORD02740,02-12-2025,CUST1047,Monitor,Electronics,South,3,12000,0.05,34200.0,22800,App
ORD02741,2025/08/23,CUST1194,Mouse,Accessories,South ,4,800,0.15,2720.0,1680,website
ORD02742,2025-01-03,CUST1409,Headphones,Accessories,East,4,2500,0,10000,5400,APP
ORD02743,2025-07-20,CUST1108,Monitor,Electronics,EAST,3,12000,0.1,32400.0,22800,Marketplace
ORD02744,09-15-2025,CUST1169,Keyboard,Accessories,north,6,1500,0,9000,5100,APP
ORD02745,2025/10/13,CUST1377,Smartphone,Electronics,North,3,28000,0.1,75600.0,61500,Website
ORD02746,2025/02/16,CUST1261,Headphones,Accessories,South ,6,2500,0,15000,8100,Marketplace
ORD02747,2025-11-02,CUST1256,Smartphone,Electronics,North,1,28000,0.05,26600.0,20500,website
ORD02748,22/12/2025,CUST1075,Keyboard,Accessories,West,6,1500,20%,7200.0,5100,Marketplace
ORD02749,03-21-2025,CUST1279,Tablet,Electronics,EAST,6,22000,5%,125400.0,93000,APP
ORD02750,09-22-2025,CUST1240,Monitor,Electronics,East,6,12000,0.2,57600.0,45600,APP
ORD02751,2025/10/04,CUST1053,Keyboard,Accessories,north,4,1500,0,6000,3400,Marketplace
ORD02752,2025/12/16,CUST1172,Smartphone,Electronics,EAST,1,28000,0.1,25200.0,20500,Marketplace
ORD02753,2025/06/26,CUST1301,Smartphone,Electronics,north,4,28000,0.15,95200.0,82000,website
ORD02754,08-29-2025,CUST1035,Keyboard,Accessories,North,3,1500,0.2,3600.0,2550,Website
ORD02755,2025/11/09,CUST1093,Mouse,Accessories,East,4,800,0,3200,1680,Website
ORD02756,24/12/2025,CUST1430,Keyboard,Accessories,north,4,1500,0.05,5700.0,3400,Marketplace
ORD02757,2025-05-31,CUST1184,Mouse,Accessories,EAST,4,800,0.1,2880.0,1680,website
ORD02758,03-11-2025,CUST1265,Mouse,Accessories,East,1,800,15%,680.0,420,App
ORD02759,22/02/2025,CUST1127,Smartphone,Electronics,EAST,6,28000,0.05,159600.0,123000,website
ORD02760,12-12-2025,CUST1152,Tablet,Electronics,EAST,1,22000,0.2,17600.0,15500,Marketplace
ORD02761,2025-08-03,CUST1251,Monitor,Electronics,South,1,12000,0.05,11400.0,7600,APP
ORD02762,09-07-2025,CUST1177,Laptop,Electronics,north,4,55000,15%,187000.0,144000,Marketplace
ORD02763,2025-09-20,CUST1267,Mouse,Accessories,South,3,800,0.15,2040.0,1260,APP
ORD02764,2025/12/15,CUST1221,Headphones,Accessories,East,2,2500,0,5000,2700,APP
ORD02765,05-20-2025,CUST1229,Keyboard,Accessories,East,2,1500,0.2,2400.0,1700,App
ORD02766,2025/01/23,CUST1046,Mouse,Accessories,EAST,6,800,0.05,4560.0,2520,App
ORD02767,04-18-2025,CUST1064,Laptop,Electronics,EAST,2,55000,0.15,93500.0,72000,website
ORD02768,2025/10/07,CUST1378,Webcam,Accessories,North,5,3200,0.1,14400.0,9500,App
ORD02769,2025-03-18,CUST1380,Tablet,electronics,South,4,22000,0.2,70400.0,62000,APP
ORD02770,2025/04/27,CUST1088,Headphones,Accessories,South ,6,2500,0.1,13500.0,8100,App
ORD02771,08-20-2025,CUST1361,Laptop,Electronics,South,1,55000,0.1,49500.0,36000,Website
ORD02772,2025/03/06,CUST1011,Smartphone,Electronics,South,2,28000,0.2,44800.0,41000,Marketplace
ORD02773,22/01/2025,CUST1296,Headphones,Accessories,West,3,2500,0.1,6750.0,4050,Website
ORD02774,05-31-2025,CUST1403,Webcam,Accessories,South ,4,3200,0.2,10240.0,7600,Marketplace
ORD02775,07-24-2025,CUST1194,Mouse,Accessories,East,5,800,0.15,3400.0,2100,Marketplace
ORD02776,21/09/2025,CUST1364,Keyboard,Accessories,EAST,6,1500,0.15,7650.0,5100,Website
ORD02777,2025-12-20,CUST1005,Headphones,Accessories,West,3,2500,0.2,6000.0,4050,App
ORD02778,05-03-2025,CUST1081,Keyboard,Accessories,North,3,1500,0.2,3600.0,2550,website
ORD02779,2025-07-31,CUST1115,Headphones,Accessories,South,2,2500,0%,5000,2700,APP
ORD02780,2025/09/19,CUST1073,Monitor,Electronics,South,2,12000,0.2,19200.0,15200,Marketplace
ORD02781,2025-08-06,CUST1059,Laptop,Electronics,South,3,55000,0.2,132000.0,108000,App
ORD02782,2025/08/23,CUST1251,Mouse,Accessories,EAST,3,800,0.15,2040.0,1260,website
ORD02783,2025/02/06,CUST1356,Webcam,Accessories,South ,3,3200,0.2,7680.0,5700,Marketplace
ORD02784,06-30-2025,CUST1165,Headphones,Accessories,South,5,2500,0.2,10000.0,6750,website
ORD02785,03-10-2025,CUST1038,Monitor,Electronics,north,4,12000,0,48000,30400,Marketplace
ORD02786,2025/03/24,CUST1342,Smartphone,Electronics,South ,6,28000,0.1,151200.0,123000,APP
ORD02787,2025-03-25,CUST1153,Headphones,Accessories,East,1,2500,0,2500,1350,website
ORD02788,01/06/2025,CUST1242,Headphones,Accessories,EAST,2,2500,0,5000,2700,APP
ORD02789,15/05/2025,CUST1421,Laptop,Electronics,South ,5,55000,0.2,220000.0,180000,App
ORD02790,30/03/2025,CUST1298,Monitor,Electronics,EAST,2,12000,0.1,21600.0,15200,website
ORD02791,2025-04-30,CUST1421,Laptop,Electronics,North,5,55000,10%,247500.0,180000,Marketplace
ORD02792,2025-12-04,CUST1144,Tablet,Electronics,West,5,22000,0.1,99000.0,77500,APP
ORD02793,2025-05-10,CUST1104,Mouse,Accessories,South ,-1,800,0.1,-720.0,-420,App
ORD02794,2025/05/15,CUST1354,Headphones,Accessories,West,4,2500,0,10000,5400,website
ORD02795,2025-10-07,CUST1077,Smartphone,Electronics,South,4,28000,0.05,106400.0,82000,APP
ORD02796,02-14-2025,CUST1303,Mouse,Accessories,north,5,800,0,4000,2100,Website
ORD02797,2025/03/25,CUST1346,Laptop,Electronics,EAST,5,55000,0.2,220000.0,180000,Marketplace
ORD02798,22/03/2025,CUST1035,Monitor,Electronics,South,6,12000,0.2,57600.0,45600,Marketplace
ORD02799,2025/07/20,CUST1441,Mouse,Accessories,West,1,800,0.15,680.0,420,Website
ORD02800,2025-06-03,CUST1316,Monitor,Electronics,north,4,12000,0%,48000,30400,website
ORD02801,2025-05-29,CUST1390,Laptop,Electronics,South,1,55000,0.05,52250.0,36000,Marketplace
ORD02802,2025/05/15,CUST1394,Webcam,Accessories,North,1,3200,15%,2720.0,1900,website
ORD02803,2025/08/21,CUST1387,Smartphone,Electronics,North,3,28000,0.15,71400.0,61500,website
ORD02804,2025-01-14,CUST1161,Tablet,Electronics,South ,6,22000,0.2,105600.0,93000,website
ORD02805,2025-01-16,CUST1006,Webcam,Accessories,north,2,3200,0,6400,3800,Marketplace
ORD02806,26/07/2025,CUST1111,Webcam,Accessories,North,4,3200,0.2,10240.0,7600,Website
ORD02807,2025-09-10,CUST1140,Headphones,Accessories,north,5,2500,0,12500,6750,website
ORD02808,2025/04/12,CUST1172,Mouse,Accessories,EAST,3,800,0.05,2280.0,1260,website
ORD02809,2025-05-31,CUST1430,Mouse,Accessories,South,5,800,0.05,3800.0,2100,App
ORD02810,09-26-2025,CUST1182,Smartphone,Electronics,EAST,6,28000,0.1,151200.0,123000,Website
ORD02811,04-19-2025,CUST1265,Monitor,Electronics,EAST,5,12000,0.15,51000.0,38000,App
ORD02812,08/08/2025,CUST1074,Mouse,Accessories,north,5,800,0.15,3400.0,2100,Website
ORD02813,2025/01/17,CUST1215,Mouse,Accessories,East,4,800,0.1,2880.0,1680,APP
ORD02814,09/08/2025,CUST1019,Keyboard,Accessories,North,1,1500,0.15,1275.0,850,website
ORD02815,06-20-2025,CUST1183,Smartphone,Electronics,North,5,28000,0.15,119000.0,102500,APP
ORD02816,2025-02-22,CUST1361,Keyboard,Accessories,South,3,1500,0,4500,2550,website
ORD02817,05/02/2025,CUST1449,Webcam,Accessories,North,1,3200,0,3200,1900,APP
ORD02818,2025/11/08,CUST1179,Laptop,Electronics,South,3,55000,0.1,148500.0,108000,website
ORD02819,2025-09-14,CUST1101,Keyboard,Accessories,EAST,2,1500,0.15,2550.0,1700,Marketplace
ORD02820,2025/11/20,CUST1014,Keyboard,accessories,North,3,1500,0.2,3600.0,2550,Website
ORD02821,2025/02/17,CUST1409,Smartphone,Electronics,East,2,28000,0.15,47600.0,41000,App
ORD02822,12-20-2025,CUST1336,Tablet,Electronics,North,6,22000,0.05,125400.0,93000,APP
ORD02823,2025-06-16,CUST1208,Tablet,Electronics,East,1,22000,0.2,17600.0,15500,Website
ORD02824,2025-10-06,CUST1123,Mouse,Accessories,north,4,800,0.1,2880.0,1680,Marketplace
ORD02825,2025/10/15,CUST1292,Tablet,Electronics,South ,4,22000,0%,88000,62000,APP
ORD02826,2025/06/21,CUST1219,Keyboard,Accessories,East,2,1500,0.2,2400.0,1700,App
ORD02827,02-13-2025,CUST1086,Tablet,Electronics,North,6,22000,0.1,118800.0,93000,Website
ORD02828,08-01-2025,CUST1356,Monitor,Electronics,north,6,12000,0.15,61200.0,45600,App
ORD02829,2025/04/30,CUST1142,Monitor,Electronics,north,4,12000,0.05,45600.0,30400,APP
ORD02830,2025-09-07,CUST1064,Laptop,Electronics,north,1,55000,0,55000,36000,Marketplace
ORD02831,11-22-2025,CUST1447,Tablet,Electronics,north,4,22000,0,88000,62000,Marketplace
ORD02832,14/10/2025,CUST1403,Keyboard,Accessories,EAST,2,1500,0.05,2850.0,1700,APP
ORD02833,2025/04/14,CUST1337,Tablet,Electronics,north,2,22000,0.2,35200.0,31000,Website
ORD02834,2025/12/04,CUST1049,Smartphone,Electronics,East,4,28000,0.1,100800.0,82000,APP
ORD02835,10-14-2025,CUST1037,Monitor,Electronics,North,5,12000,0.15,51000.0,38000,website
ORD02836,10-23-2025,CUST1195,Webcam,Accessories,North,1,3200,0,3200,1900,Website
ORD02837,10-26-2025,CUST1447,Laptop,Electronics,South,5,55000,0.15,233750.0,180000,APP
ORD02838,2025/10/07,CUST1149,Headphones,Accessories,EAST,6,2500,0.05,14250.0,8100,website
ORD02839,08-23-2025,CUST1124,Tablet,Electronics,North,5,22000,0.2,88000.0,77500,App
ORD02840,2025-02-14,CUST1314,Laptop,Electronics,West,5,55000,0.05,261250.0,180000,website
ORD02841,01-10-2025,CUST1235,Webcam,Accessories,East,3,3200,0.05,9120.0,5700,website
ORD02842,2025/12/09,CUST1004,Monitor,Electronics,South ,6,12000,0,72000,45600,APP
ORD02843,2025/01/11,CUST1365,Mouse,Accessories,West,4,800,0.2,2560.0,1680,APP
ORD02844,26/04/2025,CUST1139,Tablet,Electronics,north,6,22000,0,132000,93000,App
ORD02845,11/12/2025,CUST1315,Webcam,Accessories,North,4,3200,0.1,11520.0,7600,website
ORD02846,2025/05/27,CUST1202,Keyboard,Accessories,East,3,1500,0.15,3825.0,2550,Website
ORD02847,11-03-2025,CUST1001,Monitor,Electronics,EAST,4,12000,0.2,38400.0,30400,Website
ORD02848,2025/04/10,CUST1313,Smartphone,Electronics,South,2,28000,0,56000,41000,Website
ORD02849,04-21-2025,CUST1226,Webcam,Accessories,North,6,3200,0.1,17280.0,11400,APP
ORD02850,01-17-2025,CUST1075,Keyboard,Accessories,East,1,1500,0.15,1275.0,850,website
ORD02851,2025/07/24,CUST1389,Headphones,Accessories,north,1,2500,0.05,2375.0,1350,Website
ORD02852,01/02/2025,CUST1099,Headphones,Accessories,West,2,2500,0.15,4250.0,2700,App
ORD02853,22/04/2025,CUST1238,Smartphone,Electronics,EAST,5,28000,0.1,126000.0,102500,App
ORD02854,12/09/2025,CUST1367,Smartphone,Electronics,EAST,3,28000,0.2,67200.0,61500,Website
ORD02855,04/01/2025,CUST1380,Keyboard,Accessories,East,2,1500,0.05,2850.0,1700,App
ORD02856,08/04/2025,CUST1273,Mouse,Accessories,West,6,800,0,4800,2520,Website
ORD02857,2025-03-07,CUST1303,Tablet,Electronics,South ,5,22000,0,110000,77500,Marketplace
ORD02858,2025/12/18,CUST1151,Tablet,Electronics,South ,4,22000,0.2,70400.0,62000,Marketplace
ORD02859,07/06/2025,CUST1237,Smartphone,Electronics,South,1,28000,0.1,25200.0,20500,website
ORD02860,2025/05/29,CUST1267,Mouse,Accessories,north,6,800,0.05,4560.0,2520,App
ORD02861,2025/05/15,CUST1346,Mouse,Accessories,EAST,6,800,20%,3840.0,2520,App
ORD02862,12-13-2025,CUST1387,Headphones,Accessories,South ,1,2500,0.05,2375.0,1350,website
ORD02863,2025/06/26,CUST1448,Monitor,Electronics,South ,-2,12000,0,-24000,-15200,APP
ORD02864,2025/07/27,CUST1241,Laptop,Electronics,East,4,55000,0.15,187000.0,144000,APP
ORD02865,2025-10-23,CUST1374,Webcam,accessories,north,2,3200,0.05,6080.0,3800,Marketplace
ORD02866,2025/04/05,CUST1123,Tablet,Electronics,West,4,22000,0.05,83600.0,62000,Marketplace
ORD02867,04-16-2025,CUST1003,Webcam,Accessories,north,2,3200,0.2,5120.0,3800,Marketplace
ORD02868,14/06/2025,CUST1038,Webcam,Accessories,north,3,3200,0.15,8160.0,5700,website
ORD02869,2025/04/22,CUST1104,Smartphone,Electronics,West,6,28000,0%,168000,123000,App
ORD02870,16/12/2025,CUST1087,Headphones,Accessories,South,6,2500,0.15,12750.0,8100,Marketplace
ORD02871,2025-09-16,CUST1297,Mouse,Accessories,north,5,800,0,4000,2100,Website
ORD02872,04/06/2025,CUST1211,Webcam,Accessories,EAST,4,3200,0,12800,7600,website
ORD02873,10-13-2025,CUST1046,Mouse,Accessories,West,6,800,0.15,4080.0,2520,Website
ORD02874,11-12-2025,CUST1326,Mouse,Accessories,North,4,800,0,3200,1680,Website
ORD02875,05-27-2025,CUST1130,Tablet,Electronics,EAST,2,22000,0.1,39600.0,31000,App
ORD02876,12-19-2025,CUST1066,Tablet,Electronics,north,5,22000,0,110000,77500,Website
ORD02877,12-04-2025,CUST1378,Webcam,Accessories,North,3,3200,0,9600,5700,APP
ORD02878,2025-09-28,CUST1310,Mouse,Accessories,north,4,800,0.1,2880.0,1680,Marketplace
ORD02879,13/11/2025,CUST1023,Laptop,Electronics,north,4,55000,0.05,209000.0,144000,APP
ORD02880,11/12/2025,CUST1183,Webcam,Accessories,West,5,3200,0.05,15200.0,9500,APP
ORD02881,2025/06/18,CUST1032,Smartphone,electronics,north,1,28000,0.1,25200.0,20500,Website
ORD02882,04-18-2025,CUST1300,Keyboard,Accessories,South,4,1500,0.2,4800.0,3400,website
ORD02883,2025-07-26,CUST1218,Keyboard,Accessories,South,4,1500,0.15,5100.0,3400,Website
ORD02884,06-23-2025,CUST1179,Mouse,Accessories,West,6,800,0.2,3840.0,2520,APP
ORD02885,31/12/2025,CUST1110,Laptop,Electronics,South,1,55000,0.1,49500.0,36000,APP
ORD02886,08-01-2025,CUST1383,Webcam,accessories,EAST,1,3200,0,3200,1900,Website
ORD02887,2025-03-27,CUST1035,Tablet,Electronics,East,2,22000,20%,35200.0,31000,Marketplace
ORD02888,2025-08-27,CUST1306,Monitor,Electronics,north,3,12000,20%,28800.0,22800,APP
ORD02889,2025-03-01,CUST1294,Webcam,Accessories,EAST,6,3200,10%,17280.0,11400,APP
ORD02890,2025-04-24,CUST1247,Tablet,electronics,North,1,22000,0.2,17600.0,15500,Marketplace
ORD02891,11-09-2025,CUST1008,Mouse,Accessories,South ,6,800,0.05,4560.0,2520,Website
ORD02892,04/11/2025,CUST1143,Smartphone,Electronics,South,5,28000,0.05,133000.0,102500,App
ORD02893,2025/01/22,CUST1446,Keyboard,Accessories,West,1,1500,0,1500,850,website
ORD02894,2025-07-05,CUST1198,Headphones,Accessories,North,4,2500,0.05,9500.0,5400,App
ORD02895,08-01-2025,CUST1037,Laptop,Electronics,West,6,55000,0.05,313500.0,216000,Website
ORD02896,28/03/2025,CUST1442,Webcam,Accessories,South ,1,3200,0,3200,1900,App
ORD02897,2025/12/14,CUST1297,Mouse,Accessories,South,2,800,0,1600,840,Website
ORD02898,2025-08-08,CUST1433,Monitor,electronics,north,3,12000,0.1,32400.0,22800,website
ORD02899,11-21-2025,CUST1083,Webcam,Accessories,South,5,3200,0,16000,9500,Website
ORD02900,2025-04-22,CUST1129,Monitor,Electronics,EAST,4,12000,0.1,43200.0,30400,website
ORD02901,2025-01-22,CUST1411,Monitor,Electronics,EAST,6,12000,0.2,57600.0,45600,App
ORD02902,2025/05/20,CUST1005,Headphones,Accessories,EAST,3,2500,0.1,6750.0,4050,Marketplace
ORD02903,14/09/2025,CUST1350,Smartphone,Electronics,north,6,28000,0.15,142800.0,123000,Marketplace
ORD02904,10-20-2025,CUST1073,Tablet,Electronics,South ,3,22000,0.05,62700.0,46500,Website
ORD02905,29/05/2025,CUST1345,Tablet,Electronics,north,6,22000,0.15,112200.0,93000,Marketplace
ORD02906,21/08/2025,CUST1022,Webcam,Accessories,EAST,5,3200,0,16000,9500,Marketplace
ORD02907,2025/09/11,CUST1265,Webcam,Accessories,North,1,3200,0.15,2720.0,1900,App
ORD02908,18/12/2025,CUST1393,Tablet,Electronics,West,4,22000,0,88000,62000,website
ORD02909,2025/01/05,CUST1247,Smartphone,Electronics,North,3,28000,0.15,71400.0,61500,website
ORD02910,09/07/2025,CUST1032,Tablet,Electronics,EAST,6,22000,0.15,112200.0,93000,website
ORD02911,03-09-2025,CUST1077,Smartphone,Electronics,South ,3,28000,0.05,79800.0,61500,website
ORD02912,2025/01/18,CUST1449,Headphones,Accessories,South,6,2500,0.2,12000.0,8100,Website
ORD02913,07-05-2025,CUST1101,Smartphone,Electronics,South,1,28000,0.1,25200.0,20500,Website
ORD02914,21/09/2025,CUST1147,Webcam,Accessories,South,1,3200,0.1,2880.0,1900,App
ORD02915,03-06-2025,CUST1132,Monitor,Electronics,South,1,12000,20%,9600.0,7600,Website
ORD02916,2025/05/22,CUST1262,Monitor,Electronics,South ,3,12000,0,36000,22800,App
ORD02917,2025-12-15,CUST1387,Tablet,Electronics,North,5,22000,0.2,88000.0,77500,website
ORD02918,2025-09-29,CUST1257,Monitor,Electronics,North,2,12000,0.15,20400.0,15200,Website
ORD02919,2025/12/15,CUST1265,Smartphone,Electronics,EAST,3,28000,0.05,79800.0,61500,website
ORD02920,04-22-2025,CUST1443,Headphones,Accessories,South,5,2500,0.15,10625.0,6750,Marketplace
ORD02921,09-15-2025,CUST1151,Smartphone,Electronics,South,2,28000,0.15,47600.0,41000,Marketplace
ORD02922,2025-04-14,CUST1169,Monitor,Electronics,South,4,12000,0.2,38400.0,30400,Marketplace
ORD02923,2025/06/22,CUST1203,Smartphone,Electronics,West,5,28000,0.15,119000.0,102500,website
ORD02924,2025/12/29,CUST1040,Smartphone,Electronics,South,5,28000,0.2,112000.0,102500,Website
ORD02925,11-17-2025,CUST1309,Mouse,Accessories,East,1,800,0.05,760.0,420,App
ORD02926,07-22-2025,CUST1404,Laptop,Electronics,South,4,55000,0.1,198000.0,144000,Website
ORD02927,2025/11/22,CUST1156,Webcam,Accessories,West,1,3200,0.1,2880.0,1900,Marketplace
ORD02928,2025-05-19,CUST1349,Monitor,Electronics,South,5,12000,0.2,48000.0,38000,App
ORD02929,2025-05-05,CUST1047,Tablet,Electronics,North,2,22000,0.2,35200.0,31000,App
ORD02930,11-21-2025,CUST1416,Keyboard,Accessories,West,3,1500,0.2,3600.0,2550,Website
ORD02931,29/09/2025,CUST1059,Monitor,Electronics,north,4,12000,0.2,38400.0,30400,App
ORD02932,13/09/2025,CUST1251,Mouse,Accessories,north,4,800,0.15,2720.0,1680,Website
ORD02933,04-18-2025,CUST1285,Smartphone,Electronics,West,2,28000,0.05,53200.0,41000,Website
ORD02934,2025/05/29,CUST1158,Monitor,Electronics,South ,3,12000,0.2,28800.0,22800,website
ORD02935,05-11-2025,CUST1205,Laptop,electronics,South ,2,55000,0.15,93500.0,72000,website
ORD02936,13/07/2025,CUST1061,Smartphone,Electronics,South,5,28000,0.05,133000.0,102500,APP
ORD02937,08-01-2025,CUST1362,Tablet,Electronics,north,5,22000,0.1,99000.0,77500,App
ORD02938,2025/04/12,CUST1291,Keyboard,Accessories,EAST,6,1500,0.1,8100.0,5100,Website
ORD02939,2025-07-25,CUST1093,Webcam,Accessories,South ,1,3200,0.1,2880.0,1900,Marketplace
ORD02940,04-16-2025,CUST1440,Keyboard,Accessories,East,5,1500,20%,6000.0,4250,Website
ORD02941,2025-03-20,CUST1242,Monitor,Electronics,North,1,12000,0.15,10200.0,7600,Marketplace
ORD02942,2025-10-14,CUST1352,Mouse,Accessories,East,4,800,0.1,2880.0,1680,APP
ORD02943,2025/06/29,CUST1293,Headphones,Accessories,North,5,2500,0.1,11250.0,6750,App
ORD02944,2025/07/29,CUST1218,Webcam,Accessories,West,3,3200,0.2,7680.0,5700,website
ORD02945,07-07-2025,CUST1045,Headphones,Accessories,north,5,2500,15%,10625.0,6750,Website
ORD02946,2025/10/27,CUST1437,Laptop,Electronics,South,5,55000,0.2,220000.0,180000,APP
ORD02947,2025-11-07,CUST1038,Tablet,Electronics,north,4,22000,0,88000,62000,Website
ORD02948,06-21-2025,CUST1255,Laptop,Electronics,EAST,3,55000,0.1,148500.0,108000,Website
ORD02949,2025/05/14,CUST1049,Laptop,Electronics,West,1,55000,0,55000,36000,Marketplace
ORD02950,2025/08/24,CUST1114,Laptop,Electronics,North,3,55000,0.2,132000.0,108000,website
ORD02951,2025-08-21,CUST1299,Webcam,Accessories,North,4,3200,0.05,12160.0,7600,Website
ORD02952,04-03-2025,CUST1260,Smartphone,Electronics,north,4,28000,0.1,100800.0,82000,APP
ORD02953,08-13-2025,CUST1185,Keyboard,Accessories,West,3,1500,0.2,3600.0,2550,APP
ORD02954,04-11-2025,CUST1347,Tablet,Electronics,EAST,4,22000,0%,88000,62000,website
ORD02955,2025/12/13,CUST1260,Smartphone,Electronics,north,6,28000,15%,142800.0,123000,APP
ORD02956,2025/12/19,CUST1102,Webcam,Accessories,north,1,3200,0,3200,1900,website
ORD02957,09-03-2025,CUST1254,Mouse,Accessories,West,6,800,0.05,4560.0,2520,App
ORD02958,03-18-2025,CUST1304,Tablet,Electronics,EAST,6,22000,0.15,112200.0,93000,Marketplace
ORD02959,06-21-2025,CUST1226,Webcam,Accessories,East,4,3200,0.2,10240.0,7600,Marketplace
ORD02960,18/11/2025,CUST1129,Keyboard,accessories,East,4,1500,0.1,5400.0,3400,App
ORD02961,2025/08/15,CUST1161,Laptop,Electronics,South ,5,55000,0.1,247500.0,180000,APP
ORD02962,2025-05-13,CUST1395,Laptop,Electronics,north,2,55000,0.15,93500.0,72000,Website
ORD02963,11/07/2025,CUST1095,Mouse,Accessories,North,2,800,0.2,1280.0,840,App
ORD02964,2025-07-28,CUST1243,Keyboard,Accessories,South,6,1500,20%,7200.0,5100,Website
ORD02965,05-21-2025,CUST1429,Laptop,Electronics,North,6,55000,0.15,280500.0,216000,Website
ORD02966,14/03/2025,CUST1149,Mouse,Accessories,West,5,800,0.15,3400.0,2100,Marketplace
ORD02967,28/11/2025,CUST1248,Webcam,Accessories,EAST,4,3200,0,12800,7600,APP
ORD02968,11-14-2025,CUST1418,Monitor,Electronics,North,3,12000,0.2,28800.0,22800,Website
ORD02969,01-11-2025,CUST1058,Tablet,Electronics,north,4,22000,0,88000,62000,Marketplace
ORD02970,2025-10-31,CUST1218,Tablet,Electronics,East,2,22000,0.2,35200.0,31000,App
ORD02971,06-14-2025,CUST1011,Headphones,Accessories,East,3,2500,0.15,6375.0,4050,App
ORD02972,2025/07/29,CUST1387,Tablet,Electronics,West,1,22000,0.15,18700.0,15500,Website
ORD02973,2025/11/22,CUST1048,Monitor,Electronics,north,2,12000,0.2,19200.0,15200,Website
ORD02974,03-07-2025,CUST1344,Tablet,Electronics,South ,3,22000,0.1,59400.0,46500,App
ORD02975,2025-05-08,CUST1250,Tablet,Electronics,EAST,1,22000,0.1,19800.0,15500,Website
ORD02976,2025/11/18,CUST1018,Headphones,Accessories,north,1,2500,0,2500,1350,App
ORD02977,03/10/2025,CUST1412,Keyboard,accessories,East,4,1500,0.2,4800.0,3400,APP
ORD02978,06-29-2025,CUST1317,Webcam,Accessories,South,-2,3200,0.1,-5760.0,-3800,APP
ORD02979,30/01/2025,CUST1405,Mouse,Accessories,West,1,800,0.15,680.0,420,Marketplace
ORD02980,05-06-2025,CUST1133,Webcam,Accessories,North,4,3200,0.2,10240.0,7600,APP
ORD02981,15/10/2025,CUST1320,Headphones,Accessories,South ,6,2500,0.2,12000.0,8100,Marketplace
ORD02982,2025-08-12,CUST1380,Headphones,Accessories,South,2,2500,0.15,4250.0,2700,Website
ORD02983,08/03/2025,CUST1125,Webcam,Accessories,West,4,3200,0.05,12160.0,7600,Marketplace
ORD02984,05-16-2025,CUST1140,Laptop,Electronics,EAST,4,55000,0.2,176000.0,144000,Website
ORD02985,04-03-2025,CUST1110,Mouse,Accessories,East,2,800,0%,1600,840,Website
ORD02986,2025/01/12,CUST1264,Mouse,Accessories,North,1,800,0.2,640.0,420,Marketplace
ORD02987,09-28-2025,CUST1152,Laptop,Electronics,South ,5,55000,0.05,261250.0,180000,website
ORD02988,22/04/2025,CUST1138,Tablet,Electronics,East,4,22000,0.2,70400.0,62000,Marketplace
ORD02989,02/05/2025,CUST1391,Monitor,Electronics,South,3,12000,0,36000,22800,website
ORD02990,05-21-2025,CUST1331,Headphones,Accessories,West,1,2500,0.2,2000.0,1350,APP
ORD02991,2025-09-27,CUST1294,Monitor,Electronics,South ,3,12000,0.1,32400.0,22800,APP
ORD02992,06-18-2025,CUST1262,Tablet,Electronics,north,4,22000,0,88000,62000,Website
ORD02993,2025-06-16,CUST1121,Smartphone,Electronics,North,6,28000,0.1,151200.0,123000,website
ORD02994,31/07/2025,CUST1188,Headphones,Accessories,north,3,2500,0.1,6750.0,4050,APP
ORD02995,02-09-2025,CUST1228,Smartphone,Electronics,West,6,28000,0.05,159600.0,123000,website
ORD02996,10/09/2025,CUST1263,Smartphone,Electronics,EAST,3,28000,0.1,75600.0,61500,Marketplace
ORD02997,10-28-2025,CUST1447,Tablet,Electronics,East,5,22000,0%,110000,77500,APP
ORD02998,2025-05-26,CUST1223,Keyboard,Accessories,South,5,1500,0.15,6375.0,4250,APP
ORD02999,06-24-2025,CUST1015,Tablet,Electronics,EAST,1,22000,0.05,20900.0,15500,website
ORD03000,09/08/2025,CUST1251,Laptop,Electronics,West,4,55000,0.1,198000.0,144000,website
ORD03001,04/07/2025,CUST1141,Monitor,Electronics,South ,3,12000,0.1,32400.0,22800,Website
ORD03002,01-29-2025,CUST1318,Headphones,Accessories,EAST,3,2500,0.2,6000.0,4050,Marketplace
ORD03003,2025/08/11,CUST1358,Webcam,Accessories,EAST,5,3200,0.05,15200.0,9500,website
ORD03004,2025-08-01,CUST1015,Headphones,Accessories,EAST,1,2500,0.1,2250.0,1350,Website
ORD03005,05-31-2025,CUST1392,Tablet,Electronics,South ,1,22000,0.1,19800.0,15500,APP
ORD03006,22/08/2025,CUST1445,Mouse,Accessories,South ,4,800,0.2,2560.0,1680,website
ORD03007,01-19-2025,CUST1404,Headphones,Accessories,South,6,2500,0,15000,8100,APP
ORD03008,2025-02-10,CUST1016,Headphones,Accessories,South,2,2500,5%,4750.0,2700,App
ORD03009,2025-12-29,CUST1340,Webcam,Accessories,South,2,3200,0.15,5440.0,3800,APP
ORD03010,10-14-2025,CUST1145,Smartphone,Electronics,West,6,28000,0,168000,123000,APP
ORD03011,20/02/2025,CUST1378,Tablet,electronics,South,4,22000,0.15,74800.0,62000,Marketplace
ORD03012,09-20-2025,CUST1246,Smartphone,Electronics,South ,3,28000,0.05,79800.0,61500,website
ORD03013,07/06/2025,CUST1389,Laptop,Electronics,EAST,3,55000,0.15,140250.0,108000,website
ORD03014,2025/07/28,CUST1422,Headphones,Accessories,East,5,2500,0,12500,6750,APP
ORD03015,10-18-2025,CUST1196,Webcam,Accessories,South,5,3200,0.15,13600.0,9500,APP
ORD03016,11-12-2025,CUST1334,Mouse,Accessories,north,1,800,0.1,720.0,420,Marketplace
ORD03017,2025/01/06,CUST1137,Webcam,Accessories,north,5,3200,0,16000,9500,website
ORD03018,19/07/2025,CUST1124,Monitor,Electronics,South ,1,12000,0.2,9600.0,7600,App
ORD03019,17/05/2025,CUST1117,Tablet,Electronics,north,2,22000,0.05,41800.0,31000,Marketplace
ORD03020,01-28-2025,CUST1253,Monitor,Electronics,North,2,12000,0.2,19200.0,15200,Marketplace
ORD03021,2025/06/18,CUST1333,Webcam,Accessories,EAST,6,3200,0.1,17280.0,11400,Marketplace
ORD03022,24/08/2025,CUST1202,Laptop,Electronics,West,1,55000,0.1,49500.0,36000,website
ORD03023,2025-05-14,CUST1188,Keyboard,Accessories,East,2,1500,0.15,2550.0,1700,website
ORD03024,2025-07-01,CUST1350,Keyboard,Accessories,West,3,1500,5%,4275.0,2550,Marketplace
ORD03025,2025-08-22,CUST1292,Headphones,Accessories,East,2,2500,0,5000,2700,Website
ORD03026,06-24-2025,CUST1025,Monitor,Electronics,South ,2,12000,0.05,22800.0,15200,Marketplace
ORD03027,2025/04/07,CUST1210,Smartphone,Electronics,South,6,28000,0.2,134400.0,123000,App
ORD03028,2025-09-08,CUST1205,Laptop,Electronics,South ,3,55000,0.05,156750.0,108000,APP
ORD03029,2025-11-12,CUST1270,Tablet,Electronics,West,1,22000,0,22000,15500,Marketplace
ORD03030,10-25-2025,CUST1315,Laptop,Electronics,North,3,55000,0.05,156750.0,108000,Website
ORD03031,2025/05/29,CUST1374,Mouse,Accessories,South ,-2,800,0.1,-1440.0,-840,Marketplace
ORD03032,05/03/2025,CUST1055,Webcam,Accessories,north,1,3200,0,3200,1900,website
ORD03033,28/05/2025,CUST1022,Mouse,Accessories,North,4,800,0,3200,1680,APP
ORD03034,2025/03/06,CUST1438,Mouse,Accessories,South,1,800,0.05,760.0,420,App
ORD03035,25/07/2025,CUST1128,Webcam,Accessories,East,3,3200,0.1,8640.0,5700,Marketplace
ORD03036,2025-03-18,CUST1073,Smartphone,Electronics,East,1,28000,0.05,26600.0,20500,Website
ORD03037,2025-01-04,CUST1163,Headphones,Accessories,North,6,2500,0.15,12750.0,8100,Website
ORD03038,02/04/2025,CUST1123,Monitor,Electronics,EAST,4,12000,0.15,40800.0,30400,App
ORD03039,10-22-2025,CUST1041,Mouse,Accessories,West,1,800,0.1,720.0,420,Marketplace
ORD03040,31/08/2025,CUST1016,Tablet,Electronics,South,5,22000,0.1,99000.0,77500,website
ORD03041,16/12/2025,CUST1369,Headphones,Accessories,North,6,2500,0.1,13500.0,8100,Website
ORD03042,06-15-2025,CUST1200,Laptop,Electronics,South ,3,55000,0%,165000,108000,App
ORD03043,04-25-2025,CUST1099,Mouse,Accessories,EAST,1,800,0.1,720.0,420,Website
ORD03044,2025/01/02,CUST1229,Keyboard,Accessories,South ,1,1500,0.15,1275.0,850,App
ORD03045,19/02/2025,CUST1282,Keyboard,Accessories,EAST,4,1500,0%,6000,3400,App
ORD03046,04-19-2025,CUST1194,Tablet,Electronics,West,1,22000,0.15,18700.0,15500,website
ORD03047,06/11/2025,CUST1352,Laptop,Electronics,South,3,55000,20%,132000.0,108000,Website
ORD03048,2025/12/26,CUST1310,Headphones,Accessories,South,6,2500,0.1,13500.0,8100,App
ORD03049,11-30-2025,CUST1370,Mouse,Accessories,West,4,800,0.1,2880.0,1680,Marketplace
ORD03050,27/12/2025,CUST1430,Keyboard,Accessories,North,3,1500,0.05,4275.0,2550,website
ORD03051,07-15-2025,CUST1217,Keyboard,Accessories,South ,4,1500,0.05,5700.0,3400,App
ORD03052,2025/08/19,CUST1403,Smartphone,Electronics,North,4,28000,0,112000,82000,Website
ORD03053,15/10/2025,CUST1223,Laptop,Electronics,north,6,55000,0%,330000,216000,Website
ORD03054,29/10/2025,CUST1069,Laptop,Electronics,West,5,55000,0,275000,180000,App
ORD03055,2025-09-28,CUST1142,Tablet,Electronics,West,4,22000,0.15,74800.0,62000,App
ORD03056,2025/12/24,CUST1156,Smartphone,Electronics,West,1,28000,0,28000,20500,website
ORD03057,14/04/2025,CUST1076,Headphones,Accessories,EAST,4,2500,0.2,8000.0,5400,Website
ORD03058,04-15-2025,CUST1374,Mouse,Accessories,South ,6,800,0.2,3840.0,2520,APP
ORD03059,03-31-2025,CUST1414,Laptop,Electronics,West,4,55000,10%,198000.0,144000,website
ORD03060,2025/04/07,CUST1134,Monitor,Electronics,East,5,12000,0.05,57000.0,38000,website
ORD03061,08-19-2025,CUST1110,Headphones,Accessories,East,5,2500,0.2,10000.0,6750,website
ORD03062,2025-11-06,CUST1313,Tablet,Electronics,South ,1,22000,0.05,20900.0,15500,website
ORD03063,2025-05-11,CUST1291,Monitor,Electronics,north,2,12000,0.15,20400.0,15200,APP
ORD03064,2025/04/07,CUST1285,Mouse,Accessories,East,6,800,0,4800,2520,website
ORD03065,29/09/2025,CUST1216,Tablet,Electronics,North,3,22000,0.05,62700.0,46500,App
ORD03066,03/11/2025,CUST1206,Tablet,Electronics,South ,3,22000,0.15,56100.0,46500,APP
ORD03067,11/04/2025,CUST1070,Headphones,Accessories,North,1,2500,0.15,2125.0,1350,website
ORD03068,11-27-2025,CUST1351,Webcam,Accessories,EAST,3,3200,0,9600,5700,website
ORD03069,2025/07/11,CUST1371,Laptop,Electronics,EAST,3,55000,0.1,148500.0,108000,APP
ORD03070,02-10-2025,CUST1105,Mouse,Accessories,north,1,800,0.05,760.0,420,Website
ORD03071,2025/02/05,CUST1080,Tablet,Electronics,East,3,22000,0,66000,46500,APP
ORD03072,01-18-2025,CUST1213,Mouse,Accessories,north,4,800,0.2,2560.0,1680,Marketplace
ORD03073,2025/04/11,CUST1002,Monitor,Electronics,north,4,12000,0.2,38400.0,30400,Marketplace
ORD03074,2025-06-16,CUST1030,Keyboard,Accessories,North,2,1500,0.2,2400.0,1700,Website
ORD03075,06-03-2025,CUST1142,Tablet,Electronics,South,6,22000,0.2,105600.0,93000,Website
ORD03076,2025-01-01,CUST1109,Monitor,Electronics,EAST,5,12000,0.2,48000.0,38000,APP
ORD03077,2025-05-06,CUST1051,Headphones,Accessories,South ,2,2500,0.2,4000.0,2700,website
ORD03078,2025/01/20,CUST1146,Tablet,Electronics,South ,3,22000,15%,56100.0,46500,App
ORD03079,16/07/2025,CUST1063,Headphones,Accessories,East,3,2500,0.1,6750.0,4050,Marketplace
ORD03080,2025/07/19,CUST1126,Smartphone,Electronics,South,-1,28000,0.05,-26600.0,-20500,Marketplace
ORD03081,2025-07-17,CUST1369,Laptop,Electronics,West,5,55000,0.1,247500.0,180000,Website
ORD03082,2025-05-08,CUST1200,Monitor,Electronics,South,1,12000,0.15,10200.0,7600,Website
ORD03083,05-13-2025,CUST1324,Monitor,Electronics,East,6,12000,5%,68400.0,45600,website
ORD03084,2025-02-04,CUST1270,Laptop,Electronics,East,5,55000,0.1,247500.0,180000,Marketplace
ORD03085,04/03/2025,CUST1265,Mouse,Accessories,north,4,800,0.15,2720.0,1680,Website
ORD03086,06-18-2025,CUST1372,Headphones,Accessories,South,5,2500,0,12500,6750,APP
ORD03087,2025-01-31,CUST1329,Smartphone,Electronics,South ,6,28000,0.1,151200.0,123000,Marketplace
ORD03088,2025-03-23,CUST1110,Keyboard,Accessories,East,5,1500,0,7500,4250,website
ORD03089,2025-10-23,CUST1424,Monitor,Electronics,South ,3,12000,0.05,34200.0,22800,Website
ORD03090,02-25-2025,CUST1359,Laptop,Electronics,north,2,55000,0,110000,72000,APP
ORD03091,20/09/2025,CUST1237,Webcam,Accessories,EAST,3,3200,0.2,7680.0,5700,APP
ORD03092,2025/03/05,CUST1159,Webcam,Accessories,South ,4,3200,0.1,11520.0,7600,APP
ORD03093,2025-03-05,CUST1050,Smartphone,Electronics,north,6,28000,0,168000,123000,Marketplace
ORD03094,12/03/2025,CUST1148,Headphones,Accessories,East,4,2500,0.2,8000.0,5400,Website
ORD03095,2025-03-06,CUST1322,Keyboard,Accessories,EAST,4,1500,0.05,5700.0,3400,App
ORD03096,2025-01-06,CUST1416,Mouse,Accessories,West,3,800,0.05,2280.0,1260,Website
ORD03097,2025/06/09,CUST1362,Mouse,Accessories,West,6,800,0.2,3840.0,2520,Marketplace
ORD03098,01-27-2025,CUST1091,Tablet,Electronics,EAST,4,22000,5%,83600.0,62000,Website
ORD03099,2025-01-11,CUST1009,Mouse,Accessories,EAST,6,800,0,4800,2520,APP
ORD03100,09-10-2025,CUST1033,Tablet,Electronics,EAST,2,22000,0.1,39600.0,31000,APP
ORD03101,31/10/2025,CUST1297,Smartphone,Electronics,South ,4,28000,0.15,95200.0,82000,App
ORD03102,23/04/2025,CUST1195,Monitor,Electronics,South ,5,12000,0.05,57000.0,38000,App
ORD03103,2025-08-24,CUST1140,Webcam,Accessories,South,5,3200,0,16000,9500,Marketplace
ORD03104,2025-08-22,CUST1420,Monitor,Electronics,West,5,12000,0.2,48000.0,38000,APP
ORD03105,2025/10/31,CUST1368,Monitor,Electronics,North,6,12000,0.05,68400.0,45600,website
ORD03106,12-02-2025,CUST1289,Tablet,Electronics,north,3,22000,0,66000,46500,APP
ORD03107,2025/11/10,CUST1064,Headphones,Accessories,South,4,2500,0.15,8500.0,5400,APP
ORD03108,01-06-2025,CUST1378,Headphones,Accessories,South ,1,2500,0.2,2000.0,1350,App
ORD03109,25/03/2025,CUST1362,Headphones,Accessories,East,3,2500,0,7500,4050,APP
ORD03110,2025-02-04,CUST1382,Monitor,Electronics,North,5,12000,0.15,51000.0,38000,Website
ORD03111,2025/11/02,CUST1117,Keyboard,Accessories,East,3,1500,0,4500,2550,APP
ORD03112,06/01/2025,CUST1072,Laptop,Electronics,South,3,55000,0,165000,108000,website
ORD03113,26/12/2025,CUST1110,Tablet,Electronics,north,1,22000,0.05,20900.0,15500,Website
ORD03114,13/03/2025,CUST1180,Tablet,Electronics,East,1,22000,0.2,17600.0,15500,website
ORD03115,12-16-2025,CUST1297,Smartphone,Electronics,EAST,1,28000,0,28000,20500,website
ORD03116,2025-04-22,CUST1273,Keyboard,Accessories,South,5,1500,0.05,7125.0,4250,App
ORD03117,28/01/2025,CUST1416,Headphones,Accessories,North,5,2500,0.1,11250.0,6750,APP
ORD03118,2025-01-10,CUST1022,Webcam,Accessories,north,3,3200,0.2,7680.0,5700,App
ORD03119,06-05-2025,CUST1216,Keyboard,Accessories,South ,1,1500,20%,1200.0,850,APP
ORD03120,2025/08/29,CUST1441,Mouse,Accessories,North,2,800,0,1600,840,App
ORD03121,07/12/2025,CUST1157,Keyboard,Accessories,North,2,1500,0.1,2700.0,1700,Website
ORD03122,07-30-2025,CUST1056,Laptop,Electronics,South,-1,55000,0.1,-49500.0,-36000,Marketplace
ORD03123,07/07/2025,CUST1350,Tablet,Electronics,South ,5,22000,0.1,99000.0,77500,App
ORD03124,2025-11-02,CUST1363,Tablet,Electronics,EAST,2,22000,0,44000,31000,APP
ORD03125,2025/10/14,CUST1216,Tablet,Electronics,West,6,22000,0.2,105600.0,93000,Marketplace
ORD03126,2025-02-02,CUST1272,Tablet,Electronics,South,4,22000,0,88000,62000,APP
ORD03127,08-22-2025,CUST1184,Smartphone,Electronics,East,1,28000,0.1,25200.0,20500,Marketplace
ORD03128,24/06/2025,CUST1143,Webcam,Accessories,north,5,3200,0,16000,9500,Website
ORD03129,2025-09-13,CUST1178,Webcam,Accessories,EAST,3,3200,0,9600,5700,Marketplace
ORD03130,09-19-2025,CUST1122,Mouse,Accessories,South ,5,800,0,4000,2100,App
ORD03131,17/01/2025,CUST1229,Keyboard,Accessories,north,3,1500,0.2,3600.0,2550,Marketplace
ORD03132,2025-05-09,CUST1071,Mouse,Accessories,South ,5,800,0.1,3600.0,2100,website
ORD03133,2025-11-22,CUST1351,Headphones,Accessories,East,2,2500,0.15,4250.0,2700,Marketplace
ORD03134,2025/06/22,CUST1388,Headphones,Accessories,north,3,2500,0.1,6750.0,4050,APP
ORD03135,13/12/2025,CUST1329,Tablet,Electronics,South ,6,22000,0.2,105600.0,93000,App
ORD03136,2025-02-24,CUST1393,Laptop,Electronics,East,-2,55000,0.05,-104500.0,-72000,website
ORD03137,2025/02/04,CUST1275,Smartphone,Electronics,East,3,28000,15%,71400.0,61500,Website
ORD03138,01-12-2025,CUST1076,Webcam,Accessories,South,4,3200,15%,10880.0,7600,Marketplace
ORD03139,2025-06-03,CUST1060,Keyboard,Accessories,West,5,1500,0.2,6000.0,4250,Website
ORD03140,29/04/2025,CUST1402,Headphones,Accessories,West,4,2500,0,10000,5400,App
ORD03141,2025/03/10,CUST1336,Webcam,Accessories,north,6,3200,0.15,16320.0,11400,Website
ORD03142,2025/04/20,CUST1226,Laptop,Electronics,South ,3,55000,0.05,156750.0,108000,APP
ORD03143,10-30-2025,CUST1437,Keyboard,Accessories,North,4,1500,0.2,4800.0,3400,App
ORD03144,01-31-2025,CUST1182,Webcam,Accessories,EAST,3,3200,0.05,9120.0,5700,Marketplace
ORD03145,2025/02/19,CUST1029,Monitor,electronics,East,2,12000,0.15,20400.0,15200,App
ORD03146,2025-08-24,CUST1416,Smartphone,Electronics,EAST,3,28000,0.15,71400.0,61500,Marketplace
ORD03147,04-18-2025,CUST1132,Headphones,Accessories,North,1,2500,0.05,2375.0,1350,Website
ORD03148,2025/10/31,CUST1332,Smartphone,Electronics,North,1,28000,15%,23800.0,20500,Website
ORD03149,2025/07/04,CUST1401,Monitor,Electronics,South ,6,12000,0.1,64800.0,45600,App
ORD03150,2025-07-07,CUST1426,Keyboard,Accessories,South ,6,1500,0.05,8550.0,5100,Marketplace
ORD03151,12-09-2025,CUST1435,Keyboard,Accessories,East,3,1500,0.05,4275.0,2550,App
ORD03152,08-13-2025,CUST1030,Smartphone,Electronics,East,4,28000,0.2,89600.0,82000,APP
ORD03153,10-25-2025,CUST1303,Laptop,Electronics,East,2,55000,0.05,104500.0,72000,APP
ORD03154,2025-01-29,CUST1412,Headphones,Accessories,North,6,2500,0.05,14250.0,8100,website
ORD03155,12-07-2025,CUST1067,Tablet,Electronics,East,2,22000,0.1,39600.0,31000,website
ORD03156,10/09/2025,CUST1017,Keyboard,Accessories,East,3,1500,0.1,4050.0,2550,Website
ORD03157,2025/01/25,CUST1152,Webcam,Accessories,South,5,3200,0.2,12800.0,9500,website
ORD03158,07-06-2025,CUST1333,Mouse,Accessories,South ,4,800,0.15,2720.0,1680,website
ORD03159,2025/01/11,CUST1080,Smartphone,Electronics,East,1,28000,0,28000,20500,Marketplace
ORD03160,12/04/2025,CUST1072,Laptop,Electronics,South ,1,55000,15%,46750.0,36000,Marketplace
ORD03161,2025-08-28,CUST1361,Smartphone,Electronics,South,4,28000,0.05,106400.0,82000,Website
ORD03162,18/12/2025,CUST1383,Laptop,Electronics,South ,2,55000,0.05,104500.0,72000,APP
ORD03163,02/06/2025,CUST1351,Keyboard,Accessories,West,3,1500,0.05,4275.0,2550,Website
ORD03164,09-13-2025,CUST1309,Keyboard,Accessories,East,5,1500,0.15,6375.0,4250,APP
ORD03165,2025/07/01,CUST1363,Monitor,Electronics,South ,2,12000,0.15,20400.0,15200,App
ORD03166,2025-08-13,CUST1082,Mouse,Accessories,South,2,800,0.05,1520.0,840,website
ORD03167,2025-12-07,CUST1392,Webcam,Accessories,North,1,3200,0.15,2720.0,1900,Marketplace
ORD03168,2025-07-19,CUST1062,Headphones,Accessories,East,1,2500,0,2500,1350,Website
ORD03169,03-11-2025,CUST1347,Smartphone,Electronics,north,5,28000,0.2,112000.0,102500,Marketplace
ORD03170,28/03/2025,CUST1105,Smartphone,Electronics,East,4,28000,0.15,95200.0,82000,Marketplace
ORD03171,22/04/2025,CUST1311,Tablet,Electronics,South ,2,22000,0.05,41800.0,31000,APP
ORD03172,2025/04/06,CUST1225,Headphones,Accessories,North,1,2500,0%,2500,1350,Marketplace
ORD03173,2025/04/10,CUST1404,Keyboard,Accessories,East,6,1500,0.2,7200.0,5100,App
ORD03174,12/09/2025,CUST1002,Headphones,Accessories,north,4,2500,5%,9500.0,5400,App
ORD03175,03/02/2025,CUST1430,Mouse,Accessories,West,1,800,0.2,640.0,420,App
ORD03176,02-23-2025,CUST1026,Tablet,Electronics,EAST,2,22000,0.1,39600.0,31000,App
ORD03177,2025-12-17,CUST1000,Headphones,Accessories,West,5,2500,0,12500,6750,App
ORD03178,03-30-2025,CUST1177,Tablet,Electronics,north,1,22000,0.05,20900.0,15500,Marketplace
ORD03179,2025/10/19,CUST1179,Laptop,Electronics,East,2,55000,0.05,104500.0,72000,website
ORD03180,2025-11-14,CUST1406,Smartphone,Electronics,North,2,28000,0,56000,41000,APP
ORD03181,2025-05-25,CUST1113,Headphones,Accessories,North,1,2500,0.05,2375.0,1350,website
ORD03182,09-20-2025,CUST1174,Webcam,Accessories,East,4,3200,0.1,11520.0,7600,Website
ORD03183,2025/10/28,CUST1090,Monitor,Electronics,West,3,12000,10%,32400.0,22800,website
ORD03184,11-15-2025,CUST1053,Webcam,Accessories,North,2,3200,0.15,5440.0,3800,Marketplace
ORD03185,2025-12-20,CUST1349,Keyboard,Accessories,East,2,1500,0.2,2400.0,1700,website
ORD03186,16/03/2025,CUST1439,Webcam,Accessories,East,3,3200,0.05,9120.0,5700,Website
ORD03187,2025/08/06,CUST1288,Webcam,Accessories,EAST,4,3200,0.1,11520.0,7600,Marketplace
ORD03188,2025/09/30,CUST1330,Keyboard,Accessories,West,5,1500,0,7500,4250,website
ORD03189,2025/11/25,CUST1275,Keyboard,Accessories,East,1,1500,0.2,1200.0,850,App
ORD03190,2025-08-21,CUST1220,Monitor,Electronics,East,2,12000,0.1,21600.0,15200,APP
ORD03191,2025-09-25,CUST1149,Keyboard,Accessories,South ,2,1500,0.15,2550.0,1700,APP
ORD03192,13/04/2025,CUST1221,Monitor,Electronics,north,5,12000,0.15,51000.0,38000,App
ORD03193,2025-01-26,CUST1072,Smartphone,Electronics,West,4,28000,0.05,106400.0,82000,App
ORD03194,02-07-2025,CUST1403,Mouse,Accessories,East,1,800,0,800,420,App
ORD03195,03-14-2025,CUST1251,Smartphone,Electronics,South,-1,28000,0.15,-23800.0,-20500,website
ORD03196,01/12/2025,CUST1420,Mouse,Accessories,East,1,800,0.05,760.0,420,App
ORD03197,2025/03/06,CUST1443,Headphones,Accessories,West,4,2500,0.2,8000.0,5400,Website
ORD03198,09-13-2025,CUST1403,Laptop,Electronics,EAST,1,55000,0.15,46750.0,36000,website
ORD03199,2025/01/17,CUST1158,Keyboard,Accessories,East,6,1500,20%,7200.0,5100,App
ORD03200,2025/07/18,CUST1223,Monitor,Electronics,North,6,12000,0.15,61200.0,45600,Marketplace
ORD03201,2025/09/02,CUST1219,Keyboard,Accessories,South,1,1500,0.1,1350.0,850,Marketplace
ORD03202,04/10/2025,CUST1321,Keyboard,Accessories,North,1,1500,0.1,1350.0,850,APP
ORD03203,15/09/2025,CUST1042,Smartphone,Electronics,South,4,28000,0.05,106400.0,82000,App
ORD03204,2025/04/23,CUST1357,Smartphone,Electronics,South,1,28000,0.1,25200.0,20500,App
ORD03205,12-05-2025,CUST1214,Keyboard,Accessories,EAST,6,1500,0.1,8100.0,5100,website
ORD03206,2025-02-06,CUST1151,Keyboard,Accessories,north,1,1500,0.15,1275.0,850,APP
ORD03207,2025/04/29,CUST1402,Monitor,Electronics,West,4,12000,0.1,43200.0,30400,website
ORD03208,2025/07/10,CUST1023,Webcam,Accessories,South,4,3200,0.15,10880.0,7600,Website
ORD03209,09-14-2025,CUST1094,Headphones,Accessories,East,6,2500,0.05,14250.0,8100,Website
ORD03210,28/05/2025,CUST1239,Tablet,Electronics,South ,5,22000,0.05,104500.0,77500,Marketplace
ORD03211,14/03/2025,CUST1304,Webcam,Accessories,West,1,3200,0.2,2560.0,1900,App
ORD03212,11-27-2025,CUST1212,Keyboard,Accessories,West,1,1500,0,1500,850,App
ORD03213,27/10/2025,CUST1290,Smartphone,Electronics,South,1,28000,0.1,25200.0,20500,App
ORD03214,01-11-2025,CUST1256,Monitor,Electronics,East,5,12000,0.1,54000.0,38000,APP
ORD03215,2025-09-13,CUST1175,Smartphone,Electronics,South,6,28000,0.1,151200.0,123000,website
ORD03216,11-08-2025,CUST1037,Keyboard,Accessories,north,3,1500,0.15,3825.0,2550,APP
ORD03217,2025/04/13,CUST1217,Tablet,Electronics,West,6,22000,0,132000,93000,App
ORD03218,2025/12/03,CUST1334,Headphones,Accessories,South,6,2500,0.2,12000.0,8100,Marketplace
ORD03219,2025-12-16,CUST1396,Laptop,Electronics,South ,6,55000,0,330000,216000,website
ORD03220,08/03/2025,CUST1303,Webcam,Accessories,EAST,5,3200,0.1,14400.0,9500,APP
ORD03221,2025/05/26,CUST1246,Headphones,Accessories,EAST,1,2500,0.15,2125.0,1350,APP
ORD03222,2025-01-25,CUST1347,Laptop,Electronics,north,2,55000,0.15,93500.0,72000,Marketplace
ORD03223,2025-12-13,CUST1065,Laptop,Electronics,EAST,2,55000,0.2,88000.0,72000,Marketplace
ORD03224,2025/11/23,CUST1087,Laptop,Electronics,EAST,6,55000,0.1,297000.0,216000,Marketplace
ORD03225,02/08/2025,CUST1323,Smartphone,Electronics,north,1,28000,0,28000,20500,App
ORD03226,12-14-2025,CUST1123,Smartphone,Electronics,North,3,28000,0.05,79800.0,61500,Marketplace
ORD03227,01-08-2025,CUST1033,Tablet,Electronics,South,3,22000,0.1,59400.0,46500,Website
ORD03228,2025-03-14,CUST1389,Keyboard,Accessories,north,2,1500,10%,2700.0,1700,App
ORD03229,07/05/2025,CUST1135,Laptop,Electronics,East,5,55000,0.2,220000.0,180000,App
ORD03230,14/02/2025,CUST1346,Laptop,Electronics,South ,4,55000,15%,187000.0,144000,App
ORD03231,2025/03/08,CUST1033,Mouse,Accessories,West,4,800,0.15,2720.0,1680,Marketplace
ORD03232,2025-09-01,CUST1092,Headphones,Accessories,West,3,2500,0.2,6000.0,4050,website
ORD03233,24/02/2025,CUST1310,Mouse,Accessories,West,5,800,0.05,3800.0,2100,Website
ORD03234,13/03/2025,CUST1325,Laptop,Electronics,North,6,55000,0,330000,216000,website
ORD03235,2025/03/22,CUST1096,Headphones,Accessories,EAST,5,2500,0.05,11875.0,6750,APP
ORD03236,2025-02-05,CUST1075,Laptop,Electronics,East,2,55000,0.15,93500.0,72000,APP
ORD03237,05-05-2025,CUST1410,Headphones,Accessories,EAST,3,2500,0.15,6375.0,4050,Website
ORD03238,08-04-2025,CUST1306,Smartphone,Electronics,North,1,28000,0.15,23800.0,20500,Marketplace
ORD03239,09/05/2025,CUST1383,Keyboard,Accessories,EAST,2,1500,0.15,2550.0,1700,website
ORD03240,29/10/2025,CUST1084,Smartphone,Electronics,West,2,28000,0,56000,41000,website
ORD03241,2025/09/14,CUST1279,Smartphone,Electronics,West,4,28000,20%,89600.0,82000,Website
ORD03242,2025-01-29,CUST1022,Mouse,Accessories,North,2,800,0.2,1280.0,840,website
ORD03243,2025/04/19,CUST1169,Headphones,Accessories,East,5,2500,0.15,10625.0,6750,APP
ORD03244,31/07/2025,CUST1148,Smartphone,Electronics,West,5,28000,0.1,126000.0,102500,App
ORD03245,2025/04/23,CUST1438,Keyboard,Accessories,East,4,1500,0.1,5400.0,3400,Website
ORD03246,2025/06/21,CUST1104,Webcam,Accessories,EAST,6,3200,0.05,18240.0,11400,Website
ORD03247,09-21-2025,CUST1296,Tablet,Electronics,EAST,4,22000,0.2,70400.0,62000,website
ORD03248,07/01/2025,CUST1291,Mouse,Accessories,South ,6,800,0.05,4560.0,2520,Marketplace
ORD03249,22/09/2025,CUST1166,Smartphone,Electronics,East,1,28000,0,28000,20500,Marketplace
ORD03250,2025/06/30,CUST1203,Headphones,Accessories,East,6,2500,0.05,14250.0,8100,Website
ORD03251,2025/05/26,CUST1023,Webcam,Accessories,South,3,3200,5%,9120.0,5700,website
ORD03252,21/03/2025,CUST1159,Smartphone,Electronics,South ,1,28000,0,28000,20500,App
ORD03253,11-07-2025,CUST1290,Headphones,Accessories,South,1,2500,0,2500,1350,APP
ORD03254,2025-05-14,CUST1279,Webcam,Accessories,South,6,3200,0.2,15360.0,11400,Marketplace
ORD03255,2025/09/13,CUST1220,Laptop,Electronics,West,1,55000,0.15,46750.0,36000,APP
ORD03256,06-08-2025,CUST1107,Mouse,Accessories,north,4,800,0,3200,1680,App
ORD03257,2025/12/16,CUST1084,Laptop,Electronics,EAST,5,55000,0.1,247500.0,180000,App
ORD03258,13/07/2025,CUST1249,Smartphone,Electronics,East,2,28000,0.05,53200.0,41000,website
ORD03259,04/10/2025,CUST1098,Smartphone,Electronics,South ,4,28000,0,112000,82000,App
ORD03260,05-10-2025,CUST1306,Webcam,Accessories,West,4,3200,15%,10880.0,7600,Website
ORD03261,2025/10/07,CUST1315,Webcam,Accessories,East,2,3200,0.2,5120.0,3800,Marketplace
ORD03262,2025/11/06,CUST1318,Laptop,Electronics,West,2,55000,0.2,88000.0,72000,Website
ORD03263,28/04/2025,CUST1444,Keyboard,Accessories,South,1,1500,0.2,1200.0,850,APP
ORD03264,15/01/2025,CUST1330,Mouse,Accessories,South,3,800,0.15,2040.0,1260,website
ORD03265,10/09/2025,CUST1409,Mouse,Accessories,West,-1,800,0.2,-640.0,-420,App
ORD03266,2025-02-19,CUST1186,Headphones,Accessories,North,2,2500,0%,5000,2700,App
ORD03267,2025-05-05,CUST1085,Mouse,Accessories,South,-1,800,0,-800,-420,App
ORD03268,03-04-2025,CUST1309,Webcam,accessories,EAST,4,3200,5%,12160.0,7600,App
ORD03269,2025-02-20,CUST1003,Tablet,Electronics,South ,4,22000,0.1,79200.0,62000,Website
ORD03270,02/12/2025,CUST1420,Monitor,Electronics,East,4,12000,0.15,40800.0,30400,Marketplace
ORD03271,09-29-2025,CUST1145,Mouse,Accessories,East,5,800,15%,3400.0,2100,website
ORD03272,2025/11/13,CUST1005,Tablet,Electronics,South,6,22000,0,132000,93000,APP
ORD03273,2025-04-06,CUST1440,Keyboard,Accessories,South ,1,1500,0,1500,850,App
ORD03274,2025-05-25,CUST1012,Monitor,Electronics,north,2,12000,0.05,22800.0,15200,App
ORD03275,04-02-2025,CUST1095,Monitor,Electronics,West,5,12000,0.05,57000.0,38000,App
ORD03276,2025/07/04,CUST1288,Laptop,Electronics,East,2,55000,0,110000,72000,App
ORD03277,2025-09-28,CUST1205,Smartphone,Electronics,North,4,28000,0.15,95200.0,82000,Website
ORD03278,2025-08-10,CUST1170,Webcam,Accessories,West,-2,3200,0.05,-6080.0,-3800,Marketplace
ORD03279,03-28-2025,CUST1042,Mouse,Accessories,EAST,1,800,0.05,760.0,420,Marketplace
ORD03280,04-17-2025,CUST1399,Laptop,Electronics,South ,3,55000,0,165000,108000,Marketplace
ORD03281,01-15-2025,CUST1211,Headphones,Accessories,West,1,2500,0.2,2000.0,1350,Website
ORD03282,2025-04-30,CUST1286,Keyboard,Accessories,South,4,1500,0.15,5100.0,3400,Website
ORD03283,30/11/2025,CUST1164,Keyboard,Accessories,North,6,1500,0.1,8100.0,5100,Website
ORD03284,12/09/2025,CUST1280,Smartphone,Electronics,North,4,28000,0.2,89600.0,82000,Website
ORD03285,20/12/2025,CUST1032,Mouse,Accessories,East,2,800,0,1600,840,Website
ORD03286,2025-08-07,CUST1186,Webcam,Accessories,East,5,3200,0%,16000,9500,Website
ORD03287,2025/07/25,CUST1410,Monitor,Electronics,North,6,12000,0.15,61200.0,45600,website
ORD03288,2025/01/26,CUST1261,Keyboard,Accessories,South,5,1500,0.1,6750.0,4250,Website
ORD03289,2025-03-25,CUST1126,Laptop,Electronics,South ,4,55000,20%,176000.0,144000,APP
ORD03290,2025/03/03,CUST1255,Monitor,Electronics,West,1,12000,0.1,10800.0,7600,website
ORD03291,2025-08-13,CUST1049,Monitor,Electronics,north,5,12000,0.1,54000.0,38000,App
ORD03292,2025/02/18,CUST1388,Keyboard,Accessories,South,3,1500,0,4500,2550,App
ORD03293,07/12/2025,CUST1225,Laptop,Electronics,South,3,55000,0.1,148500.0,108000,Marketplace
ORD03294,08/04/2025,CUST1272,Laptop,Electronics,north,5,55000,0.1,247500.0,180000,APP
ORD03295,31/08/2025,CUST1110,Tablet,Electronics,East,2,22000,0.15,37400.0,31000,website
ORD03296,17/12/2025,CUST1294,Smartphone,Electronics,South ,6,28000,10%,151200.0,123000,website
ORD03297,2025/04/11,CUST1127,Keyboard,Accessories,South,4,1500,0.1,5400.0,3400,Marketplace
ORD03298,2025/07/21,CUST1338,Smartphone,Electronics,South,6,28000,0.05,159600.0,123000,App
ORD03299,31/08/2025,CUST1028,Mouse,Accessories,West,2,800,0.1,1440.0,840,website
ORD03300,04-10-2025,CUST1203,Laptop,Electronics,East,1,55000,0.1,49500.0,36000,Marketplace
ORD03301,01/04/2025,CUST1099,Webcam,Accessories,North,2,3200,0.2,5120.0,3800,Marketplace
ORD03302,05-22-2025,CUST1104,Headphones,Accessories,East,6,2500,0,15000,8100,App
ORD03303,02-13-2025,CUST1244,Tablet,Electronics,South,3,22000,0.1,59400.0,46500,Website
ORD03304,11-20-2025,CUST1038,Keyboard,Accessories,North,2,1500,0.1,2700.0,1700,Website
ORD03305,2025/07/28,CUST1147,Tablet,Electronics,north,6,22000,0.2,105600.0,93000,APP
ORD03306,2025/08/15,CUST1191,Tablet,Electronics,north,6,22000,0.05,125400.0,93000,Website
ORD03307,07-04-2025,CUST1333,Laptop,Electronics,north,1,55000,0.15,46750.0,36000,App
ORD03308,23/05/2025,CUST1133,Smartphone,Electronics,South,6,28000,5%,159600.0,123000,Website
ORD03309,14/01/2025,CUST1380,Monitor,Electronics,South ,2,12000,0.1,21600.0,15200,website
ORD03310,2025-03-28,CUST1217,Laptop,Electronics,South ,6,55000,0,330000,216000,APP
ORD03311,2025/07/19,CUST1158,Laptop,Electronics,EAST,4,55000,0.2,176000.0,144000,App
ORD03312,02-02-2025,CUST1224,Tablet,Electronics,north,-1,22000,0,-22000,-15500,Website
ORD03313,2025-02-22,CUST1212,Smartphone,Electronics,East,3,28000,0,84000,61500,Website
ORD03314,06/04/2025,CUST1030,Webcam,Accessories,North,5,3200,0.05,15200.0,9500,Marketplace
ORD03315,2025/12/26,CUST1390,Keyboard,Accessories,north,2,1500,10%,2700.0,1700,website
ORD03316,09-16-2025,CUST1069,Laptop,Electronics,North,1,55000,0,55000,36000,website
ORD03317,04-25-2025,CUST1296,Mouse,Accessories,north,6,800,0.2,3840.0,2520,Marketplace
ORD03318,03/11/2025,CUST1385,Keyboard,Accessories,South ,4,1500,0.1,5400.0,3400,APP
ORD03319,2025/09/15,CUST1337,Mouse,Accessories,South ,1,800,0.1,720.0,420,APP
ORD03320,2025-04-17,CUST1188,Webcam,Accessories,north,1,3200,0.15,2720.0,1900,Marketplace
ORD03321,2025-12-11,CUST1121,Headphones,Accessories,EAST,1,2500,0.1,2250.0,1350,website
ORD03322,2025/01/14,CUST1366,Headphones,accessories,north,5,2500,0.15,10625.0,6750,website
ORD03323,2025-04-19,CUST1408,Tablet,Electronics,North,4,22000,0,88000,62000,Website
ORD03324,09-14-2025,CUST1053,Webcam,Accessories,EAST,2,3200,0.05,6080.0,3800,App
ORD03325,23/05/2025,CUST1164,Keyboard,Accessories,South,1,1500,0.2,1200.0,850,Marketplace
ORD03326,03-22-2025,CUST1019,Mouse,Accessories,South ,4,800,0.15,2720.0,1680,website
ORD03327,12-16-2025,CUST1372,Headphones,Accessories,South,4,2500,0.05,9500.0,5400,Marketplace
ORD03328,2025-02-08,CUST1042,Headphones,Accessories,EAST,6,2500,0.2,12000.0,8100,Marketplace
ORD03329,2025/03/28,CUST1167,Tablet,Electronics,South,5,22000,0.05,104500.0,77500,APP
ORD03330,07-23-2025,CUST1137,Laptop,Electronics,North,2,55000,0,110000,72000,Website
ORD03331,10-14-2025,CUST1073,Monitor,Electronics,South ,3,12000,0.2,28800.0,22800,Marketplace
ORD03332,2025/08/29,CUST1192,Headphones,Accessories,East,1,2500,0.05,2375.0,1350,App
ORD03333,2025-11-11,CUST1138,Monitor,Electronics,East,3,12000,0.05,34200.0,22800,App
ORD03334,2025/01/12,CUST1269,Mouse,Accessories,West,2,800,0.1,1440.0,840,App
ORD03335,24/09/2025,CUST1354,Webcam,Accessories,East,3,3200,0.2,7680.0,5700,Website
ORD03336,31/12/2025,CUST1031,Tablet,Electronics,East,1,22000,15%,18700.0,15500,Marketplace
ORD03337,2025-05-25,CUST1340,Keyboard,Accessories,North,2,1500,0.15,2550.0,1700,APP
ORD03338,2025-04-12,CUST1016,Tablet,Electronics,West,5,22000,20%,88000.0,77500,website
ORD03339,2025/07/31,CUST1193,Tablet,Electronics,East,4,22000,0.05,83600.0,62000,Marketplace
ORD03340,06-19-2025,CUST1412,Laptop,Electronics,East,2,55000,0.1,99000.0,72000,App
ORD03341,07-03-2025,CUST1190,Monitor,Electronics,EAST,1,12000,0,12000,7600,Website
ORD03342,2025-10-03,CUST1105,Smartphone,Electronics,South ,2,28000,0.05,53200.0,41000,Website
ORD03343,06-09-2025,CUST1008,Headphones,Accessories,EAST,3,2500,0,7500,4050,website
ORD03344,01-08-2025,CUST1156,Keyboard,Accessories,West,6,1500,0,9000,5100,website
ORD03345,03-22-2025,CUST1338,Webcam,Accessories,South ,3,3200,0.2,7680.0,5700,APP
ORD03346,2025/08/21,CUST1086,Smartphone,Electronics,South ,5,28000,10%,126000.0,102500,Website
ORD03347,2025-03-22,CUST1082,Headphones,Accessories,South,5,2500,0.2,10000.0,6750,APP
ORD03348,05-16-2025,CUST1042,Monitor,Electronics,South ,5,12000,0.2,48000.0,38000,Marketplace
ORD03349,11-16-2025,CUST1221,Keyboard,Accessories,East,3,1500,0.15,3825.0,2550,App
ORD03350,02/05/2025,CUST1448,Laptop,Electronics,South ,3,55000,0,165000,108000,APP
ORD03351,2025/07/12,CUST1390,Headphones,Accessories,South ,-1,2500,0.1,-2250.0,-1350,Marketplace
ORD03352,24/01/2025,CUST1216,Keyboard,Accessories,EAST,4,1500,0.15,5100.0,3400,Marketplace
ORD03353,2025-01-23,CUST1424,Laptop,Electronics,South,1,55000,0.1,49500.0,36000,Marketplace
ORD03354,2025-12-25,CUST1382,Mouse,Accessories,north,1,800,15%,680.0,420,App
ORD03355,2025/12/17,CUST1176,Webcam,Accessories,South,3,3200,0.1,8640.0,5700,APP
ORD03356,12-31-2025,CUST1046,Mouse,Accessories,South ,2,800,0.2,1280.0,840,Website
ORD03357,08-05-2025,CUST1186,Monitor,Electronics,South ,3,12000,0.1,32400.0,22800,website
ORD03358,11/02/2025,CUST1198,Keyboard,Accessories,South ,1,1500,0.2,1200.0,850,Website
ORD03359,2025-06-24,CUST1112,Headphones,Accessories,East,3,2500,0,7500,4050,website
ORD03360,2025/04/07,CUST1034,Keyboard,Accessories,North,3,1500,0,4500,2550,App
ORD03361,2025/11/25,CUST1296,Tablet,Electronics,East,6,22000,0.1,118800.0,93000,APP
ORD03362,04/09/2025,CUST1029,Webcam,Accessories,West,6,3200,5%,18240.0,11400,Website
ORD03363,2025-05-14,CUST1216,Webcam,Accessories,South,5,3200,0.05,15200.0,9500,Website
ORD03364,2025-03-03,CUST1249,Keyboard,Accessories,North,4,1500,0.2,4800.0,3400,APP
ORD03365,02-16-2025,CUST1341,Webcam,Accessories,EAST,2,3200,0.15,5440.0,3800,website
ORD03366,2025/01/03,CUST1240,Smartphone,Electronics,South ,2,28000,5%,53200.0,41000,Marketplace
ORD03367,09-09-2025,CUST1409,Webcam,Accessories,EAST,5,3200,0.1,14400.0,9500,Marketplace
ORD03368,05/01/2025,CUST1157,Mouse,Accessories,South,6,800,0.05,4560.0,2520,website
ORD03369,06-05-2025,CUST1429,Mouse,Accessories,North,6,800,0.1,4320.0,2520,APP
ORD03370,2025/09/21,CUST1438,Smartphone,Electronics,South ,1,28000,0.05,26600.0,20500,APP
ORD03371,2025-06-18,CUST1363,Webcam,Accessories,South ,2,3200,0,6400,3800,App
ORD03372,2025/09/15,CUST1217,Tablet,Electronics,South,5,22000,0,110000,77500,website
ORD03373,30/11/2025,CUST1212,Keyboard,Accessories,East,4,1500,0.05,5700.0,3400,APP
ORD03374,2025-09-21,CUST1367,Laptop,Electronics,South ,2,55000,0.05,104500.0,72000,APP
ORD03375,23/05/2025,CUST1341,Mouse,Accessories,South ,4,800,0.1,2880.0,1680,App
ORD03376,2025/03/21,CUST1425,Headphones,Accessories,South ,2,2500,0.15,4250.0,2700,Marketplace
ORD03377,2025/01/25,CUST1404,Laptop,Electronics,South ,3,55000,0.15,140250.0,108000,website
ORD03378,18/06/2025,CUST1259,Keyboard,Accessories,South,5,1500,20%,6000.0,4250,Website
ORD03379,2025-02-07,CUST1125,Keyboard,Accessories,North,5,1500,0.15,6375.0,4250,website
ORD03380,30/06/2025,CUST1360,Headphones,Accessories,EAST,2,2500,0.2,4000.0,2700,website
ORD03381,2025-02-25,CUST1438,Headphones,Accessories,north,6,2500,0.1,13500.0,8100,Marketplace
ORD03382,2025/10/15,CUST1426,Keyboard,Accessories,West,2,1500,0.1,2700.0,1700,website
ORD03383,02-09-2025,CUST1008,Mouse,Accessories,North,5,800,0.2,3200.0,2100,APP
ORD03384,16/02/2025,CUST1106,Headphones,Accessories,South ,6,2500,0.15,12750.0,8100,Marketplace
ORD03385,2025/10/30,CUST1015,Laptop,Electronics,North,1,55000,0.2,44000.0,36000,APP
ORD03386,2025/06/17,CUST1069,Webcam,accessories,South,1,3200,0.2,2560.0,1900,Website
ORD03387,2025-04-25,CUST1388,Mouse,Accessories,north,5,800,20%,3200.0,2100,website
ORD03388,2025/07/22,CUST1114,Mouse,Accessories,East,4,800,0.05,3040.0,1680,APP
ORD03389,2025-04-25,CUST1177,Webcam,Accessories,EAST,4,3200,0,12800,7600,Marketplace
ORD03390,09-09-2025,CUST1200,Mouse,Accessories,South,5,800,0.15,3400.0,2100,APP
ORD03391,05-05-2025,CUST1138,Keyboard,Accessories,north,6,1500,20%,7200.0,5100,APP
ORD03392,2025-09-11,CUST1029,Laptop,Electronics,East,3,55000,0.2,132000.0,108000,App
ORD03393,2025/02/18,CUST1398,Smartphone,Electronics,North,4,28000,0.15,95200.0,82000,Website
ORD03394,2025/10/16,CUST1062,Laptop,Electronics,north,3,55000,0,165000,108000,website
ORD03395,2025/01/07,CUST1107,Monitor,Electronics,East,5,12000,0,60000,38000,Marketplace
ORD03396,2025/07/20,CUST1385,Mouse,Accessories,EAST,6,800,0.1,4320.0,2520,APP
ORD03397,2025/11/22,CUST1254,Keyboard,Accessories,South,1,1500,5%,1425.0,850,App
ORD03398,02-25-2025,CUST1335,Headphones,Accessories,South,3,2500,0.05,7125.0,4050,Marketplace
ORD03399,11-19-2025,CUST1440,Monitor,Electronics,north,5,12000,0,60000,38000,Marketplace
ORD03400,2025-03-27,CUST1373,Keyboard,Accessories,EAST,1,1500,0.05,1425.0,850,App
ORD03401,2025/05/07,CUST1018,Tablet,Electronics,West,6,22000,0.15,112200.0,93000,App
ORD03402,2025/09/26,CUST1281,Monitor,Electronics,West,2,12000,10%,21600.0,15200,Marketplace
ORD03403,29/05/2025,CUST1082,Mouse,Accessories,north,1,800,20%,640.0,420,App
ORD03404,21/11/2025,CUST1261,Tablet,Electronics,North,6,22000,0,132000,93000,website
ORD03405,04/03/2025,CUST1422,Keyboard,Accessories,North,5,1500,0,7500,4250,website
ORD03406,2025-09-18,CUST1303,Headphones,Accessories,South ,4,2500,0.15,8500.0,5400,APP
ORD03407,2025/10/10,CUST1163,Laptop,Electronics,East,2,55000,0,110000,72000,Website
ORD03408,2025/07/03,CUST1271,Smartphone,Electronics,north,-2,28000,0,-56000,-41000,App
ORD03409,2025-05-17,CUST1096,Smartphone,Electronics,East,4,28000,0.1,100800.0,82000,APP
ORD03410,01/08/2025,CUST1181,Headphones,Accessories,East,1,2500,0.1,2250.0,1350,Marketplace
ORD03411,2025-12-14,CUST1362,Smartphone,Electronics,north,3,28000,0.05,79800.0,61500,Marketplace
ORD03412,23/02/2025,CUST1278,Monitor,Electronics,North,3,12000,0.15,30600.0,22800,Marketplace
ORD03413,2025/08/24,CUST1384,Webcam,Accessories,north,4,3200,0,12800,7600,Website
ORD03414,2025-11-08,CUST1090,Mouse,Accessories,East,1,800,0.2,640.0,420,APP
ORD03415,08/08/2025,CUST1398,Keyboard,Accessories,South,6,1500,0.1,8100.0,5100,App
ORD03416,06-03-2025,CUST1039,Headphones,Accessories,EAST,2,2500,0.1,4500.0,2700,Marketplace
ORD03417,29/08/2025,CUST1137,Smartphone,Electronics,South ,-1,28000,0.05,-26600.0,-20500,App
ORD03418,26/08/2025,CUST1366,Monitor,Electronics,north,6,12000,0.2,57600.0,45600,website
ORD03419,24/10/2025,CUST1323,Keyboard,Accessories,South,4,1500,0.15,5100.0,3400,APP
ORD03420,2025/06/26,CUST1269,Tablet,Electronics,EAST,5,22000,0.15,93500.0,77500,App
ORD03421,04/03/2025,CUST1359,Smartphone,Electronics,north,6,28000,0.2,134400.0,123000,Website
ORD03422,07-20-2025,CUST1140,Mouse,Accessories,East,6,800,0.2,3840.0,2520,Website
ORD03423,2025-10-04,CUST1133,Headphones,Accessories,North,5,2500,0.2,10000.0,6750,App
ORD03424,27/06/2025,CUST1167,Laptop,Electronics,EAST,2,55000,0.05,104500.0,72000,APP
ORD03425,2025/01/05,CUST1334,Webcam,Accessories,South,3,3200,15%,8160.0,5700,App
ORD03426,2025/07/07,CUST1149,Webcam,Accessories,South,2,3200,0.2,5120.0,3800,Marketplace
ORD03427,2025/08/13,CUST1090,Smartphone,Electronics,EAST,2,28000,0,56000,41000,Marketplace
ORD03428,2025-07-22,CUST1436,Mouse,Accessories,West,4,800,5%,3040.0,1680,Website
ORD03429,22/02/2025,CUST1358,Webcam,Accessories,East,2,3200,0.2,5120.0,3800,APP
ORD03430,2025-01-26,CUST1221,Keyboard,Accessories,South,6,1500,0.15,7650.0,5100,Marketplace
ORD03431,2025-11-30,CUST1198,Laptop,Electronics,EAST,2,55000,0%,110000,72000,website
ORD03432,2025-08-09,CUST1148,Smartphone,Electronics,north,5,28000,0.1,126000.0,102500,Marketplace
ORD03433,2025-08-21,CUST1324,Webcam,accessories,East,2,3200,0.05,6080.0,3800,APP
ORD03434,2025-08-07,CUST1093,Webcam,Accessories,North,6,3200,0.15,16320.0,11400,Marketplace
ORD03435,2025-08-03,CUST1421,Monitor,Electronics,EAST,4,12000,0.1,43200.0,30400,App
ORD03436,06-09-2025,CUST1163,Laptop,Electronics,EAST,4,55000,0.15,187000.0,144000,App
ORD03437,17/03/2025,CUST1396,Headphones,Accessories,South,1,2500,0.05,2375.0,1350,Marketplace
ORD03438,2025-05-17,CUST1351,Laptop,Electronics,South,4,55000,0,220000,144000,APP
ORD03439,2025-09-22,CUST1430,Smartphone,Electronics,West,2,28000,0,56000,41000,Website
ORD03440,2025-05-10,CUST1130,Mouse,Accessories,EAST,2,800,0.05,1520.0,840,Marketplace
ORD03441,02/07/2025,CUST1149,Monitor,Electronics,north,2,12000,0.2,19200.0,15200,App
ORD03442,22/03/2025,CUST1024,Smartphone,Electronics,EAST,5,28000,20%,112000.0,102500,Marketplace
ORD03443,13/03/2025,CUST1213,Tablet,Electronics,South,4,22000,20%,70400.0,62000,Marketplace
ORD03444,2025-01-24,CUST1118,Laptop,Electronics,East,4,55000,0.05,209000.0,144000,App
ORD03445,01-28-2025,CUST1307,Smartphone,Electronics,South,3,28000,0,84000,61500,App
ORD03446,15/10/2025,CUST1246,Keyboard,Accessories,East,3,1500,0,4500,2550,Marketplace
ORD03447,2025-04-18,CUST1097,Keyboard,Accessories,North,2,1500,0.2,2400.0,1700,APP
ORD03448,30/07/2025,CUST1302,Monitor,Electronics,north,3,12000,0.2,28800.0,22800,Marketplace
ORD03449,01-11-2025,CUST1299,Keyboard,Accessories,East,6,1500,0.2,7200.0,5100,Website
ORD03450,2025-10-13,CUST1247,Mouse,Accessories,East,4,800,0.15,2720.0,1680,website
ORD03451,10-21-2025,CUST1437,Monitor,Electronics,North,6,12000,0,72000,45600,App
ORD03452,2025/12/30,CUST1168,Webcam,Accessories,West,5,3200,0.2,12800.0,9500,App
ORD03453,2025/09/03,CUST1069,Keyboard,Accessories,West,5,1500,0.15,6375.0,4250,Website
ORD03454,30/05/2025,CUST1223,Monitor,Electronics,South,2,12000,0,24000,15200,APP
ORD03455,24/11/2025,CUST1396,Smartphone,Electronics,West,-1,28000,0.2,-22400.0,-20500,Website
ORD03456,2025/03/12,CUST1214,Headphones,Accessories,north,4,2500,0.15,8500.0,5400,Website
ORD03457,2025/04/22,CUST1161,Monitor,Electronics,EAST,4,12000,0.05,45600.0,30400,APP
ORD03458,04/02/2025,CUST1387,Mouse,Accessories,North,4,800,0.15,2720.0,1680,App
ORD03459,11-16-2025,CUST1096,Headphones,Accessories,EAST,2,2500,15%,4250.0,2700,APP
ORD03460,2025/08/28,CUST1427,Laptop,Electronics,West,1,55000,0,55000,36000,Marketplace
ORD03461,2025-05-20,CUST1294,Mouse,Accessories,West,6,800,0.15,4080.0,2520,APP
ORD03462,04/02/2025,CUST1312,Headphones,Accessories,EAST,4,2500,0.1,9000.0,5400,Website
ORD03463,2025/12/06,CUST1277,Keyboard,Accessories,South ,1,1500,0.1,1350.0,850,APP
ORD03464,02-19-2025,CUST1219,Laptop,Electronics,East,3,55000,0,165000,108000,App
ORD03465,2025/01/17,CUST1410,Smartphone,Electronics,South ,1,28000,0.2,22400.0,20500,website
ORD03466,23/10/2025,CUST1157,Webcam,Accessories,North,3,3200,0.2,7680.0,5700,Website
ORD03467,2025-05-16,CUST1074,Headphones,Accessories,EAST,4,2500,0.2,8000.0,5400,website
ORD03468,2025-12-22,CUST1085,Monitor,Electronics,EAST,5,12000,0.05,57000.0,38000,APP
ORD03469,2025-11-16,CUST1319,Headphones,Accessories,North,6,2500,0.05,14250.0,8100,APP
ORD03470,30/05/2025,CUST1238,Headphones,Accessories,North,6,2500,0.2,12000.0,8100,Marketplace
ORD03471,2025/04/20,CUST1252,Webcam,accessories,EAST,2,3200,0,6400,3800,Website
ORD03472,08-11-2025,CUST1383,Keyboard,Accessories,North,3,1500,0.2,3600.0,2550,Website
ORD03473,2025-05-20,CUST1026,Tablet,Electronics,East,3,22000,15%,56100.0,46500,Website
ORD03474,08-16-2025,CUST1383,Smartphone,Electronics,South,5,28000,0.15,119000.0,102500,website
ORD03475,16/04/2025,CUST1442,Keyboard,Accessories,EAST,5,1500,0.15,6375.0,4250,APP
ORD03476,09-03-2025,CUST1260,Webcam,Accessories,West,4,3200,0.1,11520.0,7600,APP
ORD03477,12-26-2025,CUST1096,Mouse,Accessories,South ,6,800,0.15,4080.0,2520,App
ORD03478,01/07/2025,CUST1365,Laptop,Electronics,EAST,4,55000,0.15,187000.0,144000,Website
ORD03479,01/09/2025,CUST1179,Mouse,Accessories,EAST,6,800,0,4800,2520,Website
ORD03480,2025/01/24,CUST1180,Mouse,Accessories,EAST,1,800,0.15,680.0,420,Website
ORD03481,08-13-2025,CUST1004,Tablet,Electronics,EAST,5,22000,15%,93500.0,77500,Marketplace
ORD03482,02/04/2025,CUST1262,Smartphone,Electronics,North,5,28000,0.2,112000.0,102500,website
ORD03483,07-28-2025,CUST1126,Smartphone,Electronics,West,2,28000,15%,47600.0,41000,App
ORD03484,2025/10/22,CUST1027,Keyboard,Accessories,West,4,1500,0.1,5400.0,3400,website
ORD03485,2025-09-20,CUST1163,Laptop,Electronics,South ,6,55000,0.05,313500.0,216000,Marketplace
ORD03486,2025/01/17,CUST1115,Smartphone,Electronics,South,4,28000,0,112000,82000,App
ORD03487,12-11-2025,CUST1335,Webcam,accessories,South,4,3200,0.15,10880.0,7600,App
ORD03488,05-23-2025,CUST1114,Monitor,Electronics,north,6,12000,0.15,61200.0,45600,website
ORD03489,2025-02-07,CUST1170,Laptop,Electronics,South,3,55000,0.2,132000.0,108000,Website
ORD03490,04-25-2025,CUST1068,Tablet,Electronics,East,5,22000,0.2,88000.0,77500,Website
ORD03491,01-16-2025,CUST1018,Headphones,Accessories,north,-1,2500,0.1,-2250.0,-1350,website
ORD03492,2025/05/17,CUST1335,Smartphone,Electronics,East,2,28000,0.1,50400.0,41000,APP
ORD03493,23/07/2025,CUST1171,Webcam,Accessories,North,2,3200,0.1,5760.0,3800,Marketplace
ORD03494,2025/02/14,CUST1449,Tablet,Electronics,north,6,22000,10%,118800.0,93000,Marketplace
ORD03495,04-22-2025,CUST1271,Smartphone,Electronics,South ,4,28000,0.05,106400.0,82000,Website
ORD03496,2025-11-16,CUST1203,Smartphone,Electronics,West,1,28000,0.05,26600.0,20500,Website
ORD03497,06-13-2025,CUST1449,Webcam,Accessories,North,3,3200,0.05,9120.0,5700,APP
ORD03498,2025-02-18,CUST1315,Keyboard,Accessories,East,5,1500,0,7500,4250,Website
ORD03499,2025-10-12,CUST1414,Keyboard,Accessories,West,2,1500,0.15,2550.0,1700,APP
ORD03500,2025-02-26,CUST1168,Mouse,Accessories,north,1,800,0,800,420,Website
ORD03501,10-07-2025,CUST1017,Laptop,Electronics,South ,2,55000,0.05,104500.0,72000,Website
ORD03502,12-22-2025,CUST1328,Laptop,Electronics,EAST,3,55000,0.15,140250.0,108000,website
ORD03503,2025/10/30,CUST1291,Smartphone,Electronics,North,1,28000,0.05,26600.0,20500,App
ORD03504,22/11/2025,CUST1258,Keyboard,Accessories,South ,4,1500,0.15,5100.0,3400,Marketplace
ORD03505,10-17-2025,CUST1318,Mouse,Accessories,north,4,800,5%,3040.0,1680,Marketplace
ORD03506,27/10/2025,CUST1000,Headphones,Accessories,North,5,2500,0,12500,6750,Marketplace
ORD03507,2025/08/10,CUST1435,Headphones,Accessories,north,4,2500,0,10000,5400,Website
ORD03508,2025/04/19,CUST1148,Headphones,Accessories,West,1,2500,0.1,2250.0,1350,Marketplace
ORD03509,30/06/2025,CUST1393,Webcam,Accessories,South,2,3200,0.2,5120.0,3800,Website
ORD03510,2025-08-30,CUST1111,Tablet,Electronics,north,4,22000,10%,79200.0,62000,Marketplace
ORD03511,07-05-2025,CUST1437,Headphones,Accessories,north,5,2500,15%,10625.0,6750,App
ORD03512,09/06/2025,CUST1345,Mouse,Accessories,north,3,800,0.1,2160.0,1260,APP
ORD03513,06-30-2025,CUST1195,Monitor,Electronics,South,5,12000,5%,57000.0,38000,Marketplace
ORD03514,2025/12/07,CUST1275,Smartphone,Electronics,EAST,4,28000,0.15,95200.0,82000,App
ORD03515,08-29-2025,CUST1173,Keyboard,Accessories,West,1,1500,0.2,1200.0,850,APP
ORD03516,2025-01-17,CUST1347,Smartphone,Electronics,West,5,28000,0%,140000,102500,App
ORD03517,10-16-2025,CUST1232,Laptop,Electronics,East,2,55000,0.15,93500.0,72000,App
ORD03518,23/05/2025,CUST1095,Keyboard,Accessories,South ,6,1500,0.05,8550.0,5100,Website
ORD03519,2025/09/28,CUST1327,Webcam,Accessories,South ,4,3200,0.2,10240.0,7600,Marketplace
ORD03520,08-29-2025,CUST1000,Smartphone,Electronics,north,1,28000,0%,28000,20500,Marketplace
ORD03521,2025/05/07,CUST1240,Smartphone,Electronics,EAST,4,28000,0,112000,82000,APP
ORD03522,27/06/2025,CUST1315,Mouse,Accessories,East,6,800,0.1,4320.0,2520,App
ORD03523,07-04-2025,CUST1024,Tablet,Electronics,North,2,22000,0.15,37400.0,31000,APP
ORD03524,2025-09-27,CUST1116,Monitor,Electronics,South,1,12000,0.1,10800.0,7600,APP
ORD03525,04-28-2025,CUST1090,Webcam,Accessories,North,6,3200,0.2,15360.0,11400,Marketplace
ORD03526,2025/08/25,CUST1028,Mouse,Accessories,north,3,800,0.2,1920.0,1260,App
ORD03527,12-16-2025,CUST1158,Headphones,Accessories,EAST,2,2500,0.05,4750.0,2700,website
ORD03528,2025/12/31,CUST1268,Tablet,Electronics,North,5,22000,0.1,99000.0,77500,APP
ORD03529,19/10/2025,CUST1445,Webcam,Accessories,north,2,3200,0.15,5440.0,3800,Marketplace
ORD03530,2025/11/23,CUST1088,Smartphone,Electronics,South ,6,28000,0%,168000,123000,Marketplace
ORD03531,19/11/2025,CUST1205,Keyboard,Accessories,north,4,1500,0.05,5700.0,3400,APP
ORD03532,14/07/2025,CUST1414,Tablet,Electronics,South,6,22000,0.15,112200.0,93000,Website
ORD03533,2025/01/23,CUST1341,Monitor,Electronics,North,1,12000,0%,12000,7600,website
ORD03534,2025-04-04,CUST1289,Headphones,Accessories,West,4,2500,0.1,9000.0,5400,Website
ORD03535,11-20-2025,CUST1263,Laptop,Electronics,South,6,55000,20%,264000.0,216000,Marketplace
ORD03536,2025/03/22,CUST1216,Tablet,Electronics,South ,6,22000,0.1,118800.0,93000,App
ORD03537,2025/11/14,CUST1079,Mouse,Accessories,North,1,800,10%,720.0,420,App
ORD03538,2025/12/01,CUST1191,Keyboard,Accessories,South ,2,1500,0.05,2850.0,1700,website
ORD03539,09-12-2025,CUST1272,Keyboard,Accessories,East,6,1500,0.05,8550.0,5100,Website
ORD03540,2025-04-16,CUST1240,Laptop,Electronics,North,3,55000,0.2,132000.0,108000,App
ORD03541,09-19-2025,CUST1201,Webcam,Accessories,South ,1,3200,0.2,2560.0,1900,website
ORD03542,2025-11-06,CUST1235,Keyboard,Accessories,South,4,1500,0.05,5700.0,3400,Marketplace
ORD03543,28/04/2025,CUST1078,Webcam,Accessories,South,5,3200,0.05,15200.0,9500,website
ORD03544,2025/10/21,CUST1250,Smartphone,Electronics,South ,3,28000,0.1,75600.0,61500,Website
ORD03545,31/08/2025,CUST1334,Monitor,Electronics,EAST,6,12000,0,72000,45600,website
ORD03546,07-17-2025,CUST1312,Webcam,Accessories,EAST,6,3200,0,19200,11400,APP
ORD03547,2025/04/15,CUST1170,Mouse,Accessories,East,1,800,0.2,640.0,420,Marketplace
ORD03548,04-25-2025,CUST1201,Laptop,Electronics,West,5,55000,10%,247500.0,180000,App
ORD03549,2025-01-09,CUST1183,Webcam,Accessories,West,2,3200,0.15,5440.0,3800,Marketplace
ORD03550,2025-01-29,CUST1046,Tablet,Electronics,South ,6,22000,0,132000,93000,Marketplace
ORD03551,11/04/2025,CUST1247,Tablet,Electronics,South,6,22000,0.05,125400.0,93000,APP
ORD03552,06-12-2025,CUST1152,Webcam,Accessories,north,4,3200,0.15,10880.0,7600,Website
ORD03553,31/08/2025,CUST1420,Webcam,Accessories,North,5,3200,0.2,12800.0,9500,Website
ORD03554,03/12/2025,CUST1241,Mouse,Accessories,West,2,800,0,1600,840,Website
ORD03555,2025/03/22,CUST1042,Webcam,Accessories,South ,5,3200,0.2,12800.0,9500,APP
ORD03556,2025/02/04,CUST1385,Smartphone,Electronics,West,,28000,10%,151200.0,123000,Marketplace
ORD03557,22/06/2025,CUST1353,Smartphone,Electronics,north,2,28000,0.05,53200.0,41000,website
ORD03558,09/12/2025,CUST1280,Webcam,Accessories,South ,2,3200,0,6400,3800,App
ORD03559,2025/11/08,CUST1053,Mouse,Accessories,South,3,800,0.05,2280.0,1260,Marketplace
ORD03560,2025/11/03,CUST1136,Keyboard,Accessories,South ,4,1500,0.05,5700.0,3400,Marketplace
ORD03561,06-14-2025,CUST1371,Smartphone,Electronics,north,-1,28000,5%,-26600.0,-20500,APP
ORD03562,2025-01-26,CUST1382,Headphones,Accessories,north,4,2500,0.1,9000.0,5400,Website
ORD03563,2025/11/30,CUST1249,Laptop,Electronics,EAST,1,55000,0,55000,36000,Marketplace
ORD03564,2025/05/10,CUST1192,Monitor,Electronics,West,5,12000,0.05,57000.0,38000,Marketplace
ORD03565,2025/07/18,CUST1117,Mouse,Accessories,West,2,800,0.1,1440.0,840,APP
ORD03566,03-17-2025,CUST1000,Webcam,Accessories,West,2,3200,20%,5120.0,3800,Marketplace
ORD03567,16/04/2025,CUST1059,Tablet,Electronics,North,2,22000,0.1,39600.0,31000,Marketplace
ORD03568,2025/11/21,CUST1083,Tablet,Electronics,East,2,22000,15%,37400.0,31000,Marketplace
ORD03569,10-28-2025,CUST1297,Mouse,Accessories,north,4,800,15%,2720.0,1680,Website
ORD03570,08-13-2025,CUST1268,Mouse,Accessories,East,4,800,0.15,2720.0,1680,APP
ORD03571,11-01-2025,CUST1134,Headphones,Accessories,EAST,6,2500,0.1,13500.0,8100,APP
ORD03572,07-19-2025,CUST1244,Webcam,Accessories,East,2,3200,0.2,5120.0,3800,App
ORD03573,2025/08/13,CUST1189,Monitor,Electronics,EAST,2,12000,0.05,22800.0,15200,Website
ORD03574,14/11/2025,CUST1064,Tablet,Electronics,EAST,3,22000,0.1,59400.0,46500,APP
ORD03575,01-21-2025,CUST1378,Laptop,Electronics,South,1,55000,0.1,49500.0,36000,website
ORD03576,14/06/2025,CUST1141,Keyboard,Accessories,South,1,1500,0.1,1350.0,850,Marketplace
ORD03577,2025-07-29,CUST1396,Tablet,Electronics,West,1,22000,0.05,20900.0,15500,Marketplace
ORD03578,2025-05-02,CUST1292,Mouse,Accessories,EAST,6,800,0.1,4320.0,2520,App
ORD03579,2025/09/15,CUST1391,Monitor,Electronics,South ,5,12000,0.15,51000.0,38000,website
ORD03580,2025/09/16,CUST1126,Smartphone,Electronics,West,6,28000,0.15,142800.0,123000,website
ORD03581,2025/04/23,CUST1257,Mouse,Accessories,East,4,800,0.15,2720.0,1680,Website
ORD03582,29/01/2025,CUST1307,Keyboard,Accessories,north,3,1500,0.1,4050.0,2550,Website
ORD03583,18/12/2025,CUST1207,Tablet,Electronics,West,5,22000,0.05,104500.0,77500,APP
ORD03584,2025-03-23,CUST1377,Webcam,Accessories,West,2,3200,0,6400,3800,Website
ORD03585,2025/02/04,CUST1084,Headphones,Accessories,South ,2,2500,0.2,4000.0,2700,Marketplace
ORD03586,10-11-2025,CUST1003,Tablet,Electronics,South ,6,22000,0,132000,93000,Marketplace
ORD03587,2025/04/13,CUST1072,Laptop,Electronics,South,3,55000,0.05,156750.0,108000,APP
ORD03588,2025-07-09,CUST1209,Tablet,Electronics,West,6,22000,0,132000,93000,App
ORD03589,2025-02-03,CUST1423,Monitor,Electronics,West,3,12000,0.15,30600.0,22800,APP
ORD03590,20/06/2025,CUST1158,Smartphone,Electronics,West,1,28000,0.1,25200.0,20500,Website
ORD03591,09-03-2025,CUST1271,Webcam,Accessories,West,6,3200,0.05,18240.0,11400,APP
ORD03592,14/05/2025,CUST1101,Mouse,Accessories,West,4,800,0.2,2560.0,1680,Marketplace
ORD03593,12-08-2025,CUST1229,Webcam,Accessories,South ,4,3200,0.15,10880.0,7600,Marketplace
ORD03594,05-29-2025,CUST1006,Laptop,Electronics,South,3,55000,0.15,140250.0,108000,Marketplace
ORD03595,2025/12/19,CUST1077,Monitor,Electronics,West,1,12000,0.2,9600.0,7600,APP
ORD03596,05-30-2025,CUST1058,Tablet,electronics,East,6,22000,5%,125400.0,93000,Website
ORD03597,2025/07/09,CUST1007,Tablet,Electronics,North,6,22000,0.1,118800.0,93000,website
ORD03598,2025-12-15,CUST1118,Headphones,Accessories,North,6,2500,0.1,13500.0,8100,Marketplace
ORD03599,08-14-2025,CUST1282,Headphones,Accessories,South ,1,2500,0%,2500,1350,APP
ORD03600,2025-10-28,CUST1333,Tablet,Electronics,north,1,22000,0.15,18700.0,15500,Marketplace
ORD03601,2025-11-16,CUST1347,Webcam,Accessories,South ,6,3200,0.1,17280.0,11400,website
ORD03602,04-19-2025,CUST1166,Webcam,Accessories,South ,3,3200,0.15,8160.0,5700,Website
ORD03603,09-06-2025,CUST1446,Mouse,Accessories,South,2,800,10%,1440.0,840,Marketplace
ORD03604,2025-05-20,CUST1373,Webcam,Accessories,East,4,3200,0.05,12160.0,7600,App
ORD03605,2025/10/30,CUST1253,Laptop,Electronics,EAST,3,55000,0.2,132000.0,108000,Marketplace
ORD03606,2025/02/23,CUST1107,Webcam,Accessories,EAST,1,3200,15%,2720.0,1900,Website
ORD03607,2025-10-30,CUST1117,Webcam,Accessories,north,4,3200,0.2,10240.0,7600,Marketplace
ORD03608,07-14-2025,CUST1166,Smartphone,Electronics,West,5,28000,0,140000,102500,website
ORD03609,2025-03-20,CUST1065,Mouse,Accessories,north,1,800,0.05,760.0,420,APP
ORD03610,08-20-2025,CUST1250,Smartphone,Electronics,North,5,28000,0.1,126000.0,102500,APP
ORD03611,2025-01-31,CUST1388,Tablet,Electronics,West,1,22000,0.15,18700.0,15500,Website
ORD03612,08-06-2025,CUST1427,Keyboard,Accessories,East,2,1500,0.15,2550.0,1700,website
ORD03613,2025/02/14,CUST1133,Laptop,Electronics,East,3,55000,0.1,148500.0,108000,APP
ORD03614,11-21-2025,CUST1044,Webcam,Accessories,EAST,6,3200,0.2,15360.0,11400,APP
ORD03615,2025/02/28,CUST1069,Tablet,electronics,South,5,22000,0,110000,77500,APP
ORD03616,2025/04/09,CUST1343,Webcam,Accessories,South ,3,3200,0.05,9120.0,5700,website
ORD03617,05-25-2025,CUST1001,Monitor,Electronics,West,3,12000,0.15,30600.0,22800,Website
ORD03618,08/04/2025,CUST1073,Keyboard,Accessories,West,2,1500,0.1,2700.0,1700,App
ORD03619,02-15-2025,CUST1139,Keyboard,Accessories,EAST,1,1500,0.1,1350.0,850,Marketplace
ORD03620,2025-03-14,CUST1261,Laptop,Electronics,South ,3,55000,0.15,140250.0,108000,APP
ORD03621,30/03/2025,CUST1157,Tablet,Electronics,South ,2,22000,15%,37400.0,31000,App
ORD03622,2025/12/03,CUST1240,Tablet,Electronics,South,5,22000,0,110000,77500,App
ORD03623,03-21-2025,CUST1259,Tablet,Electronics,EAST,4,22000,0.15,74800.0,62000,Website
ORD03624,2025/10/25,CUST1385,Keyboard,Accessories,South ,4,1500,0.2,4800.0,3400,App
ORD03625,2025/10/22,CUST1080,Mouse,Accessories,EAST,1,800,0.05,760.0,420,website
ORD03626,2025/07/29,CUST1330,Laptop,Electronics,EAST,6,55000,0.1,297000.0,216000,App
ORD03627,2025-01-17,CUST1174,Webcam,Accessories,North,1,3200,0.05,3040.0,1900,App
ORD03628,2025-10-11,CUST1262,Mouse,accessories,West,2,800,5%,1520.0,840,website
ORD03629,2025-05-24,CUST1446,Laptop,Electronics,north,2,55000,0.05,104500.0,72000,APP
ORD03630,21/12/2025,CUST1288,Headphones,Accessories,North,2,2500,0%,5000,2700,Marketplace
ORD03631,2025/09/06,CUST1396,Monitor,Electronics,north,3,12000,0.2,28800.0,22800,website
ORD03632,04/04/2025,CUST1210,Webcam,Accessories,South ,3,3200,0,9600,5700,App
ORD03633,03-15-2025,CUST1053,Tablet,Electronics,north,5,22000,0.2,88000.0,77500,App
ORD03634,2025-08-07,CUST1271,Mouse,Accessories,North,3,800,0,2400,1260,Marketplace
ORD03635,2025-09-03,CUST1019,Tablet,Electronics,north,6,22000,0,132000,93000,website
ORD03636,25/11/2025,CUST1214,Webcam,Accessories,EAST,5,3200,0.15,13600.0,9500,website
ORD03637,2025/10/13,CUST1100,Smartphone,Electronics,South ,1,28000,10%,25200.0,20500,website
ORD03638,2025-02-12,CUST1026,Mouse,Accessories,EAST,-1,800,0,-800,-420,website
ORD03639,04-01-2025,CUST1252,Laptop,Electronics,EAST,4,55000,0,220000,144000,Marketplace
ORD03640,2025-12-01,CUST1169,Smartphone,Electronics,South,1,28000,0.05,26600.0,20500,APP
ORD03641,2025-04-17,CUST1057,Tablet,Electronics,South ,6,22000,0.05,125400.0,93000,App
ORD03642,2025/10/09,CUST1403,Keyboard,Accessories,north,4,1500,0.1,5400.0,3400,Marketplace
ORD03643,2025/08/21,CUST1110,Laptop,Electronics,north,4,55000,0.2,176000.0,144000,APP
ORD03644,05-04-2025,CUST1278,Headphones,Accessories,West,3,2500,0.1,6750.0,4050,Marketplace
ORD03645,2025-01-20,CUST1374,Tablet,Electronics,West,6,22000,0.15,112200.0,93000,App
ORD03646,2025-02-18,CUST1144,Monitor,Electronics,South,2,12000,0.1,21600.0,15200,Website
ORD03647,2025/07/11,CUST1015,Webcam,Accessories,north,3,3200,0%,9600,5700,App
ORD03648,2025/04/17,CUST1027,Laptop,Electronics,South,4,55000,0.05,209000.0,144000,Website
ORD03649,2025-07-18,CUST1194,Smartphone,Electronics,North,4,28000,0.15,95200.0,82000,APP
ORD03650,03-21-2025,CUST1162,Laptop,Electronics,South ,1,55000,15%,46750.0,36000,Marketplace
ORD03651,2025-01-24,CUST1002,Monitor,Electronics,EAST,5,12000,0.2,48000.0,38000,Marketplace
ORD03652,31/07/2025,CUST1186,Mouse,Accessories,North,6,800,0.1,4320.0,2520,website
ORD03653,10/08/2025,CUST1360,Smartphone,Electronics,north,3,28000,0,84000,61500,website
ORD03654,09-03-2025,CUST1297,Webcam,Accessories,South,4,3200,0.1,11520.0,7600,Marketplace
ORD03655,2025-08-17,CUST1255,Keyboard,Accessories,South,1,1500,0.1,1350.0,850,App
ORD03656,09-11-2025,CUST1269,Tablet,Electronics,north,6,22000,0.1,118800.0,93000,APP
ORD03657,2025-12-27,CUST1162,Monitor,Electronics,North,4,12000,0.2,38400.0,30400,Website
ORD03658,02-04-2025,CUST1186,Keyboard,Accessories,West,1,1500,0.05,1425.0,850,website
ORD03659,04-22-2025,CUST1047,Mouse,Accessories,North,4,800,0,3200,1680,website
ORD03660,2025-07-25,CUST1098,Keyboard,Accessories,North,3,1500,0,4500,2550,Website
ORD03661,2025-09-10,CUST1058,Monitor,Electronics,South,4,12000,0,48000,30400,website
ORD03662,2025/04/20,CUST1083,Monitor,Electronics,South,6,12000,0.2,57600.0,45600,Marketplace
ORD03663,2025-08-29,CUST1340,Headphones,Accessories,South ,4,2500,10%,9000.0,5400,Marketplace
ORD03664,29/05/2025,CUST1436,Webcam,Accessories,North,6,3200,0,19200,11400,website
ORD03665,2025/05/24,CUST1162,Smartphone,Electronics,South ,3,28000,0,84000,61500,website
ORD03666,2025/08/12,CUST1150,Smartphone,Electronics,North,2,28000,0.05,53200.0,41000,Website
ORD03667,08-05-2025,CUST1050,Webcam,Accessories,East,1,3200,0.05,3040.0,1900,APP
ORD03668,2025/03/18,CUST1146,Webcam,Accessories,East,4,3200,0.1,11520.0,7600,App
ORD03669,04-30-2025,CUST1330,Keyboard,Accessories,North,5,1500,10%,6750.0,4250,Website
ORD03670,20/12/2025,CUST1323,Monitor,Electronics,South ,2,12000,0.1,21600.0,15200,Website
ORD03671,09-12-2025,CUST1231,Laptop,Electronics,North,6,55000,0.15,280500.0,216000,Website
ORD03672,10-13-2025,CUST1327,Laptop,Electronics,East,3,55000,0,165000,108000,website
ORD03673,2025/05/04,CUST1017,Mouse,Accessories,West,3,800,0.2,1920.0,1260,APP
ORD03674,2025/07/04,CUST1408,Headphones,Accessories,North,2,2500,0,5000,2700,Marketplace
ORD03675,01-03-2025,CUST1318,Tablet,Electronics,north,1,22000,0,22000,15500,website
ORD03676,05-18-2025,CUST1016,Headphones,Accessories,West,2,2500,20%,4000.0,2700,APP
ORD03677,2025/03/20,CUST1105,Keyboard,Accessories,north,4,1500,0.05,5700.0,3400,APP
ORD03678,11-22-2025,CUST1018,Monitor,Electronics,South ,4,12000,0%,48000,30400,website
ORD03679,2025-04-01,CUST1201,Laptop,Electronics,South,5,55000,0.2,220000.0,180000,Website
ORD03680,04/03/2025,CUST1398,Monitor,Electronics,South,4,12000,0.2,38400.0,30400,App
ORD03681,04/05/2025,CUST1265,Headphones,Accessories,EAST,4,2500,0.15,8500.0,5400,website
ORD03682,05/03/2025,CUST1142,Tablet,Electronics,West,6,22000,0,132000,93000,website
ORD03683,04-07-2025,CUST1092,Headphones,Accessories,North,6,2500,0.15,12750.0,8100,Marketplace
ORD03684,2025/03/19,CUST1133,Keyboard,Accessories,South ,2,1500,0,3000,1700,APP
ORD03685,08-22-2025,CUST1290,Keyboard,Accessories,EAST,2,1500,10%,2700.0,1700,Marketplace
ORD03686,2025/04/26,CUST1253,Laptop,Electronics,South ,5,55000,0.1,247500.0,180000,APP
ORD03687,25/04/2025,CUST1113,Smartphone,Electronics,South ,4,28000,0.05,106400.0,82000,Website
ORD03688,2025-08-05,CUST1052,Monitor,Electronics,South ,2,12000,0.2,19200.0,15200,Website
ORD03689,2025-05-03,CUST1091,Laptop,Electronics,West,1,55000,0,55000,36000,APP
ORD03690,23/05/2025,CUST1092,Keyboard,Accessories,South,6,1500,0,9000,5100,Website
ORD03691,2025/10/13,CUST1030,Mouse,Accessories,EAST,5,800,0.1,3600.0,2100,APP
ORD03692,06-05-2025,CUST1287,Monitor,Electronics,north,2,12000,15%,20400.0,15200,App
ORD03693,03/09/2025,CUST1071,Monitor,Electronics,North,2,12000,0,24000,15200,APP
ORD03694,2025-01-04,CUST1229,Mouse,Accessories,East,4,800,0,3200,1680,Marketplace
ORD03695,2025/11/03,CUST1379,Mouse,Accessories,north,5,800,0,4000,2100,Website
ORD03696,2025/02/19,CUST1086,Mouse,Accessories,East,4,800,0,3200,1680,Marketplace
ORD03697,06-07-2025,CUST1164,Tablet,Electronics,north,1,22000,0,22000,15500,APP
ORD03698,2025-03-08,CUST1341,Keyboard,Accessories,South,5,1500,0,7500,4250,APP
ORD03699,2025/11/30,CUST1246,Headphones,Accessories,north,1,2500,0.05,2375.0,1350,App
ORD03700,06-24-2025,CUST1051,Headphones,Accessories,EAST,2,2500,15%,4250.0,2700,App
ORD03701,2025/04/21,CUST1031,Tablet,Electronics,South ,1,22000,0.15,18700.0,15500,website
ORD03702,2025-04-20,CUST1302,Monitor,Electronics,South ,5,12000,0,60000,38000,App
ORD03703,2025-01-14,CUST1117,Tablet,Electronics,north,2,22000,0,44000,31000,Website
ORD03704,2025/08/27,CUST1049,Mouse,Accessories,north,4,800,0.2,2560.0,1680,App
ORD03705,2025-01-27,CUST1200,Headphones,Accessories,East,5,2500,5%,11875.0,6750,website
ORD03706,21/12/2025,CUST1184,Keyboard,Accessories,East,4,1500,0.2,4800.0,3400,Website
ORD03707,06/08/2025,CUST1196,Smartphone,Electronics,West,5,28000,20%,112000.0,102500,APP
ORD03708,2025-11-22,CUST1318,Laptop,Electronics,north,4,55000,0.05,209000.0,144000,APP
ORD03709,2025/01/12,CUST1276,Headphones,Accessories,South ,1,2500,20%,2000.0,1350,Marketplace
ORD03710,2025-05-23,CUST1422,Headphones,Accessories,East,6,2500,0.15,12750.0,8100,Marketplace
ORD03711,04-05-2025,CUST1353,Keyboard,Accessories,West,1,1500,0.1,1350.0,850,website
ORD03712,05-24-2025,CUST1307,Smartphone,Electronics,South ,1,28000,0,28000,20500,App
ORD03713,2025-01-19,CUST1198,Mouse,Accessories,North,3,800,0,2400,1260,APP
ORD03714,2025-02-06,CUST1006,Keyboard,Accessories,East,4,1500,0.1,5400.0,3400,Website
ORD03715,12/01/2025,CUST1151,Webcam,Accessories,north,3,3200,0.1,8640.0,5700,website
ORD03716,29/06/2025,CUST1440,Webcam,Accessories,West,1,3200,0.1,2880.0,1900,App
ORD03717,06-11-2025,CUST1378,Laptop,Electronics,north,1,55000,0.05,52250.0,36000,Website
ORD03718,2025-03-29,CUST1285,Monitor,Electronics,East,4,12000,0.1,43200.0,30400,APP
ORD03719,2025-06-18,CUST1397,Keyboard,Accessories,North,2,1500,0,3000,1700,website
ORD03720,2025-12-17,CUST1320,Tablet,Electronics,South,6,22000,0.15,112200.0,93000,App
ORD03721,2025/12/25,CUST1051,Tablet,Electronics,East,4,22000,15%,74800.0,62000,Marketplace
ORD03722,23/05/2025,CUST1128,Webcam,Accessories,North,3,3200,0.1,8640.0,5700,APP
ORD03723,04-27-2025,CUST1381,Monitor,Electronics,East,1,12000,0.05,11400.0,7600,website
ORD03724,2025-12-31,CUST1367,Smartphone,Electronics,EAST,5,28000,0.15,119000.0,102500,Marketplace
ORD03725,09-29-2025,CUST1207,Laptop,Electronics,EAST,1,55000,0.2,44000.0,36000,APP
ORD03726,2025/03/21,CUST1384,Keyboard,Accessories,West,5,1500,0.2,6000.0,4250,website
ORD03727,08-03-2025,CUST1438,Tablet,Electronics,North,2,22000,0.15,37400.0,31000,APP
ORD03728,02-21-2025,CUST1226,Monitor,Electronics,West,4,12000,0.05,45600.0,30400,website
ORD03729,06/08/2025,CUST1186,Laptop,Electronics,EAST,6,55000,20%,264000.0,216000,Marketplace
ORD03730,2025-03-06,CUST1271,Mouse,Accessories,West,1,800,0.15,680.0,420,website
ORD03731,13/06/2025,CUST1407,Laptop,Electronics,north,6,55000,0.1,297000.0,216000,website
ORD03732,2025-09-06,CUST1139,Keyboard,Accessories,EAST,3,1500,0.15,3825.0,2550,website
ORD03733,08-28-2025,CUST1131,Headphones,Accessories,North,6,2500,0,15000,8100,APP
ORD03734,21/12/2025,CUST1251,Headphones,Accessories,East,4,2500,0.1,9000.0,5400,APP
ORD03735,2025/05/18,CUST1107,Headphones,Accessories,East,6,2500,0.15,12750.0,8100,Marketplace
ORD03736,2025-04-05,CUST1351,Headphones,Accessories,West,1,2500,0.2,2000.0,1350,website
ORD03737,2025/03/08,CUST1030,Smartphone,Electronics,north,4,28000,0.15,95200.0,82000,APP
ORD03738,2025-05-20,CUST1403,Webcam,Accessories,EAST,4,3200,0,12800,7600,website
ORD03739,08-11-2025,CUST1100,Keyboard,Accessories,North,3,1500,0.2,3600.0,2550,Website
ORD03740,2025/09/04,CUST1348,Webcam,Accessories,South,1,3200,0.15,2720.0,1900,Marketplace
ORD03741,2025/09/09,CUST1297,Keyboard,Accessories,EAST,5,1500,0,7500,4250,website
ORD03742,03-30-2025,CUST1218,Smartphone,Electronics,north,3,28000,0%,84000,61500,Website
ORD03743,2025-09-03,CUST1100,Smartphone,Electronics,EAST,2,28000,0,56000,41000,Marketplace
ORD03744,2025/10/24,CUST1293,Mouse,Accessories,South,4,800,0.1,2880.0,1680,Marketplace
ORD03745,2025-11-16,CUST1060,Laptop,Electronics,South,1,55000,0.15,46750.0,36000,APP
ORD03746,03/06/2025,CUST1283,Keyboard,Accessories,north,1,1500,5%,1425.0,850,Website
ORD03747,15/05/2025,CUST1014,Headphones,Accessories,EAST,5,2500,10%,11250.0,6750,App
ORD03748,10-16-2025,CUST1078,Headphones,Accessories,East,5,2500,0.15,10625.0,6750,App
ORD03749,10-13-2025,CUST1197,Tablet,Electronics,South ,3,22000,0.1,59400.0,46500,website
ORD03750,04/05/2025,CUST1447,Headphones,Accessories,EAST,1,2500,5%,2375.0,1350,App
ORD03751,12-17-2025,CUST1180,Mouse,Accessories,West,1,800,0.15,680.0,420,website
ORD03752,13/11/2025,CUST1353,Keyboard,Accessories,West,6,1500,0.1,8100.0,5100,APP
ORD03753,08-25-2025,CUST1440,Mouse,Accessories,EAST,6,800,0.2,3840.0,2520,App
ORD03754,2025/09/27,CUST1315,Smartphone,Electronics,East,5,28000,0.15,119000.0,102500,Website
ORD03755,2025/08/15,CUST1160,Smartphone,Electronics,South ,5,28000,0.15,119000.0,102500,Marketplace
ORD03756,2025-02-21,CUST1146,Tablet,electronics,North,2,22000,0,44000,31000,Website
ORD03757,24/08/2025,CUST1233,Monitor,Electronics,South,2,12000,0.2,19200.0,15200,website
ORD03758,07-06-2025,CUST1015,Monitor,Electronics,South,3,12000,0.2,28800.0,22800,Marketplace
ORD03759,04-18-2025,CUST1202,Monitor,Electronics,South,1,12000,0,12000,7600,Website
ORD03760,04-23-2025,CUST1290,Laptop,Electronics,West,6,55000,0,330000,216000,Marketplace
ORD03761,2025/08/01,CUST1109,Tablet,Electronics,South,2,22000,0,44000,31000,APP
ORD03762,09-04-2025,CUST1289,Laptop,Electronics,South,1,55000,0%,55000,36000,Website
ORD03763,10/10/2025,CUST1268,Smartphone,Electronics,East,-1,28000,10%,-25200.0,-20500,APP
ORD03764,08-07-2025,CUST1127,Smartphone,Electronics,South ,6,28000,0.1,151200.0,123000,Website
ORD03765,05-22-2025,CUST1173,Monitor,Electronics,East,5,12000,0,60000,38000,App
ORD03766,2025/02/05,CUST1207,Headphones,Accessories,South,5,2500,15%,10625.0,6750,Marketplace
ORD03767,09-11-2025,CUST1192,Webcam,Accessories,West,4,3200,0,12800,7600,Marketplace
ORD03768,2025/01/05,CUST1302,Smartphone,Electronics,South ,3,28000,0.15,71400.0,61500,APP
ORD03769,01/08/2025,CUST1255,Tablet,Electronics,North,3,22000,0.1,59400.0,46500,Website
ORD03770,2025-06-03,CUST1290,Monitor,Electronics,EAST,4,12000,0,48000,30400,Marketplace
ORD03771,07-01-2025,CUST1023,Smartphone,Electronics,South ,4,28000,0.15,95200.0,82000,Marketplace
ORD03772,16/02/2025,CUST1383,Keyboard,Accessories,EAST,6,1500,0.05,8550.0,5100,Website
ORD03773,2025/09/29,CUST1342,Headphones,Accessories,West,1,2500,0,2500,1350,App
ORD03774,2025-07-30,CUST1150,Tablet,Electronics,North,1,22000,0.1,19800.0,15500,website
ORD03775,07-15-2025,CUST1112,Monitor,Electronics,north,4,12000,0%,48000,30400,website
ORD03776,2025-03-20,CUST1160,Mouse,Accessories,EAST,5,800,0.15,3400.0,2100,website
ORD03777,2025/02/12,CUST1178,Laptop,Electronics,North,4,55000,15%,187000.0,144000,APP
ORD03778,01-04-2025,CUST1185,Tablet,Electronics,North,4,22000,0.2,70400.0,62000,APP
ORD03779,2025-11-17,CUST1309,Tablet,Electronics,EAST,4,22000,0,88000,62000,App
ORD03780,11/10/2025,CUST1056,Monitor,Electronics,West,3,12000,5%,34200.0,22800,App
ORD03781,07-06-2025,CUST1401,Mouse,Accessories,north,2,800,0.15,1360.0,840,APP
ORD03782,02-22-2025,CUST1352,Laptop,Electronics,EAST,3,55000,0.2,132000.0,108000,website
ORD03783,2025/10/30,CUST1408,Laptop,Electronics,north,1,55000,0.05,52250.0,36000,App
ORD03784,2025-08-01,CUST1405,Laptop,Electronics,West,5,55000,20%,220000.0,180000,App
ORD03785,01-25-2025,CUST1172,Webcam,Accessories,north,6,3200,0.05,18240.0,11400,Website
ORD03786,2025/06/12,CUST1448,Tablet,Electronics,East,4,22000,0,88000,62000,APP
ORD03787,2025/07/23,CUST1262,Webcam,Accessories,South,1,3200,0.05,3040.0,1900,Website
ORD03788,2025-11-13,CUST1198,Headphones,Accessories,North,3,2500,10%,6750.0,4050,APP
ORD03789,13/08/2025,CUST1325,Tablet,Electronics,North,2,22000,0.2,35200.0,31000,Website
ORD03790,27/01/2025,CUST1436,Webcam,Accessories,EAST,4,3200,0.1,11520.0,7600,APP
ORD03791,04-29-2025,CUST1428,Laptop,Electronics,West,3,55000,15%,140250.0,108000,Website
ORD03792,29/12/2025,CUST1240,Tablet,Electronics,EAST,1,22000,0.15,18700.0,15500,Website
ORD03793,2025-05-26,CUST1134,Laptop,Electronics,South,6,55000,0.1,297000.0,216000,website
ORD03794,02/12/2025,CUST1002,Laptop,Electronics,EAST,2,55000,0.15,93500.0,72000,Website
ORD03795,2025/06/14,CUST1168,Laptop,Electronics,South,1,55000,0.2,44000.0,36000,APP
ORD03796,18/09/2025,CUST1256,Keyboard,Accessories,North,2,1500,0.15,2550.0,1700,website
ORD03797,03-25-2025,CUST1037,Mouse,Accessories,East,2,800,0,1600,840,Website
ORD03798,2025/03/01,CUST1344,Smartphone,Electronics,EAST,3,28000,15%,71400.0,61500,Marketplace
ORD03799,01-07-2025,CUST1044,Monitor,Electronics,East,2,12000,0.2,19200.0,15200,Website
ORD03800,2025-05-29,CUST1140,Laptop,Electronics,East,6,55000,0,330000,216000,Website
ORD03801,19/06/2025,CUST1401,Mouse,Accessories,north,2,800,0.05,1520.0,840,APP
ORD03802,26/10/2025,CUST1345,Mouse,Accessories,EAST,5,800,0.15,3400.0,2100,App
ORD03803,2025/11/05,CUST1041,Laptop,Electronics,EAST,3,55000,0.15,140250.0,108000,Website
ORD03804,2025-04-15,CUST1290,Keyboard,Accessories,West,5,1500,0,7500,4250,website
ORD03805,24/10/2025,CUST1043,Mouse,Accessories,South ,4,800,0.1,2880.0,1680,Marketplace
ORD03806,2025-12-21,CUST1386,Keyboard,Accessories,East,3,1500,0.15,3825.0,2550,Website
ORD03807,2025/05/31,CUST1449,Mouse,Accessories,South,6,800,0,4800,2520,App
ORD03808,11/12/2025,CUST1416,Mouse,Accessories,north,1,800,0.1,720.0,420,APP
ORD03809,20/11/2025,CUST1253,Webcam,accessories,North,1,3200,0.05,3040.0,1900,Website
ORD03810,2025/06/08,CUST1333,Webcam,Accessories,North,4,3200,0.15,10880.0,7600,App
ORD03811,26/08/2025,CUST1248,Webcam,Accessories,North,4,3200,0.05,12160.0,7600,APP
ORD03812,27/09/2025,CUST1150,Mouse,Accessories,North,1,800,0.2,640.0,420,website
ORD03813,2025/07/05,CUST1429,Webcam,Accessories,West,2,3200,0%,6400,3800,APP
ORD03814,2025-12-18,CUST1193,Monitor,Electronics,West,4,12000,0.2,38400.0,30400,APP
ORD03815,15/12/2025,CUST1189,Smartphone,Electronics,South ,4,28000,20%,89600.0,82000,Marketplace
ORD03816,13/07/2025,CUST1080,Laptop,Electronics,North,4,55000,0.2,176000.0,144000,APP
ORD03817,09/11/2025,CUST1135,Tablet,Electronics,North,1,22000,0.05,20900.0,15500,APP
ORD03818,2025-10-07,CUST1419,Keyboard,Accessories,East,3,1500,0.2,3600.0,2550,APP
ORD03819,07/05/2025,CUST1198,Webcam,Accessories,North,3,3200,0.2,7680.0,5700,App
ORD03820,2025-02-05,CUST1163,Laptop,Electronics,north,4,55000,0.15,187000.0,144000,APP
ORD03821,2025-09-01,CUST1431,Keyboard,Accessories,West,2,1500,0,3000,1700,APP
ORD03822,2025/03/30,CUST1011,Headphones,Accessories,North,6,2500,0.05,14250.0,8100,Marketplace
ORD03823,13/06/2025,CUST1061,Monitor,Electronics,South ,2,12000,0.15,20400.0,15200,Marketplace
ORD03824,18/07/2025,CUST1100,Tablet,Electronics,West,5,22000,0.2,88000.0,77500,APP
ORD03825,2025-03-23,CUST1270,Laptop,Electronics,North,3,55000,0.2,132000.0,108000,website
ORD03826,2025/09/24,CUST1150,Webcam,Accessories,West,3,3200,0,9600,5700,App
ORD03827,01/03/2025,CUST1161,Tablet,Electronics,South ,5,22000,0.1,99000.0,77500,Marketplace
ORD03828,2025-03-18,CUST1237,Webcam,Accessories,South ,4,3200,0.15,10880.0,7600,website
ORD03829,08-30-2025,CUST1053,Laptop,Electronics,South,4,55000,0%,220000,144000,website
ORD03830,2025/04/30,CUST1070,Mouse,Accessories,South ,2,800,0.2,1280.0,840,Marketplace
ORD03831,2025-08-05,CUST1030,Webcam,Accessories,West,2,3200,0.2,5120.0,3800,Marketplace
ORD03832,2025-09-12,CUST1361,Laptop,Electronics,EAST,5,55000,0.1,247500.0,180000,APP
ORD03833,2025-03-24,CUST1373,Tablet,Electronics,EAST,2,22000,10%,39600.0,31000,website
ORD03834,07-31-2025,CUST1309,Webcam,Accessories,north,6,3200,0,19200,11400,Website
ORD03835,01-04-2025,CUST1158,Monitor,Electronics,East,4,12000,0.15,40800.0,30400,App
ORD03836,2025/01/20,CUST1372,Tablet,Electronics,EAST,5,22000,0.1,99000.0,77500,App
ORD03837,2025/01/03,CUST1351,Smartphone,Electronics,South,6,28000,0.05,159600.0,123000,Website
ORD03838,2025/09/13,CUST1291,Monitor,Electronics,North,4,12000,0.15,40800.0,30400,website
ORD03839,01-31-2025,CUST1000,Webcam,Accessories,East,1,3200,0,3200,1900,Website
ORD03840,01-12-2025,CUST1125,Smartphone,Electronics,north,2,28000,0.15,47600.0,41000,Marketplace
ORD03841,10/12/2025,CUST1145,Smartphone,Electronics,West,4,28000,10%,100800.0,82000,Marketplace
ORD03842,02-10-2025,CUST1098,Laptop,Electronics,north,2,55000,0.2,88000.0,72000,APP
ORD03843,09-13-2025,CUST1370,Tablet,Electronics,East,3,22000,0.2,52800.0,46500,Marketplace
ORD03844,03-25-2025,CUST1373,Smartphone,Electronics,South ,2,28000,0,56000,41000,App
ORD03845,18/11/2025,CUST1116,Tablet,Electronics,South,4,22000,0.1,79200.0,62000,APP
ORD03846,12-26-2025,CUST1449,Tablet,Electronics,East,5,22000,0.15,93500.0,77500,website
ORD03847,21/08/2025,CUST1338,Webcam,Accessories,North,6,3200,0.1,17280.0,11400,APP
ORD03848,01-06-2025,CUST1149,Monitor,Electronics,north,1,12000,0,12000,7600,APP
ORD03849,26/03/2025,CUST1257,Mouse,Accessories,East,1,800,0.15,680.0,420,APP
ORD03850,06-28-2025,CUST1329,Laptop,Electronics,north,2,55000,0.1,99000.0,72000,APP
ORD03851,2025/10/18,CUST1179,Keyboard,Accessories,South ,2,1500,0.1,2700.0,1700,App
ORD03852,2025-04-25,CUST1263,Keyboard,Accessories,West,3,1500,0,4500,2550,App
ORD03853,02-06-2025,CUST1438,Headphones,Accessories,North,5,2500,0.1,11250.0,6750,website
ORD03854,2025-04-18,CUST1093,Monitor,Electronics,South ,2,12000,0.2,19200.0,15200,App
ORD03855,18/02/2025,CUST1392,Monitor,Electronics,West,3,12000,0.1,32400.0,22800,Website
ORD03856,2025-09-07,CUST1326,Laptop,Electronics,South,4,55000,0,220000,144000,website
ORD03857,09/12/2025,CUST1066,Tablet,Electronics,West,4,22000,0.05,83600.0,62000,App
ORD03858,02/01/2025,CUST1225,Laptop,Electronics,north,3,55000,15%,140250.0,108000,website
ORD03859,11/09/2025,CUST1199,Smartphone,Electronics,North,6,28000,0.05,159600.0,123000,APP
ORD03860,06-03-2025,CUST1231,Keyboard,Accessories,north,1,1500,0.2,1200.0,850,App
ORD03861,09-27-2025,CUST1053,Smartphone,Electronics,South ,6,28000,20%,134400.0,123000,APP
ORD03862,2025-06-10,CUST1184,Keyboard,Accessories,South ,4,1500,0.2,4800.0,3400,App
ORD03863,04-09-2025,CUST1418,Tablet,Electronics,West,5,22000,5%,104500.0,77500,Website
ORD03864,2025-11-12,CUST1410,Monitor,electronics,North,4,12000,0.15,40800.0,30400,Website
ORD03865,2025/03/29,CUST1028,Webcam,Accessories,East,3,3200,0.2,7680.0,5700,Website
ORD03866,22/11/2025,CUST1048,Mouse,Accessories,North,5,800,0,4000,2100,Marketplace
ORD03867,21/04/2025,CUST1362,Webcam,Accessories,West,5,3200,0.05,15200.0,9500,Marketplace
ORD03868,2025/12/12,CUST1162,Smartphone,Electronics,North,2,28000,0.15,47600.0,41000,Marketplace
ORD03869,2025/03/25,CUST1166,Mouse,Accessories,South,5,800,0.15,3400.0,2100,Website
ORD03870,2025-06-08,CUST1303,Keyboard,Accessories,West,6,1500,0.2,7200.0,5100,Marketplace
ORD03871,2025-06-11,CUST1294,Webcam,Accessories,South ,2,3200,0.1,5760.0,3800,App
ORD03872,2025/09/10,CUST1270,Monitor,Electronics,South ,3,12000,0.15,30600.0,22800,website
ORD03873,2025-01-31,CUST1404,Monitor,Electronics,South,5,12000,0.05,57000.0,38000,Website
ORD03874,12-01-2025,CUST1142,Tablet,Electronics,East,2,22000,0,44000,31000,website
ORD03875,2025-08-08,CUST1368,Webcam,Accessories,South ,4,3200,0.15,10880.0,7600,Marketplace
ORD03876,2025/05/01,CUST1193,Monitor,Electronics,West,1,12000,0.05,11400.0,7600,Marketplace
ORD03877,2025/08/03,CUST1245,Webcam,Accessories,North,3,3200,0.15,8160.0,5700,Website
ORD03878,22/06/2025,CUST1123,Headphones,Accessories,north,5,2500,0,12500,6750,Marketplace
ORD03879,2025-08-07,CUST1428,Monitor,Electronics,EAST,3,12000,0.15,30600.0,22800,Marketplace
ORD03880,23/04/2025,CUST1278,Laptop,Electronics,West,3,55000,0.05,156750.0,108000,APP
ORD03881,2025/02/05,CUST1057,Webcam,Accessories,North,2,3200,0.2,5120.0,3800,website
ORD03882,2025/02/27,CUST1029,Webcam,Accessories,North,1,3200,0.15,2720.0,1900,Marketplace
ORD03883,03-02-2025,CUST1211,Tablet,Electronics,north,4,22000,0.2,70400.0,62000,APP
ORD03884,18/07/2025,CUST1076,Tablet,Electronics,north,3,22000,0.2,52800.0,46500,App
ORD03885,10/01/2025,CUST1131,Tablet,Electronics,West,5,22000,0.2,88000.0,77500,Marketplace
ORD03886,11-15-2025,CUST1257,Webcam,Accessories,South ,5,3200,0.15,13600.0,9500,App
ORD03887,01-07-2025,CUST1008,Tablet,Electronics,South,1,22000,0.1,19800.0,15500,App
ORD03888,2025/07/16,CUST1391,Smartphone,Electronics,North,6,28000,0%,168000,123000,Marketplace
ORD03889,2025-01-10,CUST1328,Smartphone,Electronics,North,3,28000,0.15,71400.0,61500,website
ORD03890,2025-06-16,CUST1191,Keyboard,Accessories,West,6,1500,0.05,8550.0,5100,App
ORD03891,2025-08-29,CUST1363,Mouse,Accessories,EAST,1,800,20%,640.0,420,APP
ORD03892,01-12-2025,CUST1306,Tablet,Electronics,EAST,5,22000,0,110000,77500,Marketplace
ORD03893,16/12/2025,CUST1253,Headphones,Accessories,North,1,2500,0.2,2000.0,1350,Website
ORD03894,2025/11/15,CUST1347,Webcam,Accessories,West,5,3200,20%,12800.0,9500,APP
ORD03895,2025-02-07,CUST1244,Monitor,Electronics,South ,4,12000,0.15,40800.0,30400,App
ORD03896,11-08-2025,CUST1379,Laptop,Electronics,East,4,55000,15%,187000.0,144000,APP
ORD03897,03-20-2025,CUST1359,Laptop,Electronics,East,3,55000,0.2,132000.0,108000,Website
ORD03898,2025/01/18,CUST1047,Mouse,Accessories,north,1,800,10%,720.0,420,APP
ORD03899,2025/11/08,CUST1214,Smartphone,Electronics,North,6,28000,0.1,151200.0,123000,APP
ORD03900,2025-05-19,CUST1042,Headphones,accessories,EAST,5,2500,0.05,11875.0,6750,website
ORD03901,2025/04/29,CUST1028,Smartphone,Electronics,north,2,28000,0.15,47600.0,41000,Marketplace
ORD03902,12-14-2025,CUST1135,Smartphone,Electronics,East,2,28000,0.2,44800.0,41000,Marketplace
ORD03903,10-03-2025,CUST1244,Mouse,Accessories,East,5,800,0%,4000,2100,Website
ORD03904,12-11-2025,CUST1412,Monitor,Electronics,South,2,12000,0.2,19200.0,15200,App
ORD03905,29/08/2025,CUST1417,Mouse,Accessories,South ,5,800,0.15,3400.0,2100,App
ORD03906,03-17-2025,CUST1408,Keyboard,Accessories,EAST,6,1500,5%,8550.0,5100,APP
ORD03907,08-10-2025,CUST1009,Smartphone,electronics,South ,5,28000,0,140000,102500,Marketplace
ORD03908,20/12/2025,CUST1313,Headphones,Accessories,North,6,2500,20%,12000.0,8100,website
ORD03909,14/12/2025,CUST1295,Webcam,Accessories,South ,2,3200,0.1,5760.0,3800,website
ORD03910,12/01/2025,CUST1194,Smartphone,electronics,North,6,28000,0.1,151200.0,123000,Marketplace
ORD03911,2025-06-30,CUST1209,Smartphone,Electronics,East,4,28000,0.05,106400.0,82000,Website
ORD03912,02/02/2025,CUST1427,Mouse,Accessories,North,2,800,0.15,1360.0,840,Marketplace
ORD03913,16/08/2025,CUST1376,Headphones,Accessories,South,4,2500,0.2,8000.0,5400,website
ORD03914,10-30-2025,CUST1127,Tablet,Electronics,north,1,22000,20%,17600.0,15500,APP
ORD03915,2025/10/09,CUST1410,Smartphone,Electronics,West,6,28000,0.05,159600.0,123000,Marketplace
ORD03916,04-10-2025,CUST1196,Webcam,Accessories,South,3,3200,0.1,8640.0,5700,App
ORD03917,07/01/2025,CUST1301,Mouse,Accessories,South ,3,800,0.15,2040.0,1260,website
ORD03918,2025/03/04,CUST1022,Laptop,Electronics,West,4,55000,0,220000,144000,APP
ORD03919,31/10/2025,CUST1265,Keyboard,Accessories,north,3,1500,0%,4500,2550,App
ORD03920,02-06-2025,CUST1358,Webcam,Accessories,EAST,1,3200,0.1,2880.0,1900,Website
ORD03921,2025/01/30,CUST1090,Mouse,Accessories,North,6,800,0,4800,2520,APP
ORD03922,2025-07-16,CUST1346,Monitor,Electronics,north,2,12000,0.05,22800.0,15200,APP
ORD03923,2025/09/23,CUST1050,Laptop,Electronics,South ,5,55000,0%,275000,180000,App
ORD03924,04-15-2025,CUST1285,Laptop,Electronics,East,2,55000,0.15,93500.0,72000,Marketplace
ORD03925,2025/05/20,CUST1253,Tablet,Electronics,South,2,22000,0,44000,31000,APP
ORD03926,04-25-2025,CUST1357,Monitor,Electronics,EAST,6,12000,20%,57600.0,45600,APP
ORD03927,2025-08-29,CUST1284,Headphones,Accessories,EAST,4,2500,0.2,8000.0,5400,Website
ORD03928,03/02/2025,CUST1053,Tablet,Electronics,West,3,22000,0.15,56100.0,46500,Marketplace
ORD03929,13/11/2025,CUST1054,Keyboard,Accessories,West,4,1500,0,6000,3400,APP
ORD03930,2025/02/28,CUST1438,Laptop,Electronics,north,3,55000,0.05,156750.0,108000,APP
ORD03931,02-17-2025,CUST1059,Headphones,Accessories,South,5,2500,5%,11875.0,6750,website
ORD03932,2025-03-27,CUST1009,Monitor,Electronics,EAST,1,12000,0.2,9600.0,7600,Website
ORD03933,24/08/2025,CUST1079,Smartphone,Electronics,South ,3,28000,0,84000,61500,Website
ORD03934,2025-02-08,CUST1426,Tablet,Electronics,North,1,22000,5%,20900.0,15500,Website
ORD03935,2025/05/22,CUST1253,Webcam,Accessories,West,1,3200,0.05,3040.0,1900,App
ORD03936,2025-01-19,CUST1222,Keyboard,Accessories,South,3,1500,0,4500,2550,Marketplace
ORD03937,2025/04/28,CUST1067,Headphones,Accessories,North,1,2500,0,2500,1350,Website
ORD03938,06-09-2025,CUST1340,Webcam,Accessories,South ,1,3200,0.15,2720.0,1900,Marketplace
ORD03939,21/02/2025,CUST1150,Smartphone,Electronics,West,1,28000,0.2,22400.0,20500,Marketplace
ORD03940,02-17-2025,CUST1122,Mouse,Accessories,North,3,800,0.2,1920.0,1260,App
ORD03941,07-16-2025,CUST1447,Headphones,Accessories,South ,4,2500,0.1,9000.0,5400,Website
ORD03942,2025-01-15,CUST1047,Monitor,Electronics,West,4,12000,0.05,45600.0,30400,APP
ORD03943,2025-05-04,CUST1115,Keyboard,Accessories,EAST,4,1500,10%,5400.0,3400,Marketplace
ORD03944,2025-07-04,CUST1390,Keyboard,Accessories,north,4,1500,0.1,5400.0,3400,Website
ORD03945,2025-03-13,CUST1207,Laptop,Electronics,EAST,1,55000,0.15,46750.0,36000,APP
ORD03946,27/02/2025,CUST1199,Headphones,Accessories,West,1,2500,0.15,2125.0,1350,website
ORD03947,21/11/2025,CUST1338,Laptop,Electronics,South ,3,55000,15%,140250.0,108000,APP
ORD03948,2025/11/18,CUST1401,Webcam,Accessories,North,3,3200,0.15,8160.0,5700,App
ORD03949,01-02-2025,CUST1116,Tablet,Electronics,West,1,22000,0,22000,15500,Marketplace
ORD03950,2025/02/15,CUST1151,Smartphone,Electronics,North,6,28000,15%,142800.0,123000,Marketplace
ORD03951,2025-07-06,CUST1218,Headphones,Accessories,East,1,2500,0.2,2000.0,1350,Marketplace
ORD03952,08-29-2025,CUST1104,Webcam,Accessories,North,3,3200,0.05,9120.0,5700,Website
ORD03953,11-09-2025,CUST1363,Smartphone,Electronics,East,3,28000,10%,75600.0,61500,website
ORD03954,2025-01-22,CUST1401,Mouse,Accessories,South,4,800,0,3200,1680,App
ORD03955,2025/07/05,CUST1215,Headphones,Accessories,South,2,2500,0,5000,2700,APP
ORD03956,2025-01-15,CUST1198,Keyboard,Accessories,West,1,1500,0.15,1275.0,850,APP
ORD03957,19/01/2025,CUST1108,Keyboard,Accessories,north,5,1500,0.05,7125.0,4250,website
ORD03958,11-13-2025,CUST1222,Monitor,Electronics,South,1,12000,0.2,9600.0,7600,Website
ORD03959,2025/07/15,CUST1132,Keyboard,Accessories,EAST,6,1500,0.15,7650.0,5100,Marketplace
ORD03960,2025-07-15,CUST1332,Laptop,Electronics,East,5,55000,0.1,247500.0,180000,App
ORD03961,21/10/2025,CUST1263,Smartphone,Electronics,North,3,28000,0.15,71400.0,61500,App
ORD03962,24/09/2025,CUST1165,Headphones,Accessories,South,1,2500,0.1,2250.0,1350,Website
ORD03963,2025-05-07,CUST1440,Webcam,Accessories,EAST,3,3200,20%,7680.0,5700,APP
ORD03964,2025-01-19,CUST1221,Mouse,Accessories,North,5,800,0,4000,2100,APP
ORD03965,2025/04/26,CUST1405,Keyboard,Accessories,South,1,1500,0,1500,850,Website
ORD03966,2025/10/25,CUST1017,Laptop,Electronics,West,3,55000,0,165000,108000,Marketplace
ORD03967,2025-06-06,CUST1158,Keyboard,Accessories,West,1,1500,0.15,1275.0,850,website
ORD03968,08-30-2025,CUST1381,Keyboard,Accessories,West,2,1500,0,3000,1700,website
ORD03969,2025/08/06,CUST1116,Tablet,Electronics,West,5,22000,0.05,104500.0,77500,App
ORD03970,2025-03-27,CUST1292,Tablet,Electronics,North,1,22000,0.05,20900.0,15500,Marketplace
ORD03971,29/07/2025,CUST1157,Headphones,Accessories,West,6,2500,0,15000,8100,website
ORD03972,2025-09-23,CUST1328,Mouse,Accessories,West,2,800,0.2,1280.0,840,Website
ORD03973,01/07/2025,CUST1443,Monitor,Electronics,South ,-2,12000,0,-24000,-15200,App
ORD03974,2025-08-15,CUST1269,Mouse,Accessories,South,4,800,0.05,3040.0,1680,Marketplace
ORD03975,08/02/2025,CUST1211,Tablet,Electronics,North,6,22000,0,132000,93000,Marketplace
ORD03976,2025/08/25,CUST1405,Smartphone,Electronics,South ,1,28000,0.15,23800.0,20500,Marketplace
ORD03977,09/06/2025,CUST1032,Headphones,Accessories,EAST,3,2500,0.15,6375.0,4050,website
ORD03978,2025-09-20,CUST1007,Smartphone,Electronics,South ,4,28000,0.15,95200.0,82000,APP
ORD03979,2025/11/06,CUST1259,Mouse,Accessories,North,1,800,0,800,420,website
ORD03980,2025-07-11,CUST1384,Laptop,Electronics,South,6,55000,0.1,297000.0,216000,Marketplace
ORD03981,2025/05/26,CUST1105,Smartphone,Electronics,West,5,28000,0.2,112000.0,102500,Website
ORD03982,2025-10-07,CUST1264,Webcam,Accessories,West,2,3200,0,6400,3800,App
ORD03983,2025-03-19,CUST1397,Mouse,Accessories,north,-1,800,0,-800,-420,App
ORD03984,22/05/2025,CUST1371,Monitor,Electronics,north,4,12000,0.1,43200.0,30400,website
ORD03985,12/10/2025,CUST1325,Mouse,Accessories,South ,6,800,0.15,4080.0,2520,APP
ORD03986,22/02/2025,CUST1017,Headphones,Accessories,North,3,2500,0.05,7125.0,4050,App
ORD03987,2025/07/23,CUST1388,Webcam,Accessories,West,1,3200,0.05,3040.0,1900,Website
ORD03988,03-21-2025,CUST1271,Keyboard,Accessories,North,5,1500,0,7500,4250,Marketplace
ORD03989,22/12/2025,CUST1227,Monitor,Electronics,South,4,12000,0.15,40800.0,30400,APP
ORD03990,28/11/2025,CUST1403,Mouse,Accessories,north,1,800,0.2,640.0,420,Website
ORD03991,2025/05/21,CUST1302,Headphones,Accessories,South,2,2500,0.2,4000.0,2700,App
ORD03992,2025-03-31,CUST1174,Smartphone,Electronics,South ,6,28000,0.1,151200.0,123000,App
ORD03993,04-29-2025,CUST1197,Webcam,Accessories,North,4,3200,20%,10240.0,7600,Marketplace
ORD03994,27/12/2025,CUST1019,Smartphone,Electronics,South,5,28000,0,140000,102500,website
ORD03995,2025/03/07,CUST1278,Tablet,Electronics,north,3,22000,0.2,52800.0,46500,website
ORD03996,2025/12/26,CUST1388,Mouse,Accessories,South ,2,800,0.15,1360.0,840,Marketplace
ORD03997,2025/11/24,CUST1184,Mouse,Accessories,East,4,800,0.2,2560.0,1680,Website
ORD03998,24/12/2025,CUST1345,Keyboard,Accessories,South ,6,1500,0.05,8550.0,5100,Marketplace
ORD03999,2025/08/02,CUST1268,Keyboard,Accessories,South,3,1500,0.05,4275.0,2550,APP
ORD04000,22/05/2025,CUST1225,Mouse,Accessories,north,4,800,0,3200,1680,APP
ORD04001,2025-03-27,CUST1093,Webcam,Accessories,EAST,1,3200,0.1,2880.0,1900,website
ORD04002,09-12-2025,CUST1404,Smartphone,Electronics,north,1,28000,0.15,23800.0,20500,APP
ORD04003,2025/02/06,CUST1106,Monitor,Electronics,north,6,12000,0,72000,45600,Marketplace
ORD04004,02/01/2025,CUST1223,Laptop,Electronics,EAST,3,55000,0.05,156750.0,108000,APP
ORD04005,2025/01/05,CUST1397,Webcam,Accessories,north,3,3200,0.1,8640.0,5700,APP
ORD04006,2025-08-25,CUST1120,Tablet,Electronics,East,6,22000,0.2,105600.0,93000,Website
ORD04007,2025-03-27,CUST1206,Headphones,Accessories,East,5,2500,0.1,11250.0,6750,Marketplace
ORD04008,2025/06/13,CUST1342,Webcam,Accessories,North,2,3200,0.05,6080.0,3800,Marketplace
ORD04009,07-21-2025,CUST1059,Headphones,Accessories,West,3,2500,0.15,6375.0,4050,Website
ORD04010,2025-01-15,CUST1337,Webcam,Accessories,North,1,3200,0.15,2720.0,1900,website
ORD04011,2025/07/13,CUST1359,Smartphone,Electronics,north,3,28000,0.1,75600.0,61500,Website
ORD04012,05-31-2025,CUST1134,Webcam,Accessories,North,5,3200,0.15,13600.0,9500,website
ORD04013,12/10/2025,CUST1416,Smartphone,Electronics,north,4,28000,0,112000,82000,APP
ORD04014,2025-08-11,CUST1263,Webcam,Accessories,East,6,3200,0,19200,11400,APP
ORD04015,10-12-2025,CUST1269,Monitor,Electronics,East,3,12000,0,36000,22800,Website
ORD04016,12/03/2025,CUST1080,Monitor,Electronics,north,5,12000,0.05,57000.0,38000,App
ORD04017,12/01/2025,CUST1043,Keyboard,Accessories,East,3,1500,0.05,4275.0,2550,Marketplace
ORD04018,2025/06/19,CUST1067,Laptop,Electronics,North,1,55000,0.15,46750.0,36000,website
ORD04019,2025-11-25,CUST1331,Headphones,Accessories,North,4,2500,0.2,8000.0,5400,Website
ORD04020,2025/05/26,CUST1310,Webcam,Accessories,north,4,3200,0.15,10880.0,7600,App
ORD04021,2025/03/07,CUST1241,Keyboard,Accessories,EAST,5,1500,0.15,6375.0,4250,website
ORD04022,2025-10-26,CUST1083,Smartphone,Electronics,north,1,28000,0.2,22400.0,20500,Marketplace
ORD04023,2025-06-02,CUST1120,Smartphone,Electronics,West,4,28000,0.2,89600.0,82000,website
ORD04024,2025-05-19,CUST1265,Webcam,Accessories,north,5,3200,0.2,12800.0,9500,website
ORD04025,2025-04-29,CUST1381,Monitor,Electronics,north,3,12000,0,36000,22800,Marketplace
ORD04026,2025-11-09,CUST1231,Keyboard,Accessories,East,3,1500,0.1,4050.0,2550,Marketplace
ORD04027,06-25-2025,CUST1235,Tablet,Electronics,South,5,22000,15%,93500.0,77500,APP
ORD04028,01/09/2025,CUST1312,Laptop,Electronics,East,4,55000,0.1,198000.0,144000,website
ORD04029,2025-01-04,CUST1346,Smartphone,Electronics,north,5,28000,0,140000,102500,Marketplace
ORD04030,01/10/2025,CUST1429,Tablet,Electronics,South ,1,22000,0.15,18700.0,15500,App
ORD04031,15/06/2025,CUST1047,Tablet,Electronics,West,6,22000,0.1,118800.0,93000,website
ORD04032,2025/02/04,CUST1035,Smartphone,Electronics,South,4,28000,0.15,95200.0,82000,App
ORD04033,2025/10/15,CUST1066,Monitor,Electronics,EAST,2,12000,0,24000,15200,APP
ORD04034,09-22-2025,CUST1290,Laptop,Electronics,North,5,55000,0.1,247500.0,180000,Marketplace
ORD04035,04-26-2025,CUST1052,Keyboard,Accessories,South ,2,1500,0.1,2700.0,1700,website
ORD04036,07-14-2025,CUST1259,Laptop,Electronics,North,1,55000,0.05,52250.0,36000,Website
ORD04037,12-12-2025,CUST1324,Laptop,Electronics,north,3,55000,0.05,156750.0,108000,website
ORD04038,13/11/2025,CUST1045,Laptop,Electronics,East,1,55000,0,55000,36000,App
ORD04039,03/06/2025,CUST1236,Monitor,Electronics,West,3,12000,0.15,30600.0,22800,Website
ORD04040,30/11/2025,CUST1115,Tablet,Electronics,East,6,22000,0.2,105600.0,93000,website
ORD04041,11-12-2025,CUST1229,Smartphone,Electronics,West,1,28000,0,28000,20500,Website
ORD04042,2025-08-01,CUST1007,Smartphone,Electronics,north,5,28000,10%,126000.0,102500,Marketplace
ORD04043,02/02/2025,CUST1108,Tablet,Electronics,West,2,22000,0.05,41800.0,31000,Marketplace
ORD04044,2025-12-25,CUST1112,Webcam,Accessories,north,6,3200,0,19200,11400,Marketplace
ORD04045,30/07/2025,CUST1361,Smartphone,Electronics,north,4,28000,0.1,100800.0,82000,Website
ORD04046,03/06/2025,CUST1175,Headphones,Accessories,EAST,2,2500,0.1,4500.0,2700,website
ORD04047,2025-03-06,CUST1427,Webcam,Accessories,EAST,6,3200,0,19200,11400,APP
ORD04048,2025-05-26,CUST1237,Headphones,Accessories,north,1,2500,0.05,2375.0,1350,Website
ORD04049,09-15-2025,CUST1026,Laptop,Electronics,South ,3,55000,0.2,132000.0,108000,Marketplace
ORD04050,2025/05/18,CUST1055,Headphones,Accessories,EAST,1,2500,5%,2375.0,1350,Marketplace
ORD04051,10-31-2025,CUST1273,Tablet,Electronics,East,-1,22000,0.1,-19800.0,-15500,App
ORD04052,2025-11-02,CUST1031,Smartphone,Electronics,South,5,28000,0,140000,102500,App
ORD04053,02-25-2025,CUST1350,Laptop,Electronics,North,4,55000,0.2,176000.0,144000,Website
ORD04054,2025-05-03,CUST1169,Mouse,Accessories,EAST,2,800,0.2,1280.0,840,Marketplace
ORD04055,2025/12/28,CUST1407,Webcam,Accessories,West,2,3200,0.2,5120.0,3800,APP
ORD04056,21/12/2025,CUST1036,Mouse,Accessories,South ,5,800,0.05,3800.0,2100,Marketplace
ORD04057,2025-02-10,CUST1347,Headphones,Accessories,East,4,2500,0.2,8000.0,5400,website
ORD04058,2025/04/03,CUST1416,Mouse,Accessories,South ,-1,800,0.15,-680.0,-420,APP
ORD04059,12-15-2025,CUST1444,Webcam,Accessories,South ,6,3200,0,19200,11400,Marketplace
ORD04060,2025/12/14,CUST1182,Tablet,Electronics,EAST,1,22000,0.05,20900.0,15500,Marketplace
ORD04061,28/01/2025,CUST1023,Laptop,Electronics,EAST,6,55000,5%,313500.0,216000,APP
ORD04062,01-25-2025,CUST1245,Mouse,Accessories,South,5,800,0,4000,2100,APP
ORD04063,2025-03-27,CUST1349,Keyboard,Accessories,South ,6,1500,0.1,8100.0,5100,Website
ORD04064,2025/10/21,CUST1250,Laptop,Electronics,north,1,55000,0,55000,36000,Website
ORD04065,2025/07/22,CUST1212,Keyboard,Accessories,East,2,1500,15%,2550.0,1700,website
ORD04066,03/02/2025,CUST1358,Mouse,Accessories,north,3,800,0.05,2280.0,1260,App
ORD04067,24/02/2025,CUST1091,Mouse,Accessories,South,1,800,0%,800,420,APP
ORD04068,2025/01/24,CUST1364,Tablet,Electronics,South,3,22000,0,66000,46500,Website
ORD04069,2025/10/09,CUST1251,Keyboard,Accessories,South,2,1500,0.2,2400.0,1700,Marketplace
ORD04070,2025/07/15,CUST1031,Keyboard,Accessories,South ,4,1500,0%,6000,3400,App
ORD04071,2025-09-09,CUST1235,Smartphone,Electronics,north,1,28000,0.1,25200.0,20500,Website
ORD04072,2025-09-15,CUST1233,Tablet,Electronics,East,5,22000,0.2,88000.0,77500,website
ORD04073,05-19-2025,CUST1230,Webcam,Accessories,South,6,3200,0.1,17280.0,11400,App
ORD04074,2025/07/24,CUST1308,Headphones,Accessories,EAST,6,2500,0.2,12000.0,8100,Website
ORD04075,2025/10/26,CUST1161,Mouse,Accessories,EAST,6,800,0.15,4080.0,2520,Website
ORD04076,10-03-2025,CUST1313,Headphones,Accessories,South,2,2500,0.05,4750.0,2700,Website
ORD04077,08-26-2025,CUST1134,Laptop,Electronics,South,2,55000,0.15,93500.0,72000,APP
ORD04078,2025-08-11,CUST1241,Monitor,Electronics,South,4,12000,0.05,45600.0,30400,App
ORD04079,27/01/2025,CUST1198,Headphones,Accessories,South ,5,2500,5%,11875.0,6750,App
ORD04080,2025-01-15,CUST1274,Laptop,Electronics,north,6,55000,0.1,297000.0,216000,website
ORD04081,22/12/2025,CUST1030,Smartphone,Electronics,East,3,28000,20%,67200.0,61500,website
ORD04082,2025-09-05,CUST1000,Monitor,Electronics,North,2,12000,15%,20400.0,15200,website
ORD04083,2025/08/01,CUST1103,Headphones,Accessories,West,2,2500,0,5000,2700,Website
ORD04084,02-07-2025,CUST1214,Laptop,Electronics,EAST,4,55000,0.2,176000.0,144000,Marketplace
ORD04085,02-21-2025,CUST1098,Mouse,Accessories,East,3,800,0.2,1920.0,1260,App
ORD04086,2025/06/25,CUST1367,Tablet,Electronics,EAST,4,22000,0.15,74800.0,62000,App
ORD04087,15/12/2025,CUST1336,Monitor,Electronics,EAST,4,12000,15%,40800.0,30400,Website
ORD04088,2025/02/21,CUST1407,Laptop,Electronics,North,5,55000,0.1,247500.0,180000,Marketplace
ORD04089,11-26-2025,CUST1249,Webcam,Accessories,South,6,3200,0.05,18240.0,11400,Marketplace
ORD04090,30/10/2025,CUST1117,Monitor,Electronics,north,3,12000,0.2,28800.0,22800,Marketplace
ORD04091,2025-02-16,CUST1164,Laptop,Electronics,South ,4,55000,0.05,209000.0,144000,website
ORD04092,2025-07-23,CUST1327,Mouse,Accessories,East,1,800,0.2,640.0,420,App
ORD04093,2025/05/21,CUST1226,Webcam,Accessories,EAST,2,3200,0.1,5760.0,3800,App
ORD04094,2025/05/26,CUST1073,Keyboard,Accessories,north,6,1500,10%,8100.0,5100,website
ORD04095,29/05/2025,CUST1071,Webcam,Accessories,South,3,3200,0.15,8160.0,5700,Marketplace
ORD04096,2025-09-25,CUST1284,Smartphone,Electronics,East,5,28000,10%,126000.0,102500,APP
ORD04097,21/03/2025,CUST1172,Tablet,Electronics,South,4,22000,0.05,83600.0,62000,APP
ORD04098,2025/08/27,CUST1443,Mouse,Accessories,East,3,800,0,2400,1260,website
ORD04099,08-06-2025,CUST1390,Smartphone,Electronics,north,2,28000,0.1,50400.0,41000,App
ORD04100,04/02/2025,CUST1322,Monitor,Electronics,East,4,12000,0,48000,30400,Marketplace
ORD04101,11-25-2025,CUST1349,Headphones,Accessories,north,1,2500,0,2500,1350,Website
ORD04102,06/09/2025,CUST1060,Keyboard,Accessories,West,5,1500,0.15,6375.0,4250,Website
ORD04103,11/09/2025,CUST1131,Mouse,Accessories,East,2,800,0.1,1440.0,840,APP
ORD04104,10-02-2025,CUST1055,Laptop,Electronics,South ,6,55000,0.05,313500.0,216000,Marketplace
ORD04105,2025-06-09,CUST1016,Keyboard,Accessories,East,1,1500,0,1500,850,website
ORD04106,24/04/2025,CUST1412,Monitor,Electronics,East,6,12000,0.05,68400.0,45600,Marketplace
ORD04107,2025/10/14,CUST1250,Monitor,Electronics,East,2,12000,0.15,20400.0,15200,website
ORD04108,2025/11/28,CUST1144,Mouse,Accessories,north,5,800,0,4000,2100,Marketplace
ORD04109,2025-01-08,CUST1441,Mouse,Accessories,EAST,1,800,0.2,640.0,420,Website
ORD04110,06/11/2025,CUST1237,Webcam,Accessories,East,3,3200,0.2,7680.0,5700,App
ORD04111,2025/08/01,CUST1163,Tablet,Electronics,West,2,22000,20%,35200.0,31000,Website
ORD04112,2025-01-07,CUST1003,Headphones,Accessories,North,5,2500,20%,10000.0,6750,Website
ORD04113,20/06/2025,CUST1402,Smartphone,Electronics,EAST,5,28000,0.15,119000.0,102500,App
ORD04114,2025/01/27,CUST1292,Tablet,Electronics,South,1,22000,0,22000,15500,App
ORD04115,2025-12-29,CUST1178,Webcam,Accessories,South ,6,3200,0.15,16320.0,11400,Website
ORD04116,24/10/2025,CUST1425,Tablet,Electronics,north,1,22000,0.05,20900.0,15500,Marketplace
ORD04117,03-21-2025,CUST1298,Webcam,Accessories,West,2,3200,0.1,5760.0,3800,App
ORD04118,2025-10-14,CUST1027,Tablet,Electronics,EAST,6,22000,0.1,118800.0,93000,App
ORD04119,05-03-2025,CUST1204,Headphones,Accessories,South ,4,2500,0.05,9500.0,5400,APP
ORD04120,2025/11/08,CUST1187,Webcam,Accessories,South ,1,3200,20%,2560.0,1900,App
ORD04121,10-28-2025,CUST1033,Keyboard,Accessories,north,6,1500,0.2,7200.0,5100,Marketplace
ORD04122,2025-11-18,CUST1140,Laptop,Electronics,East,2,55000,0.15,93500.0,72000,APP
ORD04123,02-11-2025,CUST1274,Monitor,Electronics,East,4,12000,0.05,45600.0,30400,APP
ORD04124,2025/05/12,CUST1177,Laptop,Electronics,EAST,5,55000,0.05,261250.0,180000,Website
ORD04125,2025/09/10,CUST1410,Laptop,electronics,north,1,55000,0.2,44000.0,36000,website
ORD04126,27/05/2025,CUST1169,Headphones,Accessories,EAST,4,2500,0.1,9000.0,5400,Marketplace
ORD04127,2025-11-22,CUST1000,Laptop,Electronics,South ,6,55000,0.2,264000.0,216000,APP
ORD04128,02-26-2025,CUST1401,Mouse,Accessories,North,4,800,0.05,3040.0,1680,Website
ORD04129,03-11-2025,CUST1399,Laptop,Electronics,north,4,55000,0.15,187000.0,144000,Marketplace
ORD04130,2025/08/31,CUST1124,Smartphone,Electronics,North,3,28000,0.2,67200.0,61500,APP
ORD04131,2025-04-19,CUST1439,Smartphone,Electronics,North,6,28000,0.2,134400.0,123000,Website
ORD04132,2025-12-20,CUST1258,Keyboard,accessories,East,6,1500,0.15,7650.0,5100,App
ORD04133,2025/01/24,CUST1448,Smartphone,Electronics,South,2,28000,0,56000,41000,App
ORD04134,08-10-2025,CUST1372,Smartphone,Electronics,South,5,28000,0.15,119000.0,102500,Marketplace
ORD04135,2025/09/18,CUST1390,Headphones,Accessories,north,4,2500,0.2,8000.0,5400,website
ORD04136,2025-09-26,CUST1027,Webcam,Accessories,East,3,3200,0.2,7680.0,5700,Marketplace
ORD04137,07-27-2025,CUST1069,Headphones,Accessories,South ,2,2500,0.05,4750.0,2700,APP
ORD04138,2025-05-27,CUST1168,Laptop,Electronics,West,3,55000,0,165000,108000,App
ORD04139,2025-04-11,CUST1302,Webcam,Accessories,North,5,3200,0.1,14400.0,9500,App
ORD04140,01/10/2025,CUST1091,Headphones,Accessories,North,6,2500,0.2,12000.0,8100,App
ORD04141,2025/05/07,CUST1368,Keyboard,Accessories,north,1,1500,0.2,1200.0,850,Website
ORD04142,2025/02/25,CUST1026,Webcam,Accessories,north,4,3200,0.15,10880.0,7600,APP
ORD04143,02/01/2025,CUST1350,Headphones,Accessories,EAST,5,2500,0.05,11875.0,6750,Marketplace
ORD04144,29/08/2025,CUST1366,Mouse,Accessories,North,6,800,0.1,4320.0,2520,website
ORD04145,2025-11-20,CUST1276,Tablet,Electronics,North,4,22000,0.15,74800.0,62000,APP
ORD04146,2025-08-01,CUST1327,Smartphone,Electronics,EAST,6,28000,0,168000,123000,Marketplace
ORD04147,2025/04/10,CUST1153,Smartphone,Electronics,South ,4,28000,0,112000,82000,APP
ORD04148,2025-06-04,CUST1327,Headphones,Accessories,north,5,2500,0.15,10625.0,6750,Website
ORD04149,27/04/2025,CUST1178,Mouse,Accessories,East,4,800,5%,3040.0,1680,Website
ORD04150,03-29-2025,CUST1354,Keyboard,Accessories,South ,3,1500,0.2,3600.0,2550,App
ORD04151,2025/05/28,CUST1138,Tablet,Electronics,East,1,22000,0,22000,15500,Website
ORD04152,25/05/2025,CUST1051,Webcam,Accessories,South ,2,3200,0.05,6080.0,3800,Website
ORD04153,2025/03/08,CUST1198,Monitor,Electronics,East,1,12000,15%,10200.0,7600,Marketplace
ORD04154,2025/04/17,CUST1106,Webcam,Accessories,East,1,3200,0.05,3040.0,1900,website
ORD04155,2025/05/23,CUST1019,Webcam,Accessories,East,6,3200,0.05,18240.0,11400,App
ORD04156,2025-02-18,CUST1243,Monitor,Electronics,South,3,12000,0.05,34200.0,22800,website
ORD04157,2025-09-17,CUST1324,Keyboard,Accessories,South,6,1500,0.1,8100.0,5100,App
ORD04158,06-20-2025,CUST1411,Tablet,Electronics,South,2,22000,0.05,41800.0,31000,Website
ORD04159,27/07/2025,CUST1242,Mouse,Accessories,South ,5,800,0%,4000,2100,App
ORD04160,11/04/2025,CUST1112,Tablet,Electronics,East,1,22000,0.1,19800.0,15500,website
ORD04161,2025/05/03,CUST1152,Monitor,Electronics,West,5,12000,0.05,57000.0,38000,APP
ORD04162,14/10/2025,CUST1268,Headphones,accessories,north,6,2500,0.1,13500.0,8100,App
ORD04163,07-27-2025,CUST1013,Laptop,Electronics,EAST,5,55000,10%,247500.0,180000,Marketplace
ORD04164,2025-01-08,CUST1330,Webcam,Accessories,north,3,3200,0.1,8640.0,5700,website
ORD04165,10-30-2025,CUST1122,Smartphone,electronics,West,2,28000,0.05,53200.0,41000,App
ORD04166,2025-12-20,CUST1378,Monitor,Electronics,West,1,12000,0.15,10200.0,7600,App
ORD04167,24/06/2025,CUST1280,Monitor,Electronics,South,3,12000,0.05,34200.0,22800,App
ORD04168,21/04/2025,CUST1325,Webcam,Accessories,East,6,3200,0,19200,11400,Marketplace
ORD04169,11/03/2025,CUST1396,Smartphone,Electronics,North,2,28000,0.1,50400.0,41000,Website
ORD04170,19/02/2025,CUST1135,Tablet,Electronics,East,5,22000,0.2,88000.0,77500,Website
ORD04171,25/11/2025,CUST1388,Tablet,Electronics,East,5,22000,0,110000,77500,website
ORD04172,03-01-2025,CUST1208,Webcam,Accessories,EAST,2,3200,0.2,5120.0,3800,website
ORD04173,2025-05-27,CUST1140,Tablet,electronics,South,4,22000,0.2,70400.0,62000,Website
ORD04174,2025-11-25,CUST1065,Laptop,Electronics,South,4,55000,0.05,209000.0,144000,Website
ORD04175,21/06/2025,CUST1219,Smartphone,Electronics,South,4,28000,0,112000,82000,Marketplace
ORD04176,14/06/2025,CUST1353,Tablet,Electronics,north,6,22000,0.15,112200.0,93000,App
ORD04177,02/02/2025,CUST1100,Smartphone,Electronics,EAST,5,28000,0.05,133000.0,102500,Website
ORD04178,2025-04-11,CUST1197,Headphones,Accessories,South ,2,2500,0.05,4750.0,2700,Website
ORD04179,25/10/2025,CUST1159,Laptop,Electronics,South,6,55000,0,330000,216000,App
ORD04180,30/10/2025,CUST1294,Headphones,Accessories,EAST,4,2500,0.15,8500.0,5400,Marketplace
ORD04181,2025/01/18,CUST1142,Smartphone,Electronics,South,6,28000,0.2,134400.0,123000,Marketplace
ORD04182,10-11-2025,CUST1403,Mouse,Accessories,South ,2,800,0.2,1280.0,840,APP
ORD04183,01-12-2025,CUST1030,Laptop,Electronics,South,5,55000,0.1,247500.0,180000,Marketplace
ORD04184,2025/09/02,CUST1447,Smartphone,Electronics,north,6,28000,5%,159600.0,123000,website
ORD04185,11-05-2025,CUST1086,Keyboard,Accessories,North,4,1500,0.15,5100.0,3400,Marketplace
ORD04186,2025/10/08,CUST1292,Headphones,Accessories,EAST,6,2500,0.15,12750.0,8100,App
ORD04187,08-23-2025,CUST1320,Smartphone,Electronics,North,3,28000,0.05,79800.0,61500,Website
ORD04188,2025/07/08,CUST1228,Webcam,Accessories,South ,2,3200,0.1,5760.0,3800,APP
ORD04189,2025-01-14,CUST1127,Keyboard,Accessories,EAST,1,1500,0.1,1350.0,850,Marketplace
ORD04190,29/03/2025,CUST1071,Headphones,Accessories,South ,2,2500,5%,4750.0,2700,Website
ORD04191,06-01-2025,CUST1097,Laptop,Electronics,North,6,55000,0.05,313500.0,216000,APP
ORD04192,02-03-2025,CUST1123,Webcam,Accessories,North,5,3200,0.05,15200.0,9500,App
ORD04193,2025/03/25,CUST1031,Webcam,Accessories,South ,3,3200,0.2,7680.0,5700,website
ORD04194,2025-05-29,CUST1235,Webcam,Accessories,South ,6,3200,5%,18240.0,11400,Website
ORD04195,2025-02-05,CUST1190,Monitor,Electronics,South ,2,12000,0.1,21600.0,15200,Marketplace
ORD04196,03-07-2025,CUST1299,Tablet,Electronics,North,3,22000,0.2,52800.0,46500,Website
ORD04197,13/08/2025,CUST1015,Mouse,Accessories,north,6,800,0,4800,2520,App
ORD04198,2025/01/09,CUST1020,Keyboard,Accessories,East,1,1500,10%,1350.0,850,App
ORD04199,2025/02/08,CUST1281,Headphones,Accessories,West,3,2500,0,7500,4050,website
ORD04200,08/01/2025,CUST1176,Headphones,Accessories,East,6,2500,0,15000,8100,website
ORD04201,11/01/2025,CUST1033,Monitor,Electronics,South,3,12000,0.05,34200.0,22800,APP
ORD04202,18/07/2025,CUST1442,Headphones,Accessories,EAST,1,2500,0%,2500,1350,Website
ORD04203,2025-05-12,CUST1331,Headphones,Accessories,East,5,2500,0.05,11875.0,6750,Website
ORD04204,2025-11-20,CUST1254,Tablet,Electronics,North,2,22000,0.1,39600.0,31000,App
ORD04205,03-16-2025,CUST1416,Smartphone,Electronics,South,3,28000,0,84000,61500,Marketplace
ORD04206,11/01/2025,CUST1162,Webcam,Accessories,South,6,3200,0,19200,11400,App
ORD04207,2025-07-28,CUST1395,Laptop,Electronics,East,5,55000,0.2,220000.0,180000,Website
ORD04208,14/01/2025,CUST1338,Monitor,Electronics,EAST,2,12000,0.2,19200.0,15200,App
ORD04209,09-22-2025,CUST1318,Keyboard,Accessories,East,6,1500,0,9000,5100,Marketplace
ORD04210,22/11/2025,CUST1245,Headphones,Accessories,South ,1,2500,0.05,2375.0,1350,website
ORD04211,2025-11-17,CUST1171,Webcam,Accessories,EAST,4,3200,0.1,11520.0,7600,App
ORD04212,2025-10-17,CUST1376,Smartphone,Electronics,West,6,28000,0.15,142800.0,123000,website
ORD04213,13/11/2025,CUST1128,Webcam,Accessories,north,-1,3200,0.15,-2720.0,-1900,APP
ORD04214,04-25-2025,CUST1232,Monitor,Electronics,North,6,12000,0.05,68400.0,45600,APP
ORD04215,03/04/2025,CUST1008,Webcam,Accessories,EAST,4,3200,0,12800,7600,App
ORD04216,2025/10/29,CUST1029,Monitor,Electronics,north,6,12000,0.05,68400.0,45600,website
ORD04217,2025-10-28,CUST1380,Monitor,Electronics,South ,-1,12000,0,-12000,-7600,website
ORD04218,20/07/2025,CUST1111,Webcam,Accessories,north,1,3200,0.2,2560.0,1900,Marketplace
ORD04219,01-23-2025,CUST1181,Webcam,accessories,South ,6,3200,0.15,16320.0,11400,Website
ORD04220,2025/11/29,CUST1320,Laptop,Electronics,East,6,55000,20%,264000.0,216000,Website
ORD04221,12-21-2025,CUST1409,Laptop,Electronics,north,3,55000,0.1,148500.0,108000,Marketplace
ORD04222,04/02/2025,CUST1305,Mouse,Accessories,north,4,800,0,3200,1680,APP
ORD04223,01-22-2025,CUST1312,Monitor,Electronics,South,5,12000,0,60000,38000,website
ORD04224,2025/09/10,CUST1142,Laptop,Electronics,South ,2,55000,0.05,104500.0,72000,Website
ORD04225,2025-03-02,CUST1142,Tablet,Electronics,West,3,22000,10%,59400.0,46500,Marketplace
ORD04226,25/11/2025,CUST1090,Monitor,Electronics,North,3,12000,0.15,30600.0,22800,APP
ORD04227,05-07-2025,CUST1284,Laptop,Electronics,EAST,2,55000,20%,88000.0,72000,Marketplace
ORD04228,2025/07/22,CUST1145,Mouse,Accessories,South,3,800,0,2400,1260,website
ORD04229,2025-01-01,CUST1106,Smartphone,Electronics,North,1,28000,0.15,23800.0,20500,Website
ORD04230,2025-03-01,CUST1416,Smartphone,Electronics,North,1,28000,0.2,22400.0,20500,APP
ORD04231,12-17-2025,CUST1058,Tablet,Electronics,West,3,22000,0.15,56100.0,46500,Website
ORD04232,10-16-2025,CUST1114,Webcam,Accessories,East,3,3200,0.1,8640.0,5700,website
ORD04233,2025/02/08,CUST1067,Smartphone,Electronics,North,2,28000,0.05,53200.0,41000,Marketplace
ORD04234,05-18-2025,CUST1435,Laptop,Electronics,East,2,55000,15%,93500.0,72000,Marketplace
ORD04235,2025/10/27,CUST1128,Monitor,Electronics,north,6,12000,0.2,57600.0,45600,APP
ORD04236,2025-04-22,CUST1272,Tablet,Electronics,South,3,22000,0.1,59400.0,46500,APP
ORD04237,31/05/2025,CUST1342,Webcam,Accessories,West,1,3200,0.1,2880.0,1900,App
ORD04238,13/07/2025,CUST1398,Laptop,Electronics,north,5,55000,0,275000,180000,Marketplace
ORD04239,15/08/2025,CUST1363,Mouse,Accessories,North,1,800,0.2,640.0,420,App
ORD04240,2025/05/27,CUST1370,Tablet,Electronics,North,5,22000,0.1,99000.0,77500,Marketplace
ORD04241,2025/02/05,CUST1022,Webcam,Accessories,West,4,3200,0.15,10880.0,7600,website
ORD04242,06-12-2025,CUST1433,Tablet,Electronics,north,5,22000,0.05,104500.0,77500,App
ORD04243,10-23-2025,CUST1320,Headphones,Accessories,South ,3,2500,0,7500,4050,App
ORD04244,2025/10/22,CUST1308,Mouse,Accessories,north,5,800,0.05,3800.0,2100,Website
ORD04245,05-12-2025,CUST1115,Webcam,Accessories,north,1,3200,0.05,3040.0,1900,App
ORD04246,2025-02-09,CUST1316,Mouse,Accessories,East,1,800,15%,680.0,420,APP
ORD04247,23/12/2025,CUST1122,Webcam,Accessories,East,1,3200,0,3200,1900,Marketplace
ORD04248,06/02/2025,CUST1102,Smartphone,Electronics,north,5,28000,0.1,126000.0,102500,APP
ORD04249,2025/02/25,CUST1411,Tablet,Electronics,South,6,22000,0.1,118800.0,93000,APP
ORD04250,2025-03-10,CUST1226,Mouse,Accessories,West,5,800,0.1,3600.0,2100,website
ORD04251,2025/06/20,CUST1365,Laptop,Electronics,South,3,55000,0.05,156750.0,108000,website
ORD04252,08-20-2025,CUST1043,Webcam,Accessories,EAST,1,3200,0.1,2880.0,1900,Website
ORD04253,08-11-2025,CUST1260,Smartphone,Electronics,EAST,5,28000,0.1,126000.0,102500,App
ORD04254,25/12/2025,CUST1356,Mouse,Accessories,East,4,800,0.1,2880.0,1680,website
ORD04255,2025-08-31,CUST1252,Webcam,Accessories,EAST,1,3200,0.1,2880.0,1900,Website
ORD04256,01/11/2025,CUST1167,Laptop,Electronics,north,6,55000,0%,330000,216000,App
ORD04257,2025/12/13,CUST1244,Webcam,Accessories,East,2,3200,0.15,5440.0,3800,Marketplace
ORD04258,01/01/2025,CUST1231,Keyboard,Accessories,North,4,1500,0,6000,3400,App
ORD04259,2025/09/30,CUST1175,Smartphone,Electronics,South,4,28000,0.1,100800.0,82000,website
ORD04260,09-03-2025,CUST1007,Smartphone,Electronics,East,4,28000,0.1,100800.0,82000,APP
ORD04261,21/11/2025,CUST1204,Mouse,Accessories,South ,5,800,0.15,3400.0,2100,App
ORD04262,2025/04/03,CUST1443,Keyboard,Accessories,north,4,1500,0,6000,3400,App
ORD04263,09/11/2025,CUST1427,Laptop,Electronics,East,1,55000,0.2,44000.0,36000,App
ORD04264,19/09/2025,CUST1138,Smartphone,Electronics,South ,5,28000,15%,119000.0,102500,Marketplace
ORD04265,26/04/2025,CUST1411,Tablet,Electronics,South,6,22000,0.05,125400.0,93000,APP
ORD04266,2025-05-13,CUST1276,Laptop,Electronics,West,3,55000,0.15,140250.0,108000,App
ORD04267,2025-05-11,CUST1179,Tablet,Electronics,West,2,22000,0.1,39600.0,31000,App
ORD04268,2025-09-03,CUST1379,Headphones,Accessories,West,4,2500,0,10000,5400,website
ORD04269,13/02/2025,CUST1038,Tablet,Electronics,EAST,2,22000,0,44000,31000,Website
ORD04270,2025/07/23,CUST1316,Monitor,Electronics,north,4,12000,0.05,45600.0,30400,APP
ORD04271,26/11/2025,CUST1092,Tablet,Electronics,north,4,22000,0.05,83600.0,62000,App
ORD04272,2025/03/06,CUST1052,Webcam,Accessories,West,6,3200,0.2,15360.0,11400,Website
ORD04273,11-23-2025,CUST1354,Headphones,Accessories,East,4,2500,0.2,8000.0,5400,App
ORD04274,2025/11/02,CUST1122,Laptop,Electronics,East,5,55000,0.05,261250.0,180000,App
ORD04275,27/05/2025,CUST1439,Monitor,Electronics,North,1,12000,0.1,10800.0,7600,APP
ORD04276,2025/02/27,CUST1421,Monitor,Electronics,West,4,12000,0,48000,30400,website
ORD04277,12-01-2025,CUST1160,Mouse,Accessories,South,1,800,5%,760.0,420,App
ORD04278,24/07/2025,CUST1124,Headphones,Accessories,South ,3,2500,0,7500,4050,App
ORD04279,2025-02-15,CUST1149,Smartphone,Electronics,South ,3,28000,0.1,75600.0,61500,APP
ORD04280,2025/07/03,CUST1000,Tablet,Electronics,north,4,22000,0,88000,62000,App
ORD04281,09/07/2025,CUST1168,Smartphone,Electronics,West,1,28000,0,28000,20500,App
ORD04282,07-22-2025,CUST1342,Mouse,Accessories,East,4,800,0.2,2560.0,1680,APP
ORD04283,17/09/2025,CUST1289,Webcam,Accessories,North,2,3200,0.05,6080.0,3800,website
ORD04284,30/12/2025,CUST1387,Smartphone,Electronics,north,5,28000,0.1,126000.0,102500,App
ORD04285,2025/05/17,CUST1277,Mouse,Accessories,North,6,800,10%,4320.0,2520,APP
ORD04286,24/10/2025,CUST1261,Tablet,Electronics,north,2,22000,0%,44000,31000,APP
ORD04287,09-16-2025,CUST1318,Laptop,Electronics,East,1,55000,0.1,49500.0,36000,website
ORD04288,2025-08-07,CUST1158,Laptop,Electronics,EAST,6,55000,0.15,280500.0,216000,Website
ORD04289,04/01/2025,CUST1060,Keyboard,Accessories,East,4,1500,20%,4800.0,3400,App
ORD04290,2025-05-04,CUST1061,Headphones,Accessories,East,4,2500,0.1,9000.0,5400,Marketplace
ORD04291,2025-10-22,CUST1305,Smartphone,Electronics,north,5,28000,0,140000,102500,Website
ORD04292,05/11/2025,CUST1009,Webcam,Accessories,EAST,3,3200,0,9600,5700,Marketplace
ORD04293,2025-10-21,CUST1215,Mouse,Accessories,North,4,800,0,3200,1680,Website
ORD04294,12/02/2025,CUST1311,Mouse,Accessories,South ,6,800,15%,4080.0,2520,App
ORD04295,2025/12/02,CUST1017,Tablet,Electronics,East,2,22000,5%,41800.0,31000,App
ORD04296,2025/06/21,CUST1381,Laptop,Electronics,East,3,55000,0.05,156750.0,108000,APP
ORD04297,10-07-2025,CUST1282,Laptop,Electronics,East,3,55000,0.2,132000.0,108000,Marketplace
ORD04298,07-02-2025,CUST1391,Webcam,Accessories,West,5,3200,0.05,15200.0,9500,Marketplace
ORD04299,21/02/2025,CUST1262,Mouse,Accessories,north,3,800,0.05,2280.0,1260,Website
ORD04300,12-22-2025,CUST1079,Webcam,Accessories,north,4,3200,0.15,10880.0,7600,Marketplace
ORD04301,12-13-2025,CUST1073,Webcam,Accessories,North,5,3200,0,16000,9500,APP
ORD04302,13/12/2025,CUST1311,Smartphone,Electronics,north,3,28000,0.2,67200.0,61500,Website
ORD04303,2025-04-09,CUST1188,Mouse,Accessories,EAST,4,800,0.15,2720.0,1680,APP
ORD04304,07-29-2025,CUST1266,Keyboard,Accessories,north,5,1500,0.1,6750.0,4250,Website
ORD04305,2025-04-07,CUST1283,Headphones,Accessories,South ,-1,2500,0,-2500,-1350,website
ORD04306,02-08-2025,CUST1155,Laptop,Electronics,North,1,55000,0,55000,36000,App
ORD04307,12-16-2025,CUST1347,Keyboard,Accessories,East,5,1500,0%,7500,4250,Marketplace
ORD04308,05-08-2025,CUST1137,Webcam,Accessories,South,2,3200,0.1,5760.0,3800,APP
ORD04309,10-05-2025,CUST1074,Monitor,Electronics,North,1,12000,0.2,9600.0,7600,website
ORD04310,2025-08-09,CUST1306,Monitor,Electronics,East,3,12000,0.2,28800.0,22800,App
ORD04311,12-13-2025,CUST1264,Monitor,Electronics,South ,2,12000,0,24000,15200,Website
ORD04312,2025-01-01,CUST1214,Smartphone,Electronics,EAST,6,28000,0.05,159600.0,123000,website
ORD04313,22/06/2025,CUST1198,Webcam,Accessories,North,6,3200,0.15,16320.0,11400,Marketplace
ORD04314,2025/05/04,CUST1135,Webcam,Accessories,South ,2,3200,0.05,6080.0,3800,Website
ORD04315,06-10-2025,CUST1082,Laptop,Electronics,North,3,55000,0.2,132000.0,108000,website
ORD04316,2025/10/06,CUST1094,Smartphone,Electronics,North,3,28000,0.15,71400.0,61500,Website
ORD04317,2025-07-10,CUST1191,Headphones,Accessories,North,6,2500,0.15,12750.0,8100,APP
ORD04318,06-09-2025,CUST1071,Headphones,Accessories,West,2,2500,0.2,4000.0,2700,App
ORD04319,07/03/2025,CUST1290,Smartphone,Electronics,South ,3,28000,0.2,67200.0,61500,App
ORD04320,2025-01-12,CUST1334,Monitor,Electronics,South ,6,12000,0.15,61200.0,45600,Marketplace
ORD04321,16/03/2025,CUST1054,Headphones,Accessories,EAST,4,2500,0.2,8000.0,5400,website
ORD04322,2025-03-12,CUST1112,Mouse,accessories,North,1,800,5%,760.0,420,Website
ORD04323,2025/04/18,CUST1328,Webcam,Accessories,South ,3,3200,0.1,8640.0,5700,Website
ORD04324,2025-07-10,CUST1338,Smartphone,Electronics,North,6,28000,0.05,159600.0,123000,Marketplace
ORD04325,2025/10/16,CUST1356,Tablet,Electronics,West,5,22000,0.2,88000.0,77500,APP
ORD04326,2025/08/12,CUST1353,Keyboard,Accessories,East,1,1500,0,1500,850,APP
ORD04327,2025/11/15,CUST1259,Smartphone,Electronics,North,6,28000,0.15,142800.0,123000,website
ORD04328,02-27-2025,CUST1325,Keyboard,Accessories,North,4,1500,10%,5400.0,3400,Website
ORD04329,02-03-2025,CUST1291,Tablet,Electronics,South,1,22000,0.1,19800.0,15500,App
ORD04330,2025-04-18,CUST1220,Keyboard,Accessories,South ,2,1500,5%,2850.0,1700,APP
ORD04331,2025-12-07,CUST1309,Keyboard,Accessories,EAST,4,1500,0.2,4800.0,3400,APP
ORD04332,19/06/2025,CUST1122,Monitor,Electronics,South,1,12000,0.1,10800.0,7600,website
ORD04333,02/03/2025,CUST1107,Headphones,Accessories,South,5,2500,15%,10625.0,6750,Marketplace
ORD04334,2025/06/23,CUST1035,Keyboard,Accessories,West,6,1500,0.15,7650.0,5100,APP
ORD04335,2025-09-12,CUST1034,Laptop,Electronics,EAST,5,55000,0,275000,180000,website
ORD04336,09-28-2025,CUST1396,Keyboard,Accessories,East,3,1500,0%,4500,2550,App
ORD04337,2025/05/22,CUST1026,Mouse,Accessories,north,4,800,0.2,2560.0,1680,website
ORD04338,2025/08/23,CUST1330,Monitor,Electronics,EAST,4,12000,0,48000,30400,website
ORD04339,26/08/2025,CUST1236,Webcam,Accessories,South ,4,3200,0.2,10240.0,7600,App
ORD04340,2025-11-25,CUST1162,Monitor,Electronics,East,6,12000,0.2,57600.0,45600,Marketplace
ORD04341,2025/03/03,CUST1326,Headphones,Accessories,South ,3,2500,0.1,6750.0,4050,website
ORD04342,11-04-2025,CUST1172,Tablet,Electronics,North,4,22000,0,88000,62000,Website
ORD04343,02-06-2025,CUST1300,Monitor,Electronics,South ,3,12000,0,36000,22800,App
ORD04344,10-22-2025,CUST1187,Headphones,Accessories,South ,4,2500,0.15,8500.0,5400,App
ORD04345,2025/06/17,CUST1157,Tablet,Electronics,EAST,3,22000,0.2,52800.0,46500,Marketplace
ORD04346,21/04/2025,CUST1026,Smartphone,Electronics,North,5,28000,0.05,133000.0,102500,website
ORD04347,2025-05-30,CUST1424,Laptop,Electronics,North,4,55000,0.05,209000.0,144000,Marketplace
ORD04348,20/09/2025,CUST1191,Laptop,Electronics,north,5,55000,0.15,233750.0,180000,App
ORD04349,03-24-2025,CUST1375,Headphones,accessories,South ,4,2500,0.2,8000.0,5400,Marketplace
ORD04350,01-22-2025,CUST1276,Webcam,Accessories,East,6,3200,0,19200,11400,Marketplace
ORD04351,2025-03-06,CUST1409,Keyboard,Accessories,South ,5,1500,10%,6750.0,4250,App
ORD04352,2025/01/17,CUST1073,Webcam,Accessories,South,4,3200,0.15,10880.0,7600,Website
ORD04353,05/07/2025,CUST1295,Tablet,Electronics,East,3,22000,0,66000,46500,APP
ORD04354,2025-08-09,CUST1253,Monitor,Electronics,East,3,12000,0.05,34200.0,22800,App
ORD04355,02-10-2025,CUST1316,Tablet,Electronics,north,4,22000,0.05,83600.0,62000,Marketplace
ORD04356,2025-09-17,CUST1042,Webcam,Accessories,West,4,3200,0.1,11520.0,7600,website
ORD04357,08/12/2025,CUST1016,Mouse,Accessories,South,5,800,20%,3200.0,2100,APP
ORD04358,03-19-2025,CUST1022,Mouse,Accessories,EAST,3,800,0.05,2280.0,1260,APP
ORD04359,2025/01/16,CUST1281,Mouse,Accessories,North,6,800,0.05,4560.0,2520,Marketplace
ORD04360,02-26-2025,CUST1066,Webcam,Accessories,South,1,3200,0.15,2720.0,1900,App
ORD04361,2025/12/04,CUST1039,Tablet,Electronics,north,1,22000,0.05,20900.0,15500,Website
ORD04362,2025/06/09,CUST1338,Webcam,Accessories,South ,1,3200,0,3200,1900,Marketplace
ORD04363,15/05/2025,CUST1316,Laptop,Electronics,West,3,55000,0.05,156750.0,108000,Website
ORD04364,19/06/2025,CUST1385,Headphones,Accessories,South ,4,2500,0.05,9500.0,5400,Marketplace
ORD04365,2025-06-16,CUST1207,Keyboard,Accessories,West,5,1500,0.1,6750.0,4250,App
ORD04366,2025/04/01,CUST1260,Webcam,Accessories,South,4,3200,20%,10240.0,7600,Marketplace
ORD04367,05/11/2025,CUST1390,Tablet,Electronics,EAST,2,22000,20%,35200.0,31000,APP
ORD04368,2025/03/14,CUST1199,Keyboard,Accessories,West,1,1500,0.2,1200.0,850,Marketplace
ORD04369,14/12/2025,CUST1223,Smartphone,Electronics,West,6,28000,0.1,151200.0,123000,APP
ORD04370,14/10/2025,CUST1241,Keyboard,Accessories,West,1,1500,0.2,1200.0,850,Website
ORD04371,2025-06-30,CUST1277,Smartphone,Electronics,West,4,28000,0.15,95200.0,82000,APP
ORD04372,2025/07/09,CUST1186,Mouse,accessories,South,1,800,0%,800,420,website
ORD04373,04/12/2025,CUST1231,Tablet,Electronics,East,1,22000,0.2,17600.0,15500,App
ORD04374,16/12/2025,CUST1296,Tablet,Electronics,South,3,22000,0.15,56100.0,46500,website
ORD04375,2025/12/27,CUST1379,Keyboard,Accessories,north,5,1500,0.1,6750.0,4250,App
ORD04376,2025-05-07,CUST1400,Mouse,Accessories,EAST,2,800,10%,1440.0,840,Marketplace
ORD04377,2025-11-10,CUST1307,Webcam,Accessories,South ,1,3200,20%,2560.0,1900,Website
ORD04378,05-15-2025,CUST1398,Mouse,Accessories,EAST,2,800,0.15,1360.0,840,App
ORD04379,2025/04/06,CUST1091,Keyboard,Accessories,South,2,1500,0.15,2550.0,1700,Website
ORD04380,11/06/2025,CUST1397,Smartphone,Electronics,north,3,28000,0,84000,61500,website
ORD04381,2025-05-10,CUST1216,Monitor,electronics,West,6,12000,0.15,61200.0,45600,App
ORD04382,2025-06-01,CUST1376,Headphones,Accessories,EAST,1,2500,0.05,2375.0,1350,website
ORD04383,2025-06-15,CUST1262,Webcam,Accessories,South,4,3200,0.1,11520.0,7600,Website
ORD04384,08-21-2025,CUST1186,Monitor,Electronics,EAST,5,12000,0,60000,38000,website
ORD04385,2025/04/22,CUST1332,Headphones,Accessories,East,1,2500,0.15,2125.0,1350,APP
ORD04386,13/11/2025,CUST1070,Webcam,Accessories,East,4,3200,0.2,10240.0,7600,Marketplace
ORD04387,2025-10-20,CUST1377,Headphones,Accessories,South ,6,2500,0,15000,8100,Marketplace
ORD04388,2025/03/21,CUST1240,Monitor,Electronics,South ,4,12000,0.05,45600.0,30400,Marketplace
ORD04389,2025/03/17,CUST1098,Monitor,Electronics,North,2,12000,0.1,21600.0,15200,APP
ORD04390,15/01/2025,CUST1302,Tablet,Electronics,north,2,22000,0,44000,31000,App
ORD04391,10-14-2025,CUST1106,Mouse,Accessories,East,2,800,0.05,1520.0,840,Website
ORD04392,22/04/2025,CUST1033,Webcam,Accessories,North,6,3200,0.05,18240.0,11400,APP
ORD04393,2025-12-11,CUST1359,Webcam,Accessories,East,2,3200,0.05,6080.0,3800,App
ORD04394,05/05/2025,CUST1352,Smartphone,Electronics,North,3,28000,10%,75600.0,61500,website
ORD04395,10-04-2025,CUST1177,Keyboard,Accessories,South ,3,1500,0.2,3600.0,2550,APP
ORD04396,02/08/2025,CUST1189,Monitor,Electronics,north,5,12000,0.2,48000.0,38000,APP
ORD04397,11/04/2025,CUST1111,Keyboard,Accessories,West,3,1500,0.05,4275.0,2550,Website
ORD04398,2025-04-25,CUST1163,Keyboard,Accessories,South,4,1500,0,6000,3400,website
ORD04399,12-16-2025,CUST1247,Mouse,accessories,north,4,800,15%,2720.0,1680,Marketplace
ORD04400,2025-05-03,CUST1339,Monitor,Electronics,north,4,12000,0.2,38400.0,30400,website
ORD04401,13/03/2025,CUST1313,Tablet,Electronics,north,2,22000,0,44000,31000,Website
ORD04402,2025/11/27,CUST1353,Tablet,Electronics,East,5,22000,0.15,93500.0,77500,Website
ORD04403,2025/03/01,CUST1171,Smartphone,Electronics,North,6,28000,0.1,151200.0,123000,Marketplace
ORD04404,07-20-2025,CUST1025,Monitor,Electronics,EAST,3,12000,0.05,34200.0,22800,website
ORD04405,2025-03-06,CUST1297,Headphones,Accessories,East,3,2500,0.1,6750.0,4050,App
ORD04406,2025-07-02,CUST1111,Laptop,Electronics,South ,5,55000,0.1,247500.0,180000,Marketplace
ORD04407,2025/03/24,CUST1248,Smartphone,Electronics,EAST,2,28000,0,56000,41000,Marketplace
ORD04408,2025/04/14,CUST1209,Headphones,Accessories,East,5,2500,20%,10000.0,6750,APP
ORD04409,07-20-2025,CUST1116,Smartphone,Electronics,West,2,28000,0.1,50400.0,41000,App
ORD04410,2025/08/04,CUST1189,Tablet,Electronics,South ,1,22000,0,22000,15500,Marketplace
ORD04411,2025/11/02,CUST1340,Mouse,Accessories,north,5,800,0.1,3600.0,2100,Marketplace
ORD04412,2025/09/15,CUST1360,Keyboard,Accessories,East,5,1500,0.15,6375.0,4250,Marketplace
ORD04413,12-22-2025,CUST1112,Monitor,Electronics,north,4,12000,0.2,38400.0,30400,Website
ORD04414,2025-05-15,CUST1296,Monitor,Electronics,EAST,3,12000,0.1,32400.0,22800,website
ORD04415,2025-03-17,CUST1398,Smartphone,Electronics,South ,5,28000,0.1,126000.0,102500,website
ORD04416,2025/11/22,CUST1416,Laptop,Electronics,South,2,55000,0.1,99000.0,72000,Website
ORD04417,2025-08-20,CUST1298,Tablet,Electronics,South ,5,22000,0.2,88000.0,77500,Marketplace
ORD04418,20/02/2025,CUST1143,Keyboard,Accessories,West,1,1500,0.15,1275.0,850,Website
ORD04419,05/07/2025,CUST1071,Keyboard,Accessories,South,1,1500,0,1500,850,Marketplace
ORD04420,2025-02-15,CUST1400,Laptop,Electronics,East,1,55000,0.05,52250.0,36000,website
ORD04421,05-12-2025,CUST1164,Tablet,Electronics,West,2,22000,0.2,35200.0,31000,APP
ORD04422,2025/04/07,CUST1359,Laptop,Electronics,East,3,55000,0.2,132000.0,108000,website
ORD04423,06/10/2025,CUST1397,Smartphone,Electronics,South ,4,28000,0.05,106400.0,82000,APP
ORD04424,10-06-2025,CUST1287,Webcam,Accessories,North,3,3200,0,9600,5700,APP
ORD04425,03-12-2025,CUST1338,Mouse,Accessories,East,1,800,0,800,420,APP
ORD04426,22/01/2025,CUST1104,Mouse,Accessories,South ,3,800,0,2400,1260,App
ORD04427,2025-12-29,CUST1320,Tablet,Electronics,South,1,22000,0.2,17600.0,15500,Website
ORD04428,2025-07-16,CUST1270,Webcam,Accessories,West,6,3200,0.05,18240.0,11400,APP
ORD04429,28/02/2025,CUST1204,Laptop,Electronics,South ,5,55000,0,275000,180000,website
ORD04430,01-04-2025,CUST1216,Headphones,Accessories,South ,4,2500,0.2,8000.0,5400,Website
ORD04431,05/02/2025,CUST1267,Mouse,Accessories,north,3,800,0.1,2160.0,1260,APP
ORD04432,26/12/2025,CUST1029,Keyboard,Accessories,West,1,1500,0.05,1425.0,850,Marketplace
ORD04433,15/11/2025,CUST1318,Headphones,Accessories,EAST,1,2500,20%,2000.0,1350,website
ORD04434,2025-03-12,CUST1012,Webcam,Accessories,South ,5,3200,0.05,15200.0,9500,website
ORD04435,26/04/2025,CUST1389,Smartphone,Electronics,South ,4,28000,0.15,95200.0,82000,Website
ORD04436,02/04/2025,CUST1285,Webcam,Accessories,East,4,3200,0.2,10240.0,7600,Marketplace
ORD04437,04-04-2025,CUST1347,Laptop,Electronics,EAST,6,55000,0,330000,216000,Marketplace
ORD04438,2025/10/09,CUST1007,Smartphone,Electronics,South ,1,28000,0.15,23800.0,20500,App
ORD04439,03-29-2025,CUST1398,Tablet,Electronics,South ,4,22000,0.1,79200.0,62000,APP
ORD04440,2025-09-29,CUST1370,Monitor,Electronics,South ,1,12000,0.05,11400.0,7600,website
ORD04441,2025/03/09,CUST1088,Monitor,Electronics,EAST,1,12000,0.05,11400.0,7600,website
ORD04442,2025-06-17,CUST1252,Monitor,Electronics,West,2,12000,0.15,20400.0,15200,App
ORD04443,2025/04/17,CUST1427,Smartphone,Electronics,north,2,28000,10%,50400.0,41000,App
ORD04444,03-02-2025,CUST1186,Keyboard,Accessories,South ,4,1500,5%,5700.0,3400,Marketplace
ORD04445,15/10/2025,CUST1306,Headphones,Accessories,East,4,2500,0.1,9000.0,5400,APP
ORD04446,17/01/2025,CUST1389,Keyboard,Accessories,EAST,3,1500,0,4500,2550,App
ORD04447,08-20-2025,CUST1278,Smartphone,Electronics,East,3,28000,0.15,71400.0,61500,website
ORD04448,2025-08-12,CUST1164,Headphones,Accessories,West,6,2500,0.1,13500.0,8100,Marketplace
ORD04449,2025-01-27,CUST1160,Webcam,Accessories,EAST,3,3200,10%,8640.0,5700,Marketplace
ORD04450,2025/07/31,CUST1316,Laptop,Electronics,EAST,3,55000,0.05,156750.0,108000,APP
ORD04451,25/01/2025,CUST1259,Webcam,Accessories,EAST,4,3200,0,12800,7600,App
ORD04452,2025-09-16,CUST1439,Keyboard,Accessories,South ,1,1500,0.15,1275.0,850,App
ORD04453,15/01/2025,CUST1287,Smartphone,electronics,north,2,28000,0.1,50400.0,41000,Marketplace
ORD04454,2025-05-16,CUST1446,Webcam,Accessories,West,2,3200,0.15,5440.0,3800,Marketplace
ORD04455,10-30-2025,CUST1141,Monitor,Electronics,EAST,3,12000,0,36000,22800,APP
ORD04456,11-03-2025,CUST1292,Headphones,Accessories,EAST,2,2500,0.05,4750.0,2700,APP
ORD04457,12-16-2025,CUST1073,Monitor,Electronics,South ,4,12000,0.2,38400.0,30400,website
ORD04458,2025-11-30,CUST1254,Monitor,Electronics,EAST,2,12000,0,24000,15200,APP
ORD04459,23/08/2025,CUST1107,Monitor,Electronics,North,1,12000,0,12000,7600,APP
ORD04460,10-05-2025,CUST1309,Monitor,Electronics,South ,1,12000,0.1,10800.0,7600,Website
ORD04461,2025/11/13,CUST1187,Keyboard,Accessories,South,1,1500,0,1500,850,Marketplace
ORD04462,2025-12-11,CUST1346,Keyboard,Accessories,East,2,1500,0%,3000,1700,Website
ORD04463,2025/09/21,CUST1089,Webcam,Accessories,North,3,3200,0.1,8640.0,5700,Marketplace
ORD04464,2025/06/09,CUST1388,Monitor,Electronics,North,5,12000,0,60000,38000,website
ORD04465,10-24-2025,CUST1057,Laptop,Electronics,East,6,55000,15%,280500.0,216000,Website
ORD04466,03-29-2025,CUST1301,Mouse,Accessories,north,4,800,0.2,2560.0,1680,App
ORD04467,06/09/2025,CUST1212,Laptop,Electronics,South ,6,55000,0.15,280500.0,216000,Website
ORD04468,11/07/2025,CUST1254,Keyboard,Accessories,North,5,1500,0,7500,4250,Website
ORD04469,03-28-2025,CUST1187,Headphones,Accessories,South ,1,2500,5%,2375.0,1350,website
ORD04470,10-26-2025,CUST1325,Tablet,Electronics,South,2,22000,0.1,39600.0,31000,App
ORD04471,2025/09/02,CUST1361,Keyboard,Accessories,EAST,5,1500,0,7500,4250,Website
ORD04472,2025/02/27,CUST1312,Monitor,Electronics,South ,6,12000,0%,72000,45600,App
ORD04473,2025/04/17,CUST1006,Keyboard,Accessories,EAST,2,1500,0.05,2850.0,1700,Website
ORD04474,2025/03/16,CUST1388,Tablet,Electronics,South ,5,22000,0.15,93500.0,77500,Website
ORD04475,20/09/2025,CUST1092,Mouse,Accessories,East,6,800,0.05,4560.0,2520,Marketplace
ORD04476,2025-09-23,CUST1212,Mouse,Accessories,north,3,800,0,2400,1260,Marketplace
ORD04477,2025-09-01,CUST1007,Laptop,Electronics,EAST,3,55000,0.05,156750.0,108000,App
ORD04478,19/09/2025,CUST1436,Smartphone,Electronics,North,3,28000,0,84000,61500,App
ORD04479,2025-09-11,CUST1429,Keyboard,Accessories,South ,2,1500,10%,2700.0,1700,website
ORD04480,2025-10-21,CUST1119,Monitor,Electronics,South,4,12000,0.05,45600.0,30400,App
ORD04481,2025/01/25,CUST1283,Headphones,Accessories,East,2,2500,0.2,4000.0,2700,website
ORD04482,2025-03-31,CUST1263,Webcam,Accessories,North,4,3200,0,12800,7600,App
ORD04483,18/05/2025,CUST1199,Webcam,Accessories,north,4,3200,0.1,11520.0,7600,App
ORD04484,2025/03/01,CUST1277,Headphones,Accessories,EAST,1,2500,0%,2500,1350,APP
ORD04485,06-17-2025,CUST1182,Smartphone,Electronics,South ,5,28000,0,140000,102500,APP
ORD04486,2025-05-23,CUST1147,Tablet,Electronics,EAST,2,22000,0.1,39600.0,31000,Marketplace
ORD04487,2025-03-06,CUST1134,Tablet,Electronics,East,3,22000,0.15,56100.0,46500,Website
ORD04488,05-26-2025,CUST1378,Keyboard,Accessories,East,4,1500,0.1,5400.0,3400,App
ORD04489,27/12/2025,CUST1012,Webcam,Accessories,North,3,3200,0.15,8160.0,5700,website
ORD04490,2025/10/13,CUST1174,Monitor,Electronics,South,2,12000,20%,19200.0,15200,APP
ORD04491,04-20-2025,CUST1427,Tablet,Electronics,East,2,22000,0.15,37400.0,31000,Website
ORD04492,03-26-2025,CUST1387,Laptop,Electronics,East,6,55000,0.05,313500.0,216000,website
ORD04493,2025/03/12,CUST1176,Tablet,Electronics,West,2,22000,0,44000,31000,Website
ORD04494,2025/12/12,CUST1233,Webcam,Accessories,East,2,3200,0.05,6080.0,3800,App
ORD04495,02-19-2025,CUST1349,Headphones,Accessories,EAST,5,2500,0.05,11875.0,6750,App
ORD04496,08-01-2025,CUST1051,Monitor,Electronics,north,5,12000,0.2,48000.0,38000,APP
ORD04497,06-27-2025,CUST1092,Monitor,Electronics,West,5,12000,0,60000,38000,APP
ORD04498,05-01-2025,CUST1173,Laptop,Electronics,East,4,55000,0.1,198000.0,144000,App
ORD04499,2025-04-07,CUST1138,Tablet,Electronics,EAST,6,22000,0,132000,93000,APP
ORD04500,2025-12-12,CUST1443,Keyboard,accessories,South ,2,1500,0.1,2700.0,1700,Website
ORD04501,12-15-2025,CUST1331,Tablet,Electronics,South ,2,22000,0,44000,31000,APP
ORD04502,2025-12-02,CUST1248,Smartphone,Electronics,South,3,28000,0.1,75600.0,61500,Website
ORD04503,2025-03-27,CUST1291,Webcam,Accessories,EAST,5,3200,0%,16000,9500,App
ORD04504,2025/08/30,CUST1196,Keyboard,Accessories,South ,6,1500,0.2,7200.0,5100,Website
ORD04505,2025/07/02,CUST1259,Mouse,Accessories,North,1,800,0,800,420,website
ORD04506,07-27-2025,CUST1010,Laptop,Electronics,West,1,55000,20%,44000.0,36000,website
ORD04507,2025/07/19,CUST1188,Smartphone,Electronics,North,2,28000,0,56000,41000,Website
ORD04508,2025/04/21,CUST1329,Webcam,Accessories,East,5,3200,0.1,14400.0,9500,website
ORD04509,2025-11-24,CUST1090,Keyboard,Accessories,north,3,1500,20%,3600.0,2550,Website
ORD04510,2025-10-02,CUST1047,Webcam,Accessories,South ,2,3200,0.15,5440.0,3800,APP
ORD04511,17/01/2025,CUST1225,Mouse,accessories,North,6,800,0%,4800,2520,website
ORD04512,21/08/2025,CUST1166,Smartphone,Electronics,EAST,6,28000,0.1,151200.0,123000,website
ORD04513,2025-06-22,CUST1152,Keyboard,Accessories,north,4,1500,0.15,5100.0,3400,Website
ORD04514,2025/04/16,CUST1081,Mouse,Accessories,East,3,800,0.1,2160.0,1260,website
ORD04515,2025/08/06,CUST1199,Webcam,Accessories,East,6,3200,0.05,18240.0,11400,website
ORD04516,29/10/2025,CUST1354,Headphones,Accessories,north,3,2500,0.05,7125.0,4050,website
ORD04517,14/05/2025,CUST1246,Keyboard,Accessories,EAST,5,1500,0.15,6375.0,4250,website
ORD04518,21/01/2025,CUST1035,Mouse,Accessories,North,3,800,0.2,1920.0,1260,Website
ORD04519,2025-06-28,CUST1049,Headphones,Accessories,South ,2,2500,0.2,4000.0,2700,Marketplace
ORD04520,24/05/2025,CUST1430,Laptop,Electronics,north,1,55000,10%,49500.0,36000,Website
ORD04521,12-27-2025,CUST1180,Laptop,Electronics,South ,5,55000,0.2,220000.0,180000,App
ORD04522,2025/08/07,CUST1294,Keyboard,Accessories,EAST,6,1500,0.2,7200.0,5100,website
ORD04523,05-14-2025,CUST1109,Keyboard,Accessories,South,2,1500,0.2,2400.0,1700,website
ORD04524,2025-06-17,CUST1413,Keyboard,Accessories,West,5,1500,0.15,6375.0,4250,APP
ORD04525,2025-11-25,CUST1170,Tablet,Electronics,north,2,22000,0.1,39600.0,31000,website
ORD04526,13/08/2025,CUST1347,Keyboard,Accessories,South,3,1500,0%,4500,2550,Marketplace
ORD04527,2025-07-31,CUST1010,Smartphone,Electronics,South ,4,28000,0.1,100800.0,82000,App
ORD04528,2025/11/15,CUST1179,Webcam,Accessories,East,2,3200,10%,5760.0,3800,App
ORD04529,2025-04-03,CUST1147,Mouse,Accessories,West,4,800,0,3200,1680,Marketplace
ORD04530,2025-02-25,CUST1336,Smartphone,Electronics,West,6,28000,0.2,134400.0,123000,website
ORD04531,06-17-2025,CUST1020,Webcam,Accessories,North,5,3200,0.05,15200.0,9500,website
ORD04532,02-09-2025,CUST1210,Laptop,Electronics,north,2,55000,15%,93500.0,72000,Website
ORD04533,2025/10/10,CUST1410,Mouse,Accessories,South,4,800,0.05,3040.0,1680,website
ORD04534,2025-06-26,CUST1204,Tablet,Electronics,South ,3,22000,0.15,56100.0,46500,website
ORD04535,29/08/2025,CUST1189,Laptop,Electronics,South ,5,55000,15%,233750.0,180000,website
ORD04536,15/07/2025,CUST1415,Monitor,Electronics,North,-2,12000,0,-24000,-15200,website
ORD04537,2025/02/01,CUST1286,Laptop,Electronics,EAST,2,55000,0.05,104500.0,72000,APP
ORD04538,2025-01-22,CUST1375,Laptop,Electronics,South,1,55000,0,55000,36000,Marketplace
ORD04539,2025-10-29,CUST1020,Webcam,Accessories,North,4,3200,0.15,10880.0,7600,Marketplace
ORD04540,11/11/2025,CUST1185,Monitor,Electronics,West,4,12000,0.05,45600.0,30400,Marketplace
ORD04541,2025-03-11,CUST1032,Headphones,Accessories,West,5,2500,0.15,10625.0,6750,Website
ORD04542,21/03/2025,CUST1361,Keyboard,Accessories,South ,5,1500,0.15,6375.0,4250,App
ORD04543,2025/02/12,CUST1176,Smartphone,Electronics,East,3,28000,0.1,75600.0,61500,Website
ORD04544,03-29-2025,CUST1091,Keyboard,Accessories,South ,6,1500,0.05,8550.0,5100,website
ORD04545,19/11/2025,CUST1001,Tablet,Electronics,West,4,22000,0,88000,62000,Website
ORD04546,2025/12/20,CUST1217,Smartphone,Electronics,EAST,1,28000,5%,26600.0,20500,website
ORD04547,2025/05/24,CUST1099,Smartphone,Electronics,North,2,28000,0.2,44800.0,41000,Marketplace
ORD04548,2025/11/10,CUST1387,Laptop,Electronics,South,6,55000,0.2,264000.0,216000,APP
ORD04549,07-13-2025,CUST1432,Smartphone,Electronics,North,6,28000,0.2,134400.0,123000,Website
ORD04550,05-12-2025,CUST1425,Monitor,Electronics,South ,4,12000,0.1,43200.0,30400,APP
ORD04551,16/05/2025,CUST1352,Webcam,Accessories,South ,3,3200,0.15,8160.0,5700,website
ORD04552,26/02/2025,CUST1266,Keyboard,Accessories,West,2,1500,0.15,2550.0,1700,App
ORD04553,03-16-2025,CUST1065,Tablet,Electronics,East,4,22000,0.15,74800.0,62000,APP
ORD04554,2025-05-29,CUST1368,Keyboard,Accessories,South ,3,1500,0.1,4050.0,2550,Website
ORD04555,03/06/2025,CUST1283,Webcam,Accessories,South,3,3200,0.2,7680.0,5700,App
ORD04556,11/03/2025,CUST1067,Headphones,Accessories,north,6,2500,0.05,14250.0,8100,APP
ORD04557,01/08/2025,CUST1340,Tablet,electronics,EAST,6,22000,0.1,118800.0,93000,App
ORD04558,2025/12/25,CUST1037,Laptop,Electronics,North,1,55000,0.05,52250.0,36000,Marketplace
ORD04559,2025-12-11,CUST1182,Laptop,Electronics,north,1,55000,0.1,49500.0,36000,Website
ORD04560,22/11/2025,CUST1280,Smartphone,Electronics,East,2,28000,0,56000,41000,APP
ORD04561,25/08/2025,CUST1307,Webcam,Accessories,South ,3,3200,0,9600,5700,Marketplace
ORD04562,2025-01-12,CUST1446,Tablet,Electronics,North,6,22000,0.2,105600.0,93000,Website
ORD04563,12-02-2025,CUST1113,Monitor,electronics,South,1,12000,0,12000,7600,website
ORD04564,07/09/2025,CUST1228,Laptop,Electronics,South ,6,55000,0.15,280500.0,216000,App
ORD04565,2025/10/11,CUST1213,Smartphone,Electronics,South ,4,28000,0.05,106400.0,82000,Website
ORD04566,2025/02/14,CUST1040,Monitor,Electronics,East,6,12000,0,72000,45600,App
ORD04567,08-10-2025,CUST1374,Keyboard,Accessories,North,2,1500,0.2,2400.0,1700,Marketplace
ORD04568,2025/04/12,CUST1153,Mouse,Accessories,South,6,800,0.2,3840.0,2520,APP
ORD04569,11-01-2025,CUST1126,Keyboard,Accessories,north,1,1500,0.1,1350.0,850,Marketplace
ORD04570,08/09/2025,CUST1095,Tablet,Electronics,East,2,22000,0.1,39600.0,31000,Marketplace
ORD04571,2025-06-26,CUST1153,Laptop,Electronics,north,6,55000,0.1,297000.0,216000,website
ORD04572,02/03/2025,CUST1289,Tablet,Electronics,South ,4,22000,0.2,70400.0,62000,Website
ORD04573,27/06/2025,CUST1434,Webcam,Accessories,South,4,3200,0.05,12160.0,7600,APP
ORD04574,23/06/2025,CUST1304,Laptop,Electronics,South ,1,55000,0.05,52250.0,36000,App
ORD04575,24/11/2025,CUST1418,Mouse,Accessories,East,4,800,0.15,2720.0,1680,Marketplace
ORD04576,2025-09-29,CUST1032,Tablet,Electronics,North,1,22000,0,22000,15500,website
ORD04577,02/05/2025,CUST1063,Headphones,Accessories,East,5,2500,0.05,11875.0,6750,website
ORD04578,2025/10/24,CUST1035,Mouse,Accessories,South ,5,800,0.15,3400.0,2100,APP
ORD04579,21/04/2025,CUST1169,Monitor,Electronics,South ,1,12000,0.1,10800.0,7600,website
ORD04580,20/04/2025,CUST1000,Keyboard,Accessories,north,2,1500,0.05,2850.0,1700,App
ORD04581,2025/10/09,CUST1169,Tablet,Electronics,South,5,22000,0.1,99000.0,77500,website
ORD04582,12-03-2025,CUST1018,Smartphone,Electronics,West,1,28000,0.2,22400.0,20500,APP
ORD04583,2025/10/31,CUST1265,Smartphone,Electronics,EAST,6,28000,0.2,134400.0,123000,Marketplace
ORD04584,2025-05-30,CUST1044,Keyboard,Accessories,EAST,5,1500,0.05,7125.0,4250,APP
ORD04585,2025-06-12,CUST1366,Smartphone,Electronics,West,4,28000,5%,106400.0,82000,App
ORD04586,28/03/2025,CUST1304,Headphones,Accessories,West,6,2500,0,15000,8100,Marketplace
ORD04587,2025/07/24,CUST1040,Laptop,Electronics,East,4,55000,0.05,209000.0,144000,APP
ORD04588,05-29-2025,CUST1400,Keyboard,Accessories,South ,3,1500,5%,4275.0,2550,website
ORD04589,09-08-2025,CUST1444,Keyboard,Accessories,South,1,1500,0.1,1350.0,850,Website
ORD04590,25/07/2025,CUST1361,Smartphone,Electronics,North,3,28000,0.05,79800.0,61500,Marketplace
ORD04591,2025-08-22,CUST1232,Tablet,Electronics,South,6,22000,0.2,105600.0,93000,Marketplace
ORD04592,01-12-2025,CUST1009,Webcam,Accessories,East,4,3200,15%,10880.0,7600,App
ORD04593,07/08/2025,CUST1069,Webcam,Accessories,East,5,3200,0.2,12800.0,9500,website
ORD04594,19/05/2025,CUST1291,Keyboard,Accessories,East,-2,1500,0.05,-2850.0,-1700,APP
ORD04595,18/04/2025,CUST1003,Webcam,Accessories,West,1,3200,0%,3200,1900,Website
ORD04596,18/07/2025,CUST1244,Monitor,Electronics,North,5,12000,0.05,57000.0,38000,APP
ORD04597,31/10/2025,CUST1049,Mouse,Accessories,North,5,800,0,4000,2100,Website
ORD04598,2025-09-26,CUST1266,Headphones,Accessories,West,4,2500,0.15,8500.0,5400,Marketplace
ORD04599,06/03/2025,CUST1086,Smartphone,Electronics,EAST,3,28000,0.2,67200.0,61500,website
ORD04600,2025/08/12,CUST1148,Monitor,Electronics,North,4,12000,0.15,40800.0,30400,App
ORD04601,06-16-2025,CUST1175,Tablet,Electronics,West,6,22000,0.15,112200.0,93000,website
ORD04602,2025/12/04,CUST1320,Monitor,Electronics,North,5,12000,0.05,57000.0,38000,website
ORD04603,20/04/2025,CUST1211,Tablet,Electronics,North,2,22000,15%,37400.0,31000,App
ORD04604,2025/05/28,CUST1159,Headphones,Accessories,West,1,2500,0.05,2375.0,1350,APP
ORD04605,08-14-2025,CUST1275,Keyboard,Accessories,north,6,1500,0.1,8100.0,5100,website
ORD04606,2025/04/22,CUST1241,Smartphone,Electronics,North,1,28000,0.05,26600.0,20500,Marketplace
ORD04607,2025/01/30,CUST1191,Monitor,Electronics,South ,3,12000,0,36000,22800,website
ORD04608,06-15-2025,CUST1245,Webcam,Accessories,North,6,3200,0.05,18240.0,11400,App
ORD04609,07/06/2025,CUST1134,Headphones,Accessories,North,6,2500,0.05,14250.0,8100,Website
ORD04610,2025/08/06,CUST1215,Tablet,Electronics,East,2,22000,0.2,35200.0,31000,website
ORD04611,22/03/2025,CUST1109,Laptop,Electronics,West,4,55000,0.15,187000.0,144000,website
ORD04612,2025-08-21,CUST1383,Monitor,Electronics,North,1,12000,0.2,9600.0,7600,APP
ORD04613,04-06-2025,CUST1377,Laptop,Electronics,South,2,55000,10%,99000.0,72000,website
ORD04614,17/12/2025,CUST1040,Tablet,Electronics,West,2,22000,0.05,41800.0,31000,website
ORD04615,07-22-2025,CUST1243,Webcam,Accessories,north,6,3200,10%,17280.0,11400,website
ORD04616,11-25-2025,CUST1238,Keyboard,Accessories,West,3,1500,0.2,3600.0,2550,Website
ORD04617,2025-02-20,CUST1192,Monitor,Electronics,South,4,12000,0.2,38400.0,30400,App
ORD04618,23/11/2025,CUST1068,Headphones,Accessories,South ,1,2500,0,2500,1350,APP
ORD04619,2025-07-23,CUST1010,Webcam,Accessories,West,5,3200,0.2,12800.0,9500,Marketplace
ORD04620,31/01/2025,CUST1020,Laptop,Electronics,West,3,55000,0.05,156750.0,108000,Marketplace
ORD04621,2025/02/18,CUST1027,Headphones,Accessories,South ,2,2500,0.2,4000.0,2700,APP
ORD04622,02/08/2025,CUST1386,Laptop,Electronics,West,5,55000,0.1,247500.0,180000,Website
ORD04623,2025/06/04,CUST1210,Webcam,Accessories,South,5,3200,0.15,13600.0,9500,Website
ORD04624,11-22-2025,CUST1369,Keyboard,Accessories,EAST,6,1500,0.1,8100.0,5100,Website
ORD04625,06-26-2025,CUST1125,Mouse,Accessories,North,6,800,0.1,4320.0,2520,App
ORD04626,2025-01-26,CUST1444,Headphones,Accessories,North,5,2500,0,12500,6750,website
ORD04627,17/01/2025,CUST1039,Keyboard,Accessories,EAST,2,1500,0.05,2850.0,1700,App
ORD04628,2025/06/09,CUST1083,Tablet,Electronics,EAST,1,22000,0.2,17600.0,15500,website
ORD04629,29/08/2025,CUST1050,Keyboard,Accessories,North,6,1500,0.05,8550.0,5100,website
ORD04630,2025-03-11,CUST1245,Keyboard,Accessories,North,5,1500,5%,7125.0,4250,website
ORD04631,12-17-2025,CUST1300,Mouse,Accessories,North,1,800,0.05,760.0,420,APP
ORD04632,2025-08-03,CUST1141,Headphones,Accessories,North,1,2500,0.2,2000.0,1350,website
ORD04633,12/06/2025,CUST1226,Webcam,Accessories,South ,5,3200,0.15,13600.0,9500,website
ORD04634,25/08/2025,CUST1437,Tablet,Electronics,EAST,1,22000,5%,20900.0,15500,APP
ORD04635,2025/02/14,CUST1295,Tablet,Electronics,EAST,-1,22000,0.15,-18700.0,-15500,App
ORD04636,22/05/2025,CUST1000,Smartphone,Electronics,North,4,28000,0.2,89600.0,82000,App
ORD04637,11-07-2025,CUST1377,Laptop,Electronics,South ,4,55000,0.1,198000.0,144000,APP
ORD04638,01/08/2025,CUST1357,Keyboard,Accessories,South,5,1500,0.2,6000.0,4250,APP
ORD04639,2025/03/14,CUST1187,Webcam,Accessories,South ,5,3200,15%,13600.0,9500,website
ORD04640,09-30-2025,CUST1109,Keyboard,accessories,South,3,1500,0.15,3825.0,2550,Marketplace
ORD04641,08-03-2025,CUST1235,Laptop,Electronics,East,5,55000,0,275000,180000,Website
ORD04642,2025-03-12,CUST1292,Webcam,Accessories,East,3,3200,0.05,9120.0,5700,Marketplace
ORD04643,2025/11/28,CUST1216,Mouse,Accessories,EAST,1,800,0.1,720.0,420,Marketplace
ORD04644,2025-09-09,CUST1246,Laptop,Electronics,North,2,55000,0.2,88000.0,72000,Website
ORD04645,15/03/2025,CUST1306,Webcam,Accessories,West,3,3200,0,9600,5700,APP
ORD04646,02/09/2025,CUST1269,Mouse,Accessories,West,5,800,0.05,3800.0,2100,APP
ORD04647,2025-09-20,CUST1229,Webcam,Accessories,EAST,5,3200,0.2,12800.0,9500,website
ORD04648,2025-10-03,CUST1251,Webcam,Accessories,South ,3,3200,0.05,9120.0,5700,APP
ORD04649,12-30-2025,CUST1068,Mouse,Accessories,north,4,800,0.2,2560.0,1680,APP
ORD04650,13/01/2025,CUST1148,Keyboard,Accessories,EAST,5,1500,15%,6375.0,4250,APP
ORD04651,2025/06/29,CUST1094,Webcam,Accessories,North,4,3200,0.05,12160.0,7600,website
ORD04652,26/07/2025,CUST1359,Tablet,Electronics,North,5,22000,0.15,93500.0,77500,APP
ORD04653,04/02/2025,CUST1111,Headphones,Accessories,South,6,2500,0.2,12000.0,8100,website
ORD04654,24/05/2025,CUST1123,Webcam,Accessories,north,2,3200,0.1,5760.0,3800,website
ORD04655,2025-09-13,CUST1314,Headphones,Accessories,West,1,2500,0.2,2000.0,1350,website
ORD04656,2025/02/11,CUST1093,Keyboard,Accessories,West,1,1500,0.15,1275.0,850,App
ORD04657,2025-11-03,CUST1005,Tablet,Electronics,north,2,22000,0.15,37400.0,31000,Marketplace
ORD04658,2025/04/27,CUST1222,Headphones,Accessories,South ,5,2500,0%,12500,6750,APP
ORD04659,03-24-2025,CUST1315,Headphones,Accessories,north,6,2500,0,15000,8100,website
ORD04660,04-25-2025,CUST1120,Tablet,Electronics,EAST,3,22000,0.1,59400.0,46500,Marketplace
ORD04661,2025/11/13,CUST1233,Monitor,Electronics,South,6,12000,0,72000,45600,App
ORD04662,24/12/2025,CUST1121,Webcam,Accessories,North,6,3200,0,19200,11400,App
ORD04663,2025/09/12,CUST1412,Tablet,Electronics,north,3,22000,0,66000,46500,website
ORD04664,12-21-2025,CUST1123,Mouse,Accessories,West,5,800,0,4000,2100,APP
ORD04665,2025-12-13,CUST1254,Webcam,Accessories,North,5,3200,0,16000,9500,Website
ORD04666,13/01/2025,CUST1443,Monitor,Electronics,South ,3,12000,0.1,32400.0,22800,App
ORD04667,15/03/2025,CUST1049,Headphones,Accessories,north,3,2500,0.15,6375.0,4050,APP
ORD04668,06-08-2025,CUST1335,Monitor,Electronics,West,2,12000,0.2,19200.0,15200,website
ORD04669,10-16-2025,CUST1300,Mouse,Accessories,West,1,800,0.05,760.0,420,Website
ORD04670,28/06/2025,CUST1210,Webcam,Accessories,South ,-2,3200,0.1,-5760.0,-3800,Website
ORD04671,2025-03-13,CUST1032,Tablet,Electronics,South,3,22000,0,66000,46500,Website
ORD04672,2025/12/18,CUST1412,Mouse,Accessories,north,5,800,5%,3800.0,2100,APP
ORD04673,17/10/2025,CUST1038,Mouse,Accessories,North,1,800,0.05,760.0,420,Marketplace
ORD04674,2025/07/16,CUST1027,Mouse,Accessories,South ,6,800,0,4800,2520,APP
ORD04675,07-01-2025,CUST1139,Webcam,Accessories,north,3,3200,0.1,8640.0,5700,App
ORD04676,2025/10/06,CUST1328,Keyboard,Accessories,North,4,1500,0,6000,3400,Marketplace
ORD04677,10/05/2025,CUST1115,Keyboard,Accessories,EAST,5,1500,15%,6375.0,4250,Website
ORD04678,2025-07-10,CUST1070,Keyboard,Accessories,EAST,3,1500,0.15,3825.0,2550,App
ORD04679,2025-06-21,CUST1433,Webcam,Accessories,East,6,3200,0.1,17280.0,11400,Website
ORD04680,2025/06/28,CUST1275,Headphones,Accessories,South,6,2500,0.1,13500.0,8100,website
ORD04681,21/10/2025,CUST1448,Monitor,Electronics,north,5,12000,0.1,54000.0,38000,Website
ORD04682,2025-12-27,CUST1303,Smartphone,Electronics,South,1,28000,0.2,22400.0,20500,website
ORD04683,05/08/2025,CUST1041,Monitor,Electronics,EAST,3,12000,0.05,34200.0,22800,APP
ORD04684,2025-01-26,CUST1400,Webcam,Accessories,EAST,6,3200,0.05,18240.0,11400,App
ORD04685,2025/01/04,CUST1273,Mouse,Accessories,EAST,1,800,0.1,720.0,420,Website
ORD04686,17/04/2025,CUST1411,Mouse,Accessories,East,2,800,0.05,1520.0,840,website
ORD04687,2025-10-10,CUST1366,Laptop,Electronics,north,6,55000,0.1,297000.0,216000,APP
ORD04688,2025-12-03,CUST1047,Mouse,Accessories,East,5,800,0,4000,2100,App
ORD04689,2025/12/17,CUST1232,Headphones,Accessories,South ,4,2500,20%,8000.0,5400,Marketplace
ORD04690,2025-11-14,CUST1177,Monitor,Electronics,EAST,3,12000,0.2,28800.0,22800,Website
ORD04691,2025-06-01,CUST1232,Webcam,Accessories,North,1,3200,0.2,2560.0,1900,website
ORD04692,07-06-2025,CUST1438,Smartphone,Electronics,South ,4,28000,0.15,95200.0,82000,Marketplace
ORD04693,2025/05/01,CUST1184,Webcam,Accessories,East,2,3200,0.15,5440.0,3800,APP
ORD04694,03/11/2025,CUST1410,Mouse,Accessories,EAST,3,800,0.1,2160.0,1260,website
ORD04695,2025-04-03,CUST1269,Webcam,Accessories,North,3,3200,0.2,7680.0,5700,Marketplace
ORD04696,2025-07-17,CUST1337,Mouse,Accessories,South,4,800,0.05,3040.0,1680,App
ORD04697,02-14-2025,CUST1220,Monitor,Electronics,North,6,12000,5%,68400.0,45600,website
ORD04698,03/01/2025,CUST1228,Keyboard,Accessories,South,4,1500,0.05,5700.0,3400,App
ORD04699,2025/11/14,CUST1285,Tablet,Electronics,South,4,22000,0,88000,62000,Marketplace
ORD04700,09-25-2025,CUST1356,Keyboard,Accessories,West,6,1500,0.05,8550.0,5100,Marketplace
ORD04701,2025/01/08,CUST1077,Keyboard,Accessories,West,4,1500,10%,5400.0,3400,Website
ORD04702,2025-09-07,CUST1197,Headphones,Accessories,South,4,2500,0.15,8500.0,5400,Marketplace
ORD04703,05-15-2025,CUST1160,Monitor,Electronics,South ,1,12000,20%,9600.0,7600,App
ORD04704,2025-05-29,CUST1034,Smartphone,Electronics,EAST,5,28000,0.15,119000.0,102500,Website
ORD04705,12-10-2025,CUST1108,Webcam,Accessories,West,3,3200,0.2,7680.0,5700,Marketplace
ORD04706,2025-04-02,CUST1194,Headphones,Accessories,East,4,2500,20%,8000.0,5400,Website
ORD04707,2025-06-29,CUST1370,Mouse,Accessories,South,4,800,0.15,2720.0,1680,Marketplace
ORD04708,02-06-2025,CUST1246,Monitor,Electronics,South ,1,12000,20%,9600.0,7600,Marketplace
ORD04709,06-26-2025,CUST1167,Headphones,Accessories,South,1,2500,0.1,2250.0,1350,APP
ORD04710,2025-09-07,CUST1432,Laptop,Electronics,North,4,55000,0.05,209000.0,144000,APP
ORD04711,2025/05/12,CUST1365,Monitor,Electronics,South,4,12000,0.2,38400.0,30400,Website
ORD04712,11-01-2025,CUST1174,Tablet,electronics,North,1,22000,0.1,19800.0,15500,Website
ORD04713,2025-07-13,CUST1429,Keyboard,Accessories,South,3,1500,0,4500,2550,App
ORD04714,2025/01/28,CUST1093,Tablet,Electronics,EAST,6,22000,0.15,112200.0,93000,website
ORD04715,2025/04/24,CUST1022,Headphones,Accessories,North,1,2500,0.1,2250.0,1350,Marketplace
ORD04716,08-26-2025,CUST1133,Mouse,Accessories,North,3,800,0.05,2280.0,1260,Marketplace
ORD04717,04-18-2025,CUST1414,Mouse,Accessories,West,3,800,10%,2160.0,1260,Marketplace
ORD04718,2025/03/16,CUST1080,Webcam,Accessories,North,1,3200,0,3200,1900,Marketplace
ORD04719,2025-02-15,CUST1359,Mouse,Accessories,East,1,800,0.15,680.0,420,website
ORD04720,08/06/2025,CUST1219,Smartphone,Electronics,West,6,28000,0.1,151200.0,123000,App
ORD04721,2025/10/04,CUST1311,Smartphone,Electronics,South,2,28000,0.05,53200.0,41000,APP
ORD04722,2025-11-27,CUST1328,Keyboard,Accessories,EAST,3,1500,0.2,3600.0,2550,website
ORD04723,06-14-2025,CUST1052,Keyboard,Accessories,EAST,5,1500,0.15,6375.0,4250,APP
ORD04724,2025/12/11,CUST1216,Headphones,Accessories,West,4,2500,0.05,9500.0,5400,Website
ORD04725,18/04/2025,CUST1329,Laptop,Electronics,South ,1,55000,0.05,52250.0,36000,APP
ORD04726,10/09/2025,CUST1422,Mouse,Accessories,East,6,800,0.1,4320.0,2520,Marketplace
ORD04727,21/08/2025,CUST1185,Mouse,Accessories,EAST,5,800,0.15,3400.0,2100,Marketplace
ORD04728,2025-04-21,CUST1180,Mouse,Accessories,South,3,800,0.05,2280.0,1260,Marketplace
ORD04729,14/07/2025,CUST1383,Laptop,Electronics,North,4,55000,0.2,176000.0,144000,Marketplace
ORD04730,2025-09-01,CUST1410,Monitor,Electronics,North,1,12000,20%,9600.0,7600,App
ORD04731,02/04/2025,CUST1049,Smartphone,Electronics,West,2,28000,0.2,44800.0,41000,APP
ORD04732,09-20-2025,CUST1064,Mouse,Accessories,West,2,800,0.2,1280.0,840,App
ORD04733,2025/11/18,CUST1054,Smartphone,Electronics,North,1,28000,0.1,25200.0,20500,Marketplace
ORD04734,2025-06-14,CUST1392,Webcam,Accessories,North,4,3200,0.2,10240.0,7600,Website
ORD04735,24/11/2025,CUST1089,Monitor,Electronics,West,2,12000,0.05,22800.0,15200,App
ORD04736,2025/06/22,CUST1421,Keyboard,Accessories,South ,4,1500,0.2,4800.0,3400,App
ORD04737,14/02/2025,CUST1360,Headphones,Accessories,East,4,2500,0,10000,5400,Marketplace
ORD04738,2025/06/24,CUST1003,Tablet,Electronics,South,5,22000,0.15,93500.0,77500,Marketplace
ORD04739,2025/08/08,CUST1260,Mouse,Accessories,North,1,800,0.2,640.0,420,APP
ORD04740,11/07/2025,CUST1341,Webcam,Accessories,North,4,3200,0.2,10240.0,7600,APP
ORD04741,27/11/2025,CUST1337,Keyboard,Accessories,South ,5,1500,0.15,6375.0,4250,Website
ORD04742,01-19-2025,CUST1266,Monitor,Electronics,South,3,12000,10%,32400.0,22800,website
ORD04743,2025/04/18,CUST1209,Mouse,Accessories,north,2,800,15%,1360.0,840,website
ORD04744,2025-09-30,CUST1030,Keyboard,Accessories,South ,2,1500,0%,3000,1700,website
ORD04745,07-01-2025,CUST1350,Keyboard,Accessories,South ,4,1500,0.05,5700.0,3400,App
ORD04746,10/02/2025,CUST1348,Headphones,Accessories,South ,4,2500,15%,8500.0,5400,App
ORD04747,08-25-2025,CUST1280,Webcam,Accessories,West,1,3200,0.2,2560.0,1900,APP
ORD04748,04-07-2025,CUST1290,Keyboard,Accessories,East,2,1500,0.1,2700.0,1700,App
ORD04749,2025-02-21,CUST1387,Webcam,Accessories,north,1,3200,0.15,2720.0,1900,Website
ORD04750,2025-10-10,CUST1162,Keyboard,Accessories,East,1,1500,0.2,1200.0,850,Website
ORD04751,30/05/2025,CUST1345,Laptop,Electronics,South ,5,55000,10%,247500.0,180000,Marketplace
ORD04752,24/03/2025,CUST1411,Webcam,Accessories,West,2,3200,0.15,5440.0,3800,App
ORD04753,06-13-2025,CUST1108,Mouse,Accessories,South ,6,800,0.2,3840.0,2520,website
ORD04754,01-07-2025,CUST1070,Keyboard,Accessories,South,1,1500,0.2,1200.0,850,APP
ORD04755,2025/12/25,CUST1257,Webcam,Accessories,North,5,3200,0.1,14400.0,9500,APP
ORD04756,2025/02/20,CUST1199,Monitor,Electronics,East,2,12000,0.05,22800.0,15200,App
ORD04757,2025/10/02,CUST1300,Tablet,Electronics,north,1,22000,5%,20900.0,15500,website
ORD04758,12-12-2025,CUST1332,Monitor,Electronics,North,6,12000,0.1,64800.0,45600,website
ORD04759,2025/01/29,CUST1026,Headphones,Accessories,South ,2,2500,0.05,4750.0,2700,App
ORD04760,2025/08/28,CUST1044,Headphones,Accessories,North,5,2500,0.15,10625.0,6750,Website
ORD04761,06-15-2025,CUST1195,Mouse,Accessories,EAST,1,800,0,800,420,website
ORD04762,2025-05-20,CUST1182,Keyboard,Accessories,West,1,1500,0.05,1425.0,850,APP
ORD04763,2025-04-27,CUST1188,Keyboard,Accessories,South,2,1500,0.05,2850.0,1700,Website
ORD04764,2025-10-31,CUST1182,Mouse,Accessories,South ,6,800,0.1,4320.0,2520,Marketplace
ORD04765,11/04/2025,CUST1168,Webcam,Accessories,East,4,3200,0,12800,7600,Marketplace
ORD04766,03-28-2025,CUST1261,Smartphone,Electronics,South ,2,28000,0.05,53200.0,41000,App
ORD04767,2025/11/01,CUST1233,Mouse,Accessories,South,6,800,0.1,4320.0,2520,App
ORD04768,06-27-2025,CUST1045,Tablet,Electronics,South ,1,22000,0.15,18700.0,15500,Website
ORD04769,2025-06-15,CUST1231,Smartphone,Electronics,North,3,28000,0.1,75600.0,61500,Website
ORD04770,2025-07-24,CUST1129,Tablet,Electronics,North,6,22000,0,132000,93000,Marketplace
ORD04771,06/03/2025,CUST1373,Webcam,Accessories,EAST,2,3200,0.15,5440.0,3800,website
ORD04772,2025/05/14,CUST1312,Keyboard,Accessories,West,2,1500,0.15,2550.0,1700,Marketplace
ORD04773,2025-07-19,CUST1403,Smartphone,Electronics,South,4,28000,0.2,89600.0,82000,App
ORD04774,2025/04/23,CUST1341,Smartphone,Electronics,North,1,28000,15%,23800.0,20500,APP
ORD04775,10-18-2025,CUST1061,Keyboard,Accessories,West,5,1500,0.1,6750.0,4250,Marketplace
ORD04776,05/08/2025,CUST1203,Laptop,Electronics,West,2,55000,0.2,88000.0,72000,APP
ORD04777,2025-04-05,CUST1385,Tablet,electronics,West,5,22000,0.1,99000.0,77500,website
ORD04778,02-05-2025,CUST1231,Headphones,Accessories,North,5,2500,0.05,11875.0,6750,APP
ORD04779,16/09/2025,CUST1146,Laptop,Electronics,West,4,55000,20%,176000.0,144000,Website
ORD04780,10/02/2025,CUST1119,Smartphone,Electronics,South ,4,28000,5%,106400.0,82000,Marketplace
ORD04781,23/11/2025,CUST1018,Headphones,Accessories,South,6,2500,0,15000,8100,App
ORD04782,01-24-2025,CUST1034,Headphones,Accessories,North,6,2500,0.2,12000.0,8100,App
ORD04783,2025/11/17,CUST1308,Tablet,Electronics,north,6,22000,0.15,112200.0,93000,website
ORD04784,07-19-2025,CUST1093,Smartphone,Electronics,EAST,2,28000,15%,47600.0,41000,website
ORD04785,2025/07/28,CUST1138,Keyboard,Accessories,West,3,1500,0.1,4050.0,2550,App
ORD04786,2025-01-12,CUST1300,Monitor,Electronics,West,3,12000,0.2,28800.0,22800,App
ORD04787,26/01/2025,CUST1331,Monitor,Electronics,North,-2,12000,5%,-22800.0,-15200,Marketplace
ORD04788,13/02/2025,CUST1010,Monitor,Electronics,North,1,12000,0.15,10200.0,7600,website
ORD04789,2025/05/24,CUST1049,Laptop,Electronics,north,3,55000,0.1,148500.0,108000,App
ORD04790,10-20-2025,CUST1390,Laptop,Electronics,EAST,2,55000,0.2,88000.0,72000,website
ORD04791,2025-02-14,CUST1266,Mouse,Accessories,EAST,6,800,0.15,4080.0,2520,Marketplace
ORD04792,2025/02/28,CUST1007,Webcam,Accessories,South ,2,3200,0.05,6080.0,3800,Marketplace
ORD04793,05/09/2025,CUST1089,Keyboard,Accessories,South ,1,1500,0,1500,850,Marketplace
ORD04794,04/11/2025,CUST1269,Headphones,Accessories,EAST,2,2500,0.1,4500.0,2700,website
ORD04795,2025/04/30,CUST1210,Monitor,Electronics,East,1,12000,0.15,10200.0,7600,website
ORD04796,2025-02-24,CUST1173,Laptop,Electronics,EAST,1,55000,0,55000,36000,Marketplace
ORD04797,2025-12-17,CUST1048,Monitor,Electronics,North,5,12000,0.1,54000.0,38000,App
ORD04798,2025-04-08,CUST1049,Mouse,Accessories,North,3,800,0.2,1920.0,1260,APP
ORD04799,2025/02/28,CUST1418,Mouse,Accessories,North,3,800,0.15,2040.0,1260,App
ORD04800,08-20-2025,CUST1445,Smartphone,Electronics,EAST,4,28000,0.2,89600.0,82000,website
ORD04801,2025/02/15,CUST1382,Mouse,Accessories,North,5,800,0.05,3800.0,2100,Website
ORD04802,2025-11-28,CUST1094,Keyboard,Accessories,South,4,1500,0.05,5700.0,3400,Website
ORD04803,2025-04-21,CUST1425,Monitor,Electronics,South ,6,12000,0.1,64800.0,45600,App
ORD04804,01-11-2025,CUST1075,Keyboard,Accessories,north,3,1500,0.15,3825.0,2550,website
ORD04805,24/04/2025,CUST1126,Laptop,Electronics,North,1,55000,0,55000,36000,Website
ORD04806,2025-05-13,CUST1226,Headphones,Accessories,EAST,1,2500,0,2500,1350,website
ORD04807,02-06-2025,CUST1437,Webcam,Accessories,EAST,6,3200,0,19200,11400,APP
ORD04808,2025-12-12,CUST1262,Laptop,Electronics,West,5,55000,0.2,220000.0,180000,APP
ORD04809,07-21-2025,CUST1225,Mouse,Accessories,East,3,800,0.1,2160.0,1260,website
ORD04810,2025/08/25,CUST1078,Mouse,Accessories,north,5,800,0.15,3400.0,2100,Website
ORD04811,28/07/2025,CUST1442,Keyboard,Accessories,north,5,1500,0.1,6750.0,4250,Website
ORD04812,2025/02/02,CUST1068,Webcam,Accessories,north,4,3200,0.2,10240.0,7600,Marketplace
ORD04813,2025-10-12,CUST1413,Headphones,Accessories,West,5,2500,0.1,11250.0,6750,Website
ORD04814,2025/07/07,CUST1438,Monitor,Electronics,East,2,12000,0.15,20400.0,15200,Website
ORD04815,2025-12-15,CUST1042,Webcam,Accessories,South,4,3200,0.15,10880.0,7600,Website
ORD04816,11/09/2025,CUST1391,Laptop,Electronics,West,6,55000,0.1,297000.0,216000,website
ORD04817,20/11/2025,CUST1176,Smartphone,Electronics,North,4,28000,0.05,106400.0,82000,Marketplace
ORD04818,01-15-2025,CUST1274,Mouse,Accessories,north,2,800,0.1,1440.0,840,website
ORD04819,03/02/2025,CUST1303,Mouse,Accessories,South ,1,800,0.1,720.0,420,website
ORD04820,04/10/2025,CUST1004,Smartphone,Electronics,East,1,28000,0%,28000,20500,Website
ORD04821,2025-01-25,CUST1054,Webcam,Accessories,North,3,3200,0.2,7680.0,5700,Marketplace
ORD04822,2025-08-10,CUST1312,Laptop,Electronics,North,2,55000,0.1,99000.0,72000,App
ORD04823,2025-12-16,CUST1398,Laptop,Electronics,north,3,55000,0.15,140250.0,108000,Website
ORD04824,22/09/2025,CUST1209,Webcam,Accessories,West,3,3200,0.2,7680.0,5700,Website
ORD04825,2025/07/31,CUST1162,Webcam,Accessories,West,4,3200,0.15,10880.0,7600,APP
ORD04826,12-28-2025,CUST1362,Smartphone,Electronics,north,6,28000,0.15,142800.0,123000,website
ORD04827,10-04-2025,CUST1426,Monitor,Electronics,West,6,12000,10%,64800.0,45600,website
ORD04828,01-19-2025,CUST1151,Tablet,Electronics,north,3,22000,10%,59400.0,46500,Website
ORD04829,2025-10-06,CUST1051,Webcam,Accessories,north,4,3200,0.2,10240.0,7600,Website
ORD04830,2025-10-23,CUST1152,Tablet,Electronics,North,1,22000,0.15,18700.0,15500,Website
ORD04831,2025-05-04,CUST1159,Keyboard,accessories,West,2,1500,0.2,2400.0,1700,App
ORD04832,09/06/2025,CUST1110,Webcam,Accessories,South,6,3200,0.05,18240.0,11400,website
ORD04833,2025/04/27,CUST1335,Laptop,Electronics,EAST,2,55000,0.1,99000.0,72000,App
ORD04834,2025/04/02,CUST1052,Laptop,Electronics,EAST,5,55000,0.1,247500.0,180000,App
ORD04835,01-30-2025,CUST1203,Laptop,Electronics,North,5,55000,20%,220000.0,180000,website
ORD04836,01-10-2025,CUST1206,Headphones,Accessories,South,1,2500,0,2500,1350,Marketplace
ORD04837,2025-09-05,CUST1072,Smartphone,Electronics,East,1,28000,0,28000,20500,website
ORD04838,10-30-2025,CUST1140,Headphones,Accessories,West,1,2500,0,2500,1350,website
ORD04839,2025/12/15,CUST1079,Headphones,Accessories,EAST,6,2500,0.15,12750.0,8100,App
ORD04840,12/01/2025,CUST1288,Tablet,Electronics,East,3,22000,0.2,52800.0,46500,App
ORD04841,2025-08-24,CUST1340,Mouse,Accessories,North,6,800,0.15,4080.0,2520,App
ORD04842,2025/03/20,CUST1187,Mouse,Accessories,West,2,800,0.05,1520.0,840,APP
ORD04843,05-19-2025,CUST1258,Headphones,Accessories,West,2,2500,0.05,4750.0,2700,APP
ORD04844,11-06-2025,CUST1223,Laptop,Electronics,north,4,55000,0.15,187000.0,144000,Marketplace
ORD04845,13/12/2025,CUST1141,Headphones,Accessories,north,4,2500,0.1,9000.0,5400,App
ORD04846,2025-05-16,CUST1204,Smartphone,Electronics,South,6,28000,0.2,134400.0,123000,APP
ORD04847,09/09/2025,CUST1132,Monitor,Electronics,North,1,12000,0.2,9600.0,7600,Marketplace
ORD04848,2025/05/26,CUST1398,Tablet,Electronics,West,6,22000,0.15,112200.0,93000,Website
ORD04849,2025/01/10,CUST1028,Tablet,Electronics,South ,2,22000,0.15,37400.0,31000,APP
ORD04850,2025-09-16,CUST1169,Webcam,Accessories,North,4,3200,0.1,11520.0,7600,Marketplace
ORD04851,08-29-2025,CUST1395,Webcam,Accessories,North,2,3200,0.05,6080.0,3800,APP
ORD04852,2025-07-27,CUST1346,Monitor,Electronics,South ,3,12000,5%,34200.0,22800,APP
ORD04853,2025/03/06,CUST1338,Tablet,Electronics,East,5,22000,0,110000,77500,Website
ORD04854,11-24-2025,CUST1290,Webcam,Accessories,West,1,3200,0,3200,1900,website
ORD04855,19/01/2025,CUST1134,Headphones,Accessories,East,3,2500,0.05,7125.0,4050,Marketplace
ORD04856,20/03/2025,CUST1162,Headphones,Accessories,north,6,2500,0.15,12750.0,8100,App
ORD04857,2025-03-13,CUST1256,Smartphone,Electronics,South,2,28000,0.15,47600.0,41000,Website
ORD04858,05-23-2025,CUST1417,Laptop,Electronics,East,1,55000,0.2,44000.0,36000,website
ORD04859,2025-12-17,CUST1096,Keyboard,Accessories,South ,6,1500,0.05,8550.0,5100,Website
ORD04860,09/10/2025,CUST1183,Webcam,Accessories,South ,4,3200,0.2,10240.0,7600,Website
ORD04861,09-26-2025,CUST1261,Tablet,Electronics,East,2,22000,0.05,41800.0,31000,website
ORD04862,03-14-2025,CUST1200,Mouse,Accessories,north,4,800,0,3200,1680,Marketplace
ORD04863,2025-06-28,CUST1293,Laptop,Electronics,north,5,55000,0,275000,180000,App
ORD04864,2025/01/28,CUST1090,Webcam,Accessories,East,3,3200,0.15,8160.0,5700,Marketplace
ORD04865,2025-07-19,CUST1296,Smartphone,Electronics,West,6,28000,0.2,134400.0,123000,Marketplace
ORD04866,27/10/2025,CUST1019,Laptop,Electronics,EAST,5,55000,20%,220000.0,180000,Website
ORD04867,06-24-2025,CUST1016,Smartphone,Electronics,EAST,6,28000,0.2,134400.0,123000,Website
ORD04868,2025/07/18,CUST1255,Smartphone,Electronics,North,2,28000,15%,47600.0,41000,APP
ORD04869,2025/01/28,CUST1260,Smartphone,Electronics,South,2,28000,15%,47600.0,41000,App
ORD04870,2025-08-07,CUST1418,Keyboard,Accessories,South,4,1500,0.1,5400.0,3400,App
ORD04871,2025/04/22,CUST1120,Headphones,Accessories,East,3,2500,0.05,7125.0,4050,APP
ORD04872,06-25-2025,CUST1308,Monitor,Electronics,West,5,12000,0.15,51000.0,38000,APP
ORD04873,18/03/2025,CUST1182,Mouse,Accessories,East,1,800,0.05,760.0,420,APP
ORD04874,2025/09/14,CUST1278,Mouse,Accessories,North,6,800,0.2,3840.0,2520,App
ORD04875,18/06/2025,CUST1430,Webcam,Accessories,East,4,3200,0,12800,7600,Marketplace
ORD04876,03/06/2025,CUST1429,Tablet,Electronics,EAST,3,22000,0.2,52800.0,46500,website
ORD04877,09-27-2025,CUST1162,Monitor,Electronics,EAST,6,12000,0,72000,45600,website
ORD04878,2025-04-29,CUST1413,Webcam,accessories,north,5,3200,0.1,14400.0,9500,Website
ORD04879,09/04/2025,CUST1355,Headphones,Accessories,East,5,2500,0.15,10625.0,6750,Website
ORD04880,2025-04-06,CUST1088,Monitor,Electronics,EAST,5,12000,0.05,57000.0,38000,website
ORD04881,03-25-2025,CUST1291,Laptop,Electronics,North,4,55000,0.05,209000.0,144000,website
ORD04882,2025-11-29,CUST1288,Headphones,Accessories,South ,5,2500,20%,10000.0,6750,Marketplace
ORD04883,2025-04-23,CUST1088,Mouse,Accessories,North,3,800,0.15,2040.0,1260,Website
ORD04884,18/09/2025,CUST1028,Laptop,Electronics,South,1,55000,0,55000,36000,App
ORD04885,2025-01-22,CUST1149,Mouse,Accessories,North,5,800,0.1,3600.0,2100,website
ORD04886,2025/03/01,CUST1422,Monitor,Electronics,north,3,12000,0.15,30600.0,22800,APP
ORD04887,02-21-2025,CUST1029,Tablet,Electronics,north,2,22000,20%,35200.0,31000,APP
ORD04888,19/11/2025,CUST1062,Headphones,Accessories,South,4,2500,0.15,8500.0,5400,Marketplace
ORD04889,28/01/2025,CUST1064,Keyboard,Accessories,EAST,3,1500,0,4500,2550,Website
ORD04890,2025/12/20,CUST1311,Headphones,Accessories,EAST,2,2500,0.1,4500.0,2700,Marketplace
ORD04891,08-09-2025,CUST1210,Webcam,Accessories,North,4,3200,0.15,10880.0,7600,Marketplace
ORD04892,2025-03-26,CUST1428,Keyboard,Accessories,South,1,1500,0%,1500,850,website
ORD04893,15/05/2025,CUST1097,Keyboard,Accessories,South,4,1500,0%,6000,3400,Marketplace
ORD04894,06/12/2025,CUST1328,Mouse,Accessories,EAST,2,800,0.15,1360.0,840,App
ORD04895,2025/05/01,CUST1188,Laptop,Electronics,West,1,55000,0.1,49500.0,36000,website
ORD04896,2025-02-10,CUST1271,Laptop,Electronics,South,1,55000,0,55000,36000,Marketplace
ORD04897,09-13-2025,CUST1260,Mouse,Accessories,North,5,800,0.05,3800.0,2100,Marketplace
ORD04898,01-29-2025,CUST1324,Webcam,Accessories,north,2,3200,0,6400,3800,Website
ORD04899,2025-11-29,CUST1353,Tablet,Electronics,north,3,22000,0.15,56100.0,46500,App
ORD04900,10-10-2025,CUST1008,Tablet,Electronics,South,1,22000,0.2,17600.0,15500,APP
ORD04901,02-14-2025,CUST1090,Headphones,Accessories,South,6,2500,0.1,13500.0,8100,website
ORD04902,2025/05/24,CUST1127,Laptop,Electronics,EAST,1,55000,0.15,46750.0,36000,website
ORD04903,12-05-2025,CUST1404,Laptop,Electronics,north,4,55000,0.1,198000.0,144000,website
ORD04904,12/02/2025,CUST1331,Mouse,Accessories,West,1,800,0,800,420,Marketplace
ORD04905,2025/08/03,CUST1005,Laptop,Electronics,East,4,55000,0,220000,144000,website
ORD04906,2025-07-26,CUST1246,Smartphone,Electronics,West,5,28000,0.2,112000.0,102500,Marketplace
ORD04907,23/04/2025,CUST1353,Mouse,Accessories,North,1,800,0.2,640.0,420,Marketplace
ORD04908,2025/10/24,CUST1163,Webcam,Accessories,north,5,3200,0,16000,9500,website
ORD04909,04-22-2025,CUST1341,Headphones,Accessories,South,6,2500,0.1,13500.0,8100,Website
ORD04910,2025-08-02,CUST1101,Smartphone,Electronics,East,3,28000,0.1,75600.0,61500,APP
ORD04911,01-31-2025,CUST1381,Tablet,Electronics,North,3,22000,0.15,56100.0,46500,Website
ORD04912,2025-09-17,CUST1311,Mouse,Accessories,South,3,800,0.2,1920.0,1260,website
ORD04913,25/03/2025,CUST1070,Tablet,Electronics,north,5,22000,0.05,104500.0,77500,Website
ORD04914,2025-10-13,CUST1115,Tablet,Electronics,South,1,22000,0.15,18700.0,15500,Website
ORD04915,09-09-2025,CUST1054,Monitor,Electronics,north,4,12000,0.1,43200.0,30400,Website
ORD04916,2025-09-15,CUST1116,Laptop,Electronics,EAST,1,55000,0%,55000,36000,App
ORD04917,02/03/2025,CUST1427,Laptop,Electronics,South ,3,55000,0%,165000,108000,APP
ORD04918,24/03/2025,CUST1136,Monitor,Electronics,South ,5,12000,0.05,57000.0,38000,website
ORD04919,12-30-2025,CUST1218,Headphones,Accessories,North,4,2500,0,10000,5400,Marketplace
ORD04920,2025/12/19,CUST1158,Mouse,Accessories,North,2,800,0.15,1360.0,840,APP
ORD04921,2025-02-23,CUST1443,Tablet,Electronics,South,6,22000,0,132000,93000,App
ORD04922,2025/09/25,CUST1278,Webcam,Accessories,South,3,3200,0.15,8160.0,5700,website
ORD04923,2025/07/26,CUST1445,Monitor,Electronics,North,4,12000,0.2,38400.0,30400,APP
ORD04924,2025/11/21,CUST1190,Webcam,Accessories,West,3,3200,0.15,8160.0,5700,website
ORD04925,2025-12-06,CUST1020,Tablet,Electronics,East,4,22000,0.15,74800.0,62000,Website
ORD04926,30/07/2025,CUST1289,Mouse,Accessories,West,6,800,0.05,4560.0,2520,Marketplace
ORD04927,12-20-2025,CUST1229,Smartphone,Electronics,South,4,28000,0.15,95200.0,82000,APP
ORD04928,08/07/2025,CUST1069,Webcam,Accessories,South,1,3200,0.1,2880.0,1900,Website
ORD04929,2025-11-23,CUST1084,Tablet,Electronics,EAST,6,22000,0.2,105600.0,93000,App
ORD04930,2025-10-29,CUST1262,Headphones,Accessories,South,3,2500,0.15,6375.0,4050,website
ORD04931,17/12/2025,CUST1350,Monitor,Electronics,North,-1,12000,0.2,-9600.0,-7600,Marketplace
ORD04932,05-25-2025,CUST1435,Keyboard,Accessories,South ,3,1500,20%,3600.0,2550,APP
ORD04933,27/05/2025,CUST1150,Webcam,Accessories,South ,4,3200,0%,12800,7600,Marketplace
ORD04934,2025-10-27,CUST1315,Keyboard,Accessories,West,2,1500,0.15,2550.0,1700,App
ORD04935,2025/11/20,CUST1083,Webcam,Accessories,West,4,3200,0.05,12160.0,7600,Website
ORD04936,2025/02/12,CUST1031,Smartphone,Electronics,EAST,1,28000,0.1,25200.0,20500,APP
ORD04937,09/02/2025,CUST1366,Monitor,Electronics,West,4,12000,0%,48000,30400,Website
ORD04938,2025/09/22,CUST1016,Laptop,Electronics,South,2,55000,5%,104500.0,72000,Marketplace
ORD04939,2025/07/17,CUST1361,Monitor,Electronics,North,4,12000,0.05,45600.0,30400,Marketplace
ORD04940,28/07/2025,CUST1440,Keyboard,Accessories,East,3,1500,0,4500,2550,Marketplace
ORD04941,2025/10/28,CUST1099,Keyboard,accessories,South,6,1500,20%,7200.0,5100,website
ORD04942,2025-04-13,CUST1228,Webcam,Accessories,East,6,3200,0.1,17280.0,11400,App
ORD04943,2025/06/16,CUST1187,Headphones,Accessories,East,6,2500,0%,15000,8100,website
ORD04944,2025/01/11,CUST1248,Webcam,Accessories,North,5,3200,0.15,13600.0,9500,App
ORD04945,2025/05/16,CUST1140,Headphones,Accessories,North,2,2500,0.1,4500.0,2700,Marketplace
ORD04946,04-21-2025,CUST1376,Laptop,Electronics,EAST,5,55000,0,275000,180000,APP
ORD04947,2025/05/22,CUST1186,Webcam,Accessories,South,2,3200,0.2,5120.0,3800,App
ORD04948,22/08/2025,CUST1219,Laptop,Electronics,EAST,3,55000,0.2,132000.0,108000,Marketplace
ORD04949,01/05/2025,CUST1331,Tablet,electronics,North,6,22000,0,132000,93000,APP
ORD04950,18/02/2025,CUST1418,Mouse,Accessories,West,2,800,0.2,1280.0,840,App
ORD04951,2025-06-12,CUST1056,Smartphone,Electronics,EAST,5,28000,0.15,119000.0,102500,APP
ORD04952,28/03/2025,CUST1001,Monitor,Electronics,West,2,12000,0.2,19200.0,15200,App
ORD04953,2025/05/03,CUST1252,Mouse,Accessories,West,6,800,0.2,3840.0,2520,website
ORD04954,2025/07/24,CUST1072,Webcam,Accessories,EAST,1,3200,0.15,2720.0,1900,App
ORD04955,02/05/2025,CUST1042,Headphones,Accessories,South,5,2500,0,12500,6750,Marketplace
ORD04956,2025-08-10,CUST1394,Tablet,Electronics,South ,6,22000,0.05,125400.0,93000,Website
ORD04957,22/10/2025,CUST1272,Keyboard,Accessories,north,4,1500,15%,5100.0,3400,App
ORD04958,2025-02-09,CUST1204,Smartphone,Electronics,South,3,28000,0.1,75600.0,61500,APP
ORD04959,2025/09/07,CUST1449,Webcam,Accessories,South ,6,3200,0.1,17280.0,11400,App
ORD04960,22/04/2025,CUST1201,Keyboard,Accessories,North,2,1500,0.15,2550.0,1700,App
ORD04961,06-24-2025,CUST1244,Keyboard,Accessories,North,3,1500,0.05,4275.0,2550,Marketplace
ORD04962,2025-05-13,CUST1001,Monitor,Electronics,north,4,12000,0.15,40800.0,30400,Marketplace
ORD04963,08/12/2025,CUST1296,Webcam,Accessories,South,6,3200,0.1,17280.0,11400,Marketplace
ORD04964,06-03-2025,CUST1163,Mouse,Accessories,EAST,3,800,10%,2160.0,1260,APP
ORD04965,30/11/2025,CUST1367,Tablet,Electronics,North,4,22000,0.1,79200.0,62000,Marketplace
ORD04966,2025-12-09,CUST1361,Webcam,Accessories,South,4,3200,0.05,12160.0,7600,App
ORD04967,2025/01/14,CUST1084,Tablet,Electronics,East,4,22000,0,88000,62000,APP
ORD04968,08/03/2025,CUST1002,Headphones,Accessories,West,2,2500,0.2,4000.0,2700,APP
ORD04969,2025-03-10,CUST1304,Laptop,Electronics,South,5,55000,5%,261250.0,180000,App
ORD04970,19/01/2025,CUST1100,Smartphone,Electronics,South ,-2,28000,0.05,-53200.0,-41000,Marketplace
ORD04971,09/09/2025,CUST1300,Mouse,Accessories,north,1,800,0.05,760.0,420,Website
ORD04972,27/03/2025,CUST1432,Laptop,Electronics,West,1,55000,0.05,52250.0,36000,APP
ORD04973,10-20-2025,CUST1108,Mouse,Accessories,EAST,3,800,0.2,1920.0,1260,Website
ORD04974,2025/04/29,CUST1242,Smartphone,Electronics,North,3,28000,0,84000,61500,App
ORD04975,09-04-2025,CUST1075,Tablet,Electronics,North,1,22000,10%,19800.0,15500,APP
ORD04976,09-19-2025,CUST1059,Headphones,Accessories,North,5,2500,0.05,11875.0,6750,App
ORD04977,2025/03/13,CUST1353,Webcam,Accessories,East,4,3200,0%,12800,7600,Website
ORD04978,2025/02/22,CUST1127,Headphones,Accessories,South ,5,2500,0,12500,6750,Marketplace
ORD04979,11-11-2025,CUST1266,Laptop,Electronics,East,1,55000,0.05,52250.0,36000,App
ORD04980,12-24-2025,CUST1336,Tablet,Electronics,EAST,5,22000,0.15,93500.0,77500,APP
ORD04981,2025/12/20,CUST1026,Headphones,Accessories,North,4,2500,0,10000,5400,APP
ORD04982,12/02/2025,CUST1178,Laptop,Electronics,North,2,55000,0.1,99000.0,72000,website
ORD04983,2025/04/02,CUST1215,Laptop,Electronics,North,3,55000,0,165000,108000,Marketplace
ORD04984,08/12/2025,CUST1439,Tablet,Electronics,North,1,22000,15%,18700.0,15500,Website
ORD04985,23/12/2025,CUST1371,Headphones,Accessories,East,5,2500,0.1,11250.0,6750,APP
ORD04986,2025-06-21,CUST1142,Mouse,Accessories,South,2,800,0.15,1360.0,840,website
ORD04987,2025-05-16,CUST1422,Laptop,Electronics,West,6,55000,0,330000,216000,App
ORD04988,10-12-2025,CUST1291,Keyboard,Accessories,East,3,1500,0.05,4275.0,2550,Website
ORD04989,12-08-2025,CUST1439,Monitor,Electronics,West,6,12000,0.2,57600.0,45600,APP
ORD04990,27/02/2025,CUST1138,Mouse,Accessories,South ,4,800,0.2,2560.0,1680,Marketplace
ORD04991,2025-10-01,CUST1017,Laptop,Electronics,West,3,55000,0.2,132000.0,108000,APP
ORD04992,16/06/2025,CUST1043,Monitor,Electronics,north,5,12000,0.2,48000.0,38000,App
ORD04993,2025-07-19,CUST1172,Laptop,Electronics,north,6,55000,0.05,313500.0,216000,APP
ORD04994,2025-01-14,CUST1029,Keyboard,Accessories,West,1,1500,20%,1200.0,850,APP
ORD04995,2025/07/12,CUST1168,Laptop,Electronics,West,3,55000,0.2,132000.0,108000,Marketplace
ORD04996,10-24-2025,CUST1444,Headphones,Accessories,West,6,2500,0.2,12000.0,8100,website
ORD04997,20/06/2025,CUST1393,Mouse,Accessories,north,3,800,0.15,2040.0,1260,APP
ORD04998,21/09/2025,CUST1090,Laptop,Electronics,north,4,55000,0.2,176000.0,144000,website
ORD04999,2025/01/21,CUST1378,Mouse,Accessories,South,1,800,0.15,680.0,420,App
ORD05000,2025/06/17,CUST1237,Monitor,Electronics,East,1,12000,0.2,9600.0,7600,Website
ORD00131,13/12/2025,CUST1273,Tablet,Electronics,EAST,5,22000,0.1,99000.0,77500,website
ORD00923,19/05/2025,CUST1385,Smartphone,Electronics,EAST,5,28000,15%,119000.0,102500,website
ORD01778,2025-11-10,CUST1046,Mouse,Accessories,north,1,800,0.1,720.0,420,website
ORD03000,09/08/2025,CUST1251,Laptop,Electronics,West,4,55000,0.1,198000.0,144000,website
ORD04211,2025-11-17,CUST1171,Webcam,Accessories,EAST,4,3200,0.1,11520.0,7600,App
